artist_id,name,spotify_genres_raw,genre
0f7eec7dfc8262acfcaa0d,다레기,,
7aa8f1ca482407d6c18dd0,고추잠자리,,
a68c88cff869e042f63165,뷰티풀너드,,
bdeb2281ca1819df13d6d7,$$Double-Dolla$$,,
43ed1420bdfaaf6c7f626e,$A Lil Van,,
d34ddc899034f0a1825dc8,$hirak,,
667118d18dd1faa7c36661,$ikario a.k.a Panemera panama,,
ef8bb252003e2791af8c9a,$kinny,,
fe2b6d0fdc16e009be40fe,$OHO BANI,,
4e8a2a5711ad487391575d,$onny,,
c4ac26758004746bcd7c14,$ONO$ CLIQ,,
acb86ac4b80706d990e942,$ourJ,,
f91606d4ff668e6e689655,$uicideboy$,,
3ac0cae8f1d220e6bc3d2d,¥$,,
fad1fa20af32774e4780ec,01099,,
6a2590c08c02977c694a17,015 MusiQ & Van City MusiQ,,
949562c9fe9c460954b0d0,01an,,
97ad05ed227651af49d2fa,031CHOPPA,,
17317c8720d809e5cd66b0,03 Greedo,,
a797fb58adca350a05226b,0-600,,
5c4b5aa3dc9e6f44e90c2d,070 Shake,,
4cf3be18bed262b6441368,0msgdsya,,
72113f26e4dbe23477e88f,100 First Songs' Participants,,
e1c04dbfd4d17ed8b50073,100лиця,,
03e0704b5690a2dee1861d,1019,,
f17505f4517b5777f9b258,102 Boyz,,
a3f0b61fa3c04c9a674d1f,10CM,,
202137911d2e38bbfc430e,10-FEET,,
8597a6cfa74defcbde3047,1119,,
cf685951d0166654b94879,12os Pithikos,,
af37c89a949c1c9fddaa95,13K,,
60b6cc87dbf7c7a825390d,13 Killoki,,
a95435e9729a6e620e0616,13Many,,
f9acfaa3eec8d60230b5fb,13 Organisé,,
223ad17fe35347dbf69ca5,14 Casper,,
b7201d956d95e871f05539,1550 Collective,,
2c0ec42f60fc8568f75c68,163ONMYNECK,,
4c2190eaf6a88e92921031,16 BrT,,
93104f4219a5bce871ae55,16 Typh,,
6be49badb423d04e1f8613,187 Strassenbande,,
2008e1d975f3768d8c1a2a,1986zig,,
74be1f156343ebf4613bfd,1.Cuz,,
f46c148e70163d8e246b30,1D1R,,
fb4e2724ecc840b7860594,1da Banton,,
6c0237fd899a82d828c777,1hellion,,
4578dc23560ae7b567c545,1Jonne,,
44792c15155bf5e2590d2b,1.Kla$,,
a31069b79211ce5820b7fc,1olliee,,
dcf514dc26067438077987,1wayzayys,,
aebf7782a3d445f43cf30e,2050,,
bdc4626aa1d1df8e14d80d,2115,,
4228cb7574cec67554c679,212MUSIC,,
dd928ff63887886ba74de4,21 Savage,,
37693cfc748049e45d87b8,23,,
6e14abb5c993b3d49ecdc7,2462 Secte,,
5ced9e555fd8ad68effb1c,24hrs,,
580ca2de28ce2e8ead7791,24K,,
8e296a067a37563370ded0,25,,
fe131d7f5a6b38b23cc967,255,,
3b64f91990115de6c7debf,25K,,
eda80a3d5b344bc40f3bc0,267,,
c6940d08fb286bc5de8a81,26is,,
dbebb6d59e5e49f1d891da,291i sng,,
49b98a1fd3839d834d3abb,2 Chainz,,
03fad6d740ae400a1587dc,2Dee,,
eedac35366e013698ee0ba,2Ectasy,,
9215b37137af750e971204,2 Engel & Charlie,,
406e83645d1af48e22194d,2hug,,
492bb8c6c4f80a1bc1920e,2K,,
7be4fd4beef26ef3ce9635,2KE,,
a337a88ffb1e731d3d805a,2latefor,,
ae3a9eac1ddbf391be173d,2mochh,,
4f0452235e90228dd229b7,2nd Roof,,
42945b1db08c30371db69c,2pillz,,
7430717d2a4f9df5a7f341,2Point1,,
e809b46f0d2e4aef2ca67f,2T.,,
ef76f28e8fd9a596e391cc,2T FLOW,,
f5ffe402f55a5393889480,2woBunnies,,
d50b9525b706c0b28194f8,2woshort,,
2feb8ab116dd600f1c8d91,361Ufuk,,
54064b212b49dcdc840ab6,372Kaspar,,
ee61b93524322648e4c6d7,3adatu stagars,,
76aa96369abbba52e621bf,3D,,
173e744e64804ef7734de6,3DayWkend,,
19a1b1158e69a82ca138b1,3enba,,
3a2aa683f3d01a245c03aa,3imad,,
4eef89181d8ba4f01aa5fd,3P,,
a7326dbbe7cded1d349637,3rd Silhouette,,
026e9959ef705ad3fe4ed5,3robi,,
4f4adcbf8c6f66dcfc8a32,404,,
701ffd3ce2542feb572c24,40k,,
3416a75f4cea9109507cac,41,,
6317475ad83b615d37495a,4 226,,
755075012ba767d0518598,42palmundo,,
f5f8590cd58a54e94377e6,450,,
44f538a42c52baba07cee7,4batz,,
52e5d1fda88dfc19d0f550,4Mat B,,
6b0c496b3de0bfbc83106e,4Money,,
59ecfe933a44f8bb96b880,4njuice,,
7dfd6afce89365cc789177,4orty7 Santana,,
82c585592686d2e566de04,4ourYou,,
c0cf9d91c75c161d074fd0,4s Street,,
659897912ea60992df64c6,4yye,,
faba8d4ac1b5880ef64a5d,50 Cent,,
5b327d4bdb4c9f267ef646,52Hz,,
eedab982c8983b584766ce,53a,,
b13dd7f7ada7c48139c192,53A,,
fe6981240d265b0bdd53de,53 UNIVERSE,,
dd684e606f6cfcde9c8c25,58G,,
0c5ff345a74805af32712a,5mewmet,,
1bd5a95c6d7fff347c6926,5MIINUST,,
18bc963752cd1de09a7134,5 Seconds of Summer,,
76696dd0e1f2ba2cde9d23,5sta Family,,
075b051ec3d22dac7b33f7,6363,,
76c608f6fe767878b0067c,69 Danguje,,
34495288a80fe820b00b28,6arelyhuman,,
7699ac474b32c4acfaa76c,6ELLUCCI,,
50aa5306f054b484f2e047,6PM RECORDS,,
6831dc1809c3415bdf194f,6RB Music,,
5211ef64e32a6a9f078a7c,6YNTHMANE,,
b2cfdaf3f841c785617ce1,730 Huncho,,
edf9fce8c3e6603fcc8369,74 Original Suppa,,
03f4dfe805b02d8123f42b,7ari,,
90df2b789126b9c50c3926,7dnight,,
44c4d6ea4ff95192b4d419,7hvrdx,,
bea91bd85b05972123f1c5,7liwa,,
fba71717c3d91e111d8854,7-Toun,,
52aafde145cd08e9e1bfe5,7Vibes,,
1ea976ae3f7d4e7b03119c,808iuli,,
01680d503975b0fc59af4c,88rising,,
5562d5401219210e036efd,8belial,,
cef8d02e0297170a772981,8blevrai,,
53fdbdb6c376d21cc27ea1,9000 HÅB,,
bad0afe201de1a19667838,98 Prynce,,
aa083e24083d7ab2c13516,9mice,,
a8478ff94c7f4bb0c69b61,A$AP Ferg,,
b23bf3d133e87387964e71,A$AP Rocky,,
646d783b7edcb8fe4720ff,A$hy Baby,,
c90bc5fd6b41bbef81ec9a,A$THMA BOYS,,
f537202769d05c11964b15,A36,,
6c0afff462be9eb4aad685,A5rass - الاخرس,,
c7b2315cf552808a5ac7a6,Aan Story,,
052645221b9aff53cd692c,Aarne,,
2e5137e782d6b4d11b852b,Aarne Tenkanen,,
70219d35c08be996658ffb,Aaro630,,
1528b5b12eebab6d961c1d,Aarohi Raghav,,
a17dfb4b64c5381ae363cf,Aaron Modesto,,
b2bdc26300dfafa8d959d6,Aasa Singh,,
b8449bdeacd0a5cbb1abd7,Aashir Wajahat,,
e5fb2d76bfd7b64859f031,Aatulove,,
de88b1d1abf69a8537aed2,ABBA,,
0af878d7eb0f83cd8edf57,Abd El Aziz Mahmoud,,
7d71d77882c8d258fe44b3,Abd El Basset Hamouda,,
2b8da13b49c8286fa22667,Abdou Gambetta,,
a2867737549ee36cf17391,Abduh,,
02bf2f698d14434307304f,Abdul Hannan,,
2185ef02cabec5d86456cf,Abdul Kadir,,
80535b5741334213087839,Abdullah Maharvi,,
25837f3b3ee3b693356686,Abdullah Siddiqui,,
1e89dd32a3fcdcd41f1667,Abdul Majeed Abdullah,,
c801d3fc1f66c20f1ea4ee,Abeer Nehme,,
933631eda55c24ce899daf,Abel e Benício,,
87f4415d4cd44fa1105236,Abel Pintos,,
9810b4de1bf1869168f9ad,Abhijay Sharma,,
d476cc0d9415ade18f58af,Abhijit Vaghani,,
d4fe67316349f6a34524e5,Abhilipsa Panda,,
4f7b6463065a26801873a8,Abhir Hathi,,
5679579ae833c24edfcf07,Abi,,
e11fc2c9bc8bb326211236,Abi wa Mampela,,
47d16df0fec528a3bd7817,ABMPXC,,
92cae64320e402bb9af00b,Abor & Tynna,,
1dcdd97507c56da03c8de3,Abou Debeing,,
5158d362d3eab748317686,Abraham Mateo,,
9d1d0add4c993862cd77d5,Abraham Wayne,,
ac77bfcafd43064156dbe4,Abrar Khan,,
5e5bd0bdf80d2addd8f2bd,ABREU,,
e6eeef69212da4de9f8841,ABS-CBN Music All Star,,
24fc8ebc7a5e665922a563,Ab-Soul,,
dac0a9dcf476624078ca01,Abudu,,
7d2fd320727f88c9c68b38,Abyusif,,
f4915a0f9c0adb3aaeb3ba,acab beats,,
2ced0a8787e05626858dfd,Accaoui,,
d924ae6948d8b7f2d5c4f3,Acda en de Munnik,,
2284399857f7b5e1b8ceec,AC/DC,,
d8e2148f1db69b15a7ea17,Ace of Base,,
6f848176a90e46e761dc35,Acha Septriasa,,
8d55bcf5cabbcb2e1dd344,Acheh,,
0f8da4617e275fd5b590c6,Achille Lauro,,
e1979485cba4db7b974111,Achint,,
e1a61c07c1135aa91b4a42,AchtVier,,
285f27ca5caf36da7c07ad,Acid Danee,,
46c4ac930afb89aa5c8546,ADAAM,,
7efd721c8bfff2937c6623,Adam,,
f0ab48f0c8d649fe963113,Adamlar,,
6cbb07d7627a02a0e17dbf,Adam Mišík,,
cf74153d0508d028defd06,Adam Port,,
46d004c7df583c0950c2c1,Adamson,,
02113890295ffbe91e6a39,Adam Woods,,
a9a6fdf7080bded60e144f,Adan La Amenaza,,
4a1db7c2d8fe83a56177dc,Adash,,
0ce5c0149ce6ee3054cbfc,Addison Rae,,
67354d76887b0e977c6b4e,Ade Govinda,,
e65554b80c25899583370e,Adekunle Gold,,
6600d6fe20b991864f7e2c,Adel,,
a5c59c0315098e6d67bb57,Adele,,
129bbec1b9a54414613523,AdelinMM,,
5bd32a1fd9ead91729e8c6,Aden Foyer,,
46bcc8c59060d2fb7e949e,Adexe & Nau,,
0b0967f996505e6b483d02,Adexmimaxx,,
e782a7fe65ecc7bfb859d6,ADF Samski,,
b509760041ff834932d250,ADH,,
d98d9168137ccf9c6fb4ad,ADI,,
b800f922d2ff54898ed018,Adi Bity,,
b0d73a3ac496141312791e,Adie,,
38a8d1e58f48fafb1c4338,Adil C,,
8646d0073bc9c3e02af3f7,Aditotoro,,
a24c730a3e3d317cd580ef,Aditya A,,
872ca06dce450ab3dfdbaf,Aditya Gadhvi,,
e607f7bce22dd7a820ca8e,Aditya Rikhari,,
28eb019ccf08c1dd2ae45c,Aditya Sharma,,
db1e519447605c73b55ccf,Adnan Dhool,,
965583ee48e4e1a90d22b3,Adnan Sami,,
d67acde00647e8f381460e,Adnin Roslan,,
6a3a4d21966b4ef5988214,Ado,,
3346be8cd70ca06df368ce,Adolescent's Orquesta,,
d2ba8f2b35bd9865a9378a,Adolf Fredriks Flickkör,,
4c115e23a060653471d590,Adolf Fredriks Musikklasser,,
477ef0362e53e584fe00e3,Adolf Fredriks Ungdomskör,,
3fa76bdddfbc8cac543258,Adolfo Echeverria,,
875c04d5751856ab5bd74e,Adolphson & Falk,,
fa5d692c69d62a8f415c48,Adomas Vyšniauskas,,
567cfea8637fb4167e653a,ADPT,,
495a2af8911d44558bd99c,Adrian Khalif,,
c8adac1eba4b604061f828,Adrian L Santos,,
8452673669548b74d615ae,Adrian Macéus,,
acfe4136d003f9d997e899,Adrian Norocel,,
e68a043301a8f6f605dfc2,Adriano Rhod,,
223544008969ae30c6e81e,Adrian Perez,,
55403ee65270966df6b90a,Adrina,,
89df653ebeac30fb1bff4f,ADSO,,
02f24b8834d1c34dd51ef3,Aeon,,
776f49e71610201237dbea,Aerix Wild,,
e8864da8cc09df16ad079c,Aerozen,,
31140908fbdfd52510ea74,aespa,,
7a84db4e860d8f38656ce4,A-Europa,,
2265a2cc35521144a3de84,Aezaddy,,
53baeb00d3e0c906403330,Afgan,,
40ab27df78afbff8a84a06,Afra,,
a8933d90250a2104562fc8,Afro Bros,,
d00d3138417f22caceeb9c,AFROJACK,,
7d638d634744622385f289,AfroSelecta-BBK,,
a54220e24919de03bce565,Afroto,,
c0a867753dd7cd1de0f689,Afsana Khan,,
15425a1b5e1a555fd69ce2,Afusic,,
6b712da7b7ccf80851beb0,AG,,
124c60d67c0fef3514062a,Agam Buhbut,,
e313dd1b739dee8ae00dd3,Agape,,
4154bce963370d404904c0,Agatino Romero,,
bacc5f2a831f9ac292ca21,Agnė Ditkovskytė,,
c2e2dbc810a8f7a5a9fdc1,Agnieszka Chylińska,,
e365ea9a3fd59be3e03f94,AgroPlay,,
40a0c603979e09d7ce4a7e,Agrupación EUPHORIA,,
92175f114d5c767f0181ab,Agua Marina,,
2d8960baa877b7fbf1e1b5,Aguero Banks,,
d684434167dfefcf24f689,Agus Padilla,,
1a4cb61026d1c03726e961,ÁGÚST,,
e032d0be14de51a3e934a2,Agust D,,
160a53fcc7832a3a59e689,Agzo,,
82dd1c27a6fa4f251f0eef,a-ha,,
f3a906de19d3307ece4106,Ahad Khan,,
664d2672b67735faefd25d,Ahiyan,,
f02aac9f4b493aeba41963,Ahmad Alsultan,,
e62e42d30ac710dd107863,Ahmed Al Ali,,
0fc1ddc916d873beedecf4,Ahmed Alwi,,
90f0824cdd59f1264bf128,Ahmed Bukhatir,,
5f2f35d2f21ed8d1cbdcb6,Ahmed Hamoody,,
61ffa742784ada44696df7,Ahmed Jahanzeb,,
7da5fb51e202b7a375361b,Ahmed Kamel,,
fdc2393f47cf2d467ac617,Ahmed Saad,,
74386723c5dff07295d17f,Ahmed Santa,,
46c0c8e63a9fa41295e14e,AHTI,,
0a40e3c91a3a55c9a37428,AI,,
45f558d650894d8f9ef822,Aiba,,
77f20779238297b0e96432,Aida,,
22a491975dd2499fc666ac,Aiden Smith,,
73bcba1e3dfcf60abf7aaa,AIGEL,,
543219d3f484485cb72b54,AikaPoliisi,,
4577c26c436a6c817fdc4c,aiko,,
c3d2932936d42b35cfeb4f,Aiko,,
0983418f26ad6d984116c9,Aikyn Tolepbergen,,
6f88f126fdafdfbc1d2ec3,Aimee Carty,,
b80dfbb7ac24fcae01aab4,Aimyon,,
c3942f6feb540dbc8c0a9f,Aina,,
7587bfa54517cff6232a32,Ainars Mielavs,,
34c00eb326073539ae2b68,Airbag,,
fc433c917883e9d1ba656e,Aishah,,
e9cde31ec97237943218b8,Aisha Retno,,
b3393e1a66e5be7dd7eba0,Aissa,,
7c939854b425aa746465f3,Aisyah Aziz,,
6a006eaa3c3c9dd861b753,Aitana,,
9b5228046642d6315755c2,Aitch,,
acc032deeed574ef3e1c06,Aizat Amdan,,
ae524b07c79ef490f8ebdd,Aizaz Ahmad,,
4de7254e0fbf6d12313023,Ajaxx,,
64efb5fc1702a25c92fb8f,Ajay-Atul,,
ee26cab8bb8a73fa543beb,Ajay Gogavale,,
f973c953c8b89aaf91655f,AJÉ,,
446fa97c25fdac3441a262,Ajebo Hustlers,,
827472e625125a29d3295b,ajsa luna,,
84a195f3e6fa07cf2ca29a,AJ Tracey,,
aba47676fb8371cf70f332,AK 33,,
193c7b9290822d59725047,Ak4:20,,
a0e3d7714a788ee5163f91,Akapellah,,
876369e08f1fd9f5aa2bb3,AKASAKI,,
d78dda0b07615239f45b47,Akashdeep Sengupta,,
af162c31e9427bf8e393de,AK AUSSERKONTROLLE,,
f3e32468f078de80606189,akca,,
1c17100996deee3338bc82,AKC Misi,,
f480412f796165ba251475,AKDO,,
2aa002d0f510394ba50a1f,Akeem Da Beat,,
e5cb3060d89e28ce389c63,Akhil,,
30dcd48a577611084cdf4d,Akhil Sachdeva,,
126f070d277c4c2566f123,Akim,,
1400eaf7fb49ed53f5a635,akimmmich,,
e7db26e19b0a8f1f44b8bc,Akiva,,
762f52ecd108f52934dd43,Akkimwaru,,
3eadee96d5896890e6af32,Aklì,,
bc6b8b3b071947f3822551,AKMU,,
d9b2e277d62d151a940f83,AKOA,,
fa06c627b1210df87bcf8b,Akon,,
3b701c732e2307d2f4ac91,AKRIILA,,
32f64260f0bf130c6a2339,Aksan,,
f6d459a43cdaef1e8ce941,Aksel Hennie,,
f8b5f38b4f04eefc30cde0,Akshath,,
a846feb4921f90a8fabc7e,Akucum,,
579d1035800c9b4369b1fe,Al2 El Aldeano,,
9617d715f27750630c0fb4,A.L.A,,
2f942cdbcbb80f1209268a,Alan Arrieta,,
ee4359524ec224f88160f7,Alan Dazmel,,
4fb08c4ee89ea8de1421fd,Alan Gomez,,
a6f0e90854f24a2d69238a,Alan Matheus,,
ffac17c9082856bdf7ffb8,Alan Murin,,
965dd2531ca8917510c7d2,Alan Walker,,
6fe5568c21df4cdade6afe,Alanzim Coreano,,
fbe6c5ada567f7ce3ccb32,Alaska1867,,
0a4d89358180fca2e54a11,Albatraoz,,
2c7c7cfc6fda13471aba25,Albatross,,
be0b06c6ee8aec7a967c69,Albert Heath,,
2e9624e66c27609b1727c3,Albert la Ley,,
797ba7ef79c8908a838b07,AlbertNbn,,
098a50f333b9fc79b806dd,Alberto,,
41aaab90726102cb8c9fdd,Alberto Guta,,
b33685866c2d06414ae133,Albi,,
3bdb848dd79ce15adc0e62,Albin Johnsén,,
94bf1e82eeef096124be0c,Albin Lee Meldau,,
e7792b6bf478af6b923f0d,Albin Tingwall,,
2f5a5259fabee8189fb1a1,ALBLAK 52,,
6225ac163fc9098271139f,Albozz,,
ea016c012ad339f8ea8ed3,Alcemist,,
ccf33a3d4ed4e233989ad0,Aldair Productions,,
745e83237cf6b17ebfb89d,Aldi,,
0756b620678dceef75bc9f,Alduts Sherdley,,
f40f1b0923c35568f417ae,Ale,,
f113a4eeec92fbe09d72e8,Alecc,,
defb3e01216521bc46e13a,Alec DC,,
0bf2e11754c6857230893e,Alec Roman,,
7454982ab37dd88d420220,Alef Donk,,
8c0aa477fd4cb47f77edcf,Alejandra Mango,,
ac5c1990a01f24df9013d9,Alejandro Armes,,
d4ba56ccfb3af3e04bf93e,Alejandro Fernández,,
fd9c970defefbafbff75bf,Alejandro Neg Barrera,,
5ca781afbea704a5fd4594,Alejandro Sanz,,
41b74005e2c987907246c6,Alejandro Torres,,
3abb1e2d6eaf214a27b6b0,Alejo Isakk,,
e04148dba48c1564fabc9e,Aleksandar Vidakovic,,
3cbfa33db66b830bfcf47e,ALEM,,
240c83491e8c44aa21f110,Alemán,,
698a6087e0f9ea7430e5f6,ALEMVN,,
9d82ce9ef47f90f733b26f,Alena Omargalieva,,
b8009001e8b213cdfbc3f6,Ales Brichta,,
26c5553e8cdc13b234ea30,Aleshen,,
70c8a0bcb08f998d8057de,Alessandra,,
6a94aa9e98a411bed315ff,Alessandra Amoroso,,
c3da2793a0fb5737bec2ca,Alessandro Corea,,
babee1ddad4f2342fbe3e7,Alessandro Marzullo,,
dee927e28cc39567b04117,Alessio,,
893b8462136cefb2a3d7a6,Alexa Ferrari,,
88e34b0471d7371ebe7da6,Alexa Kayl,,
0fd7f547ff535c173853c2,Alexander Lacher,,
f855082616f2618b96c3c5,Alexander Oscar,,
fdff0c286318fee390852d,Alexander Rybak,,
ba0e96b9267db6b2718f50,Alexandra Joner,,
47504269e9026dfd88acfd,Alexandra Rotan,,
5b89fb7f81de562257e5f6,Alexan Dro,,
c865bc63d3aa6f9516cf02,Alexa Sotelo,,
511e340286c3057550d725,Alex Aurin,,
6cb846580b277b89b8fd1b,Alex Bittman,,
2c3ea5a224de175539f4fd,Alex Botea,,
bfad14621900c1acdc13df,ALEX CALDAZ,,
7a9f90c2f0ece3ef933bd6,Alex Favela,,
bba778beadf48cbc6cea9c,Alexis Fernández,,
dd35076c5d985591db5872,Alexis Marrero,,
69f2b1ceddc0ec0bde80fa,Alexis y Fido,,
b7dcba2649689be242fc19,Alexito OTB,,
470ebebc4830aa366b4ba4,Alex Krack,,
78e32bca3950150c874fac,Alex Nocera,,
8f293f2efbf425cf5429b5,Alex Ponce,,
3349632e90b8a5b44b95dd,Alex Robov,,
6678aeb8193ef5c340e007,Alex Rose,,
0afb8f9637c64e52edb80a,Alex Roxario,,
17ca009af8cb28a96bd30f,Alex Sensation,,
0413d8d72ddd04b5764c8a,Alex To,,
039a2233cb7273724f0a0a,Alex Velea,,
e78634baf814046ad000ac,Alex & Vladi,,
1c0b17719e2ea839ef5a64,Alex Warren,,
5a5123d7395a7012ef9295,Alex Wyse,,
f8d1cf280531c18ab84927,Alex-X,,
949490046592cd7b8da094,Alexxxasha,,
21e55fd055a2a93856a282,Alex Zind,,
2c0c0b1dd709f3cbd23410,Aleyna Tilki,,
a8a465b0e352a8e6328b39,Alfa,,
c8b1622d0ded1166826b45,Alfaaz,,
07c493e23ce946163dec66,Alfie Zumi,,
1d7acc6d212744062323b7,Alfonso Vélez,,
9e7b61dd1047be1f2688ac,Alfredo Olivas,,
7c70f6d462f1d6ac438a67,ALHANNA,,
0a20cd5f0f55173e9dd1d2,Ali471,,
94effb62b7350c483c82b3,Ali Bader,,
a07408ecaca57008e44fd2,Alican Genç,,
730b13765787de9db73837,Alicia Keys,,
6adec74530e0a57e09cb09,Alien BSC,,
3d8b8ef0808f5d3cc5b56a,Ali Hamza,,
b8bd78b1710c0b6bf67c12,Ali Hoàng Dương,,
a52e83e8e46cd7e803d92a,Aliisa Syrjä,,
9faffbf335f5c5266fb007,ALIKA,,
f0202ff4980f8f158ae1f9,Alim,,
160619447477d3e72c9f29,A-Lin,,
39110f80a05e32b3f8abda,Alina Burnet,,
b6700e61ef9bf0402383f5,Alina Eremia,,
5358a9f97ec2fc524fd391,Ali Rabee,,
5f451d99b239ae9b25a78a,Ali Raza,,
8ebc7aa838a98a1f642a9f,Ali S,,
c62db51cb07c778e253e0b,Alişan,,
a788a2299e4e2ab7d0eaf8,Alisha Chinai,,
17aa35f9ade6e0a89b2a44,Ali & Shjr,,
9451525ef54e1a3136561b,Alisia,,
3607eb3c9befaf1d2a2c3b,AliSoomroMusic,,
e6706afb65d34a9dcf9331,Alisson Shore,,
ed74ec88b3b57d2d37ae84,Alistair Alvin,,
c1e17a2033d8273db2c8d1,Alitiz,,
50f48ef06db38e431f52ac,Alive Gospel,,
470472a202e602113dfe6f,Aliyah's Interlude,,
5221f883ada368a9e8dd2e,ALIZADE,,
303da99664d5acc06de8ec,Ali Zafar,,
ebfbb509a53be50757f7e5,Al James,,
3729e6e5ad9323c4ce2920,AlJoofre,,
ebefb3e4caf3b6a4c3377c,Alka Yagnik,,
990c90aa14e2d74ec28396,Allame,,
8a26f58fdeb92a76dcf3bc,Allan Johanson,,
12057773d8662d964efffe,Alleh,,
f57534ee956fc425a13b55,Alles Kids,,
5b29fdfd78ee602358b9c8,Allexis,,
3c2096b136d270419f5146,Alligatoah,,
8826c283a8a2e18f4cc7ad,Allison Kane,,
097c17279669805c25e7f4,Allison Russell,,
06f70f62d308dc608cae33,ALLMO$T,,
5ef5b1cfc696e12928be42,Alma Gov,,
bf4821c989afc22275e17c,Al Majeed,,
cb05223fd11f2d1aaf4bfc,ALMARY,,
8cf40b09e111c415ed261a,Almas,,
d4927a12d8a6b613203af4,Al Massrieen,,
28e0ff913ce278902b4ccb,Almighty,,
84203782a7cb14ba19549f,Al Nather,,
1006aef08c1b7fc7f2d3fc,Alofoke Music,,
eff45f74e46238d5ee4581,Alok,,
11e47813915b5ecf1424ef,Alo Mattiisen,,
60158c2adee803cbb49da2,Alonzo,,
4ec6fe8fea99a7a0abc009,Alpha Raulphy,,
9efe6e7f61ffd8a1606e1f,Alphaville,,
c2b900a6cbcaf19fac99da,Alphie,,
7689ea77b2aaa88e6d78d3,Al Safir,,
ade40798ec23cd69bd4f77,AL SHAMI,,
3a5ac96c9fc3bdfeb7065f,Al Sheikh Hashem Al Saqaf,,
ea1c546aaafca3e0670904,Altafulla,,
cd7124aa739941bee53ce5,Altamash Faridi,,
47413eeb5de16872c65c90,Alti Cardioking,,
1f3dacba9d46fe68e44c21,Alvaro Diaz,,
a67342c4337164c2e706a7,Alvaro Pavas,,
0afbb8fe686bd09c3a097f,Alvaro Rod,,
73899cbfe355603b60c4d4,Alvia Islandia,,
62f9e4259bd55b68663051,Al xapo,,
c6133a07e3a4e442a4c898,Al Xapo,,
6464bbbf5ea694e351f071,Alya,,
3eac4f04ab6745f50f4fe3,ALYA,,
0ed0e700b12c63e0cd55f8,Aly Fathalla,,
b2c6a3ea8aeaac14201de8,alyona alyona,,
c78aeca92798a4af3ac904,AlyoshaAI,,
a063a2faa876145ba61f7a,Alyoung,,
39c60c823a1026f2a20a8f,Amaal Mallik,,
849d14a8589803f4a1d372,Amaarae,,
ecee7d760a7608be23cfab,Amadeusz Ferrari,,
1498ca2db9bf05287e023d,Amaia,,
fbb5b35b729a6a5a239199,Amanda Jenssen,,
52109c533779f933e3c7e5,Amanito,,
70099ce64b75da144a700a,Aman Moroney,,
f220bf521414b98a5e103d,Aman Shah,,
1b0ad5983c0e73f8fee55f,AMAQHAWE,,
539a0f7b604b9f90628f24,Amara,,
13e1daeea1c754e6d7c72f,Amarabha Banerjee,,
96818d879e4f6e3b184fc3,Amaral,,
30f94de3d08f0dd07321ae,Amar Azul,,
aa0009c0b860e027d46d0d,A Mar dream,,
d3c1455e3bbc48408904fc,Amaro,,
b0a9cf65d093552fc87a44,Amaru,,
c0ee8cf9943d2bd35a7ac4,Amaza,,
99d4d109156c23dfd34058,Amazing Show,,
80aea6461d51dc5417c0e9,Ambassador,,
38ff3850aeff678ba1fd04,Amber Ogechi,,
c7cb81ecc01cdc63d00ccc,Amble,,
e4c0dff2fe75cd73dc5c2d,AMEE,,
dc9f66d38a7876dead7b81,Ameen Khattab,,
c74ddeb863843734029f23,A-Mei Chang,,
312729770334cfb8ff6c80,Amelia Rae,,
d37f5a2409a12ba6e2a813,Amelie Lens,,
0d78baa0740926c79dfde8,AmenA,,
01fadc058f86e48c9dbb98,Amenazzy,,
0a8f1a571bb05b4b3dbc13,Américo,,
3363c2559adfd9981c0efa,Amiel Sol,,
f7d930ff2d37f8e90cdb01,Ami Faku,,
f76c49d087ca35bbedd684,Amir Ameer,,
197833144dcb6c9da6a373,Amir Benayoun,,
422bdd738c5c53ec65698f,Amir Eid,,
65f4a47e7c6ffc043b2285,Amir Jahari,,
ef83f8acbc8776c3eef5b9,Amitabha Bhattacharya,,
932dfd6c1a26edcedfda25,Amitabh Bachchan,,
89ccc8e2dc3963559d3c02,Amitabh Bhattacharya,,
2c64f7973866af89935b05,Amit Trivedi,,
f21def2086c71e2c96cc7f,Amjad Sabri,,
e747da53867a2101c7047c,AMK,,
4f030a02e1a1b7c1673340,Amo,,
f9192cf8cf869e2a3d03f5,Amo988,,
568bae5d9fa145fb903a9a,Amonzim,,
fb48d4eda2390b3f69db3f,AMORE,,
a5b155b49993974c25d787,AMOTION,,
f704c29e22af07ec1afea2,Amphiphil,,
cd9257eee6cd970846a932,Amr Diab,,
6c3e01174b3009e6e2e29c,Amster,,
30552bb67ffaca60f154d7,A.M. Turaz,,
fdae33e0334df45856d9f4,Amuly,,
7a0c5893605f3a75c5d43c,AMUSIK,,
44e8e28a466a6e071a3f79,Amy Macdonald,,
a79381ebbf697a9d4b5e69,Amy Winehouse,,
934420e4129061e705389c,Anabel,,
074ab47a6d29988bf9edb0,Ana Castela,,
d76c8b52c0c47929eda336,Ana Gabriel,,
51906021b14bb6c8cf2076,Ana Grosh,,
aa92e6f35e4bf7de266017,Anaïs Cardot,,
08e99cefe24eaa8a921d24,Ana Laura Lopes,,
afc62dc482fbc9dcf142a0,Analog Balaton,,
1fe77fb64f82f39ad0d004,Ana Mena,,
65fd6600a8b1cb256813e5,Anas,,
b45153d04dcbe4a6af5b76,Anastasia,,
437156aa01877f722429f6,ANATII,,
394e9460fec198e5930e84,Anatomy Rabbit,,
bc8ad9c6bfe9c2d199ef77,Ancestral Rituals,,
e8ed0e9eff1ee215425c78,Anders Matthesen,,
88b848631ee07769d87018,Anderson .Paak,,
87d1d5ae50ce9b38a1ed5b,Anderson & Vei da Pisadinha,,
dbe500a29b1df496dca0da,Ander Tavys,,
4ed8a9a668feeb0b5a798a,Andia,,
fb536e30fbc0ba0f7c9294,Andiex,,
6a40a2c6cfda0086b0d420,Andi Rianto,,
b91fe5a5e701044dd3d9e9,Andmesh,,
5b29a17bca9ceca668058d,Andon,,
31d325fa6fc2dc1f69110f,Andrade,,
ddbb0b821eb25502e98629,Andra & The Backbone,,
28f719c89ef7f33ce2e178,Andrea,,
ca85d6ab103a868ab5ebed,Andrea Bocelli,,
72c629590d1db44e7219d7,Andrea Pousa,,
e142ae71a455291773d2f6,Andreas Lundstedt,,
03bebb330e2141d90f0961,andreas odbjerg,,
6a2b81234038eaedd153f2,Andree Galez,,
cbdce0ec9c9101f89e723d,Andree Right Hand,,
56c1ad02ca8168ea3e8d3e,Andre Hazes,,
b2d09b73eb5ad0228f9cb2,andrei,,
4b1257fa8f6cfe435bd0f8,Andrei Banuta,,
6c3e554eb880bf1a2dcb88,Andrei G,,
bc524c64c960a301bab153,Andrei Zevakin,,
be226f9417dde781f4d159,Andre Noriega,,
f2b2e06824d40d2485b680,Andrés Calamaro,,
3bfe59ae66c22db0adf589,Andres Castillo,,
9cce77c3b2750323e352b7,Andres Grande,,
96d4e24f3ef209af112ef5,Andrew Gold,,
429623cdd4d37ded1144ec,Andrew Underberg,,
9aa3010be71684635c5c99,Andrey Gubin,,
3688821ddca8967f9bc028,Andrey Serrano,,
0c5db58de9294b91268582,Andrezin Araújo,,
bc898662c058878214130e,Andris Alviķis,,
452a9c66d0b6e1f1a7ef15,Andris Erglis & Cacao,,
a431cbad09b65580c3a44b,Andrius Mamontovas,,
629a2404b013d3b3073e8c,Andro,,
8f242c835754f411fe9f93,Andry The Hitmaker,,
f442a3bfedb6cc34c956e8,Andy Lau,,
c03dc320cff570eda489b3,Andy Rivera,,
86d9ab0447c31ac304c157,Andy Williams,,
a2a996e3016cedb038ae0b,Anelia,,
d45df402936affd21e0882,Ane Norum Kvistad,,
e12623dc5e96a0f56874e9,Anett,,
2d3e84675eb827638f2401,Ángela Aguilar,,
90e38d849cc982d3b1650b,Angela Leiva,,
726d3500b51f66c849581a,Angela Torres,,
847f9e6d218af18b70cb54,Angel Dior,,
2d04ba467a74dd9d262efd,Angèle,,
442b0f6448f8bf0edaa69f,Angeles,,
b2be2efba47458d85e34dc,Angelina Mango,,
0ad55a6508541538869370,Angelino,,
307e38afe747ee961bbcde,Angelique Kidjo,,
67cedd7d9cdc8b7e6bda19,Angel Lopez,,
901c3b653775701c23f70a,Angelo Flow,,
087de2704c9386f30f20ed,Angelou,,
4c4bd4d70990290205c440,ANGGA DERMAWAN,,
e13abf69f819ea74dadbbd,Anggi Marito,,
8650f8d1179307290d4dd0,Angham,,
36d8ff19ca86a3bdd86be9,Angie McMahon,,
eaea5e97787a9f7a3383e9,Anh Phan,,
d118acd413ee93c2558fb4,Ánh Sáng AZA,,
6ccfbc15b38a646bba883d,"ANH TRAI ""SAY HI""",,
113a543a7f04025363d7de,Anh Tú,,
74324e20f0215c12edd52c,Anh Tú Atus,,
4ff35e52034daec0251f7b,ANI,,
9d47521c583685173beae3,anice,,
3feb26781d5fd4e299e2f3,Aniceto Molina,,
a4dd9db9dcd4fc92ab3909,Aniceto Molina El Tigre Sabanero,,
e855ac1873c00cc8e02f52,Anička,,
9077bac2d42bd23d7ed122,ANIKV,,
b62d9cf2487962298714e0,Anila Rajeev,,
59e5e42dd31342cfec1c8e,Anirudh Ravichander,,
2e58aac1dfb919b338f2b7,ANITA,,
0fcd0caa034f07d2208a51,Anita Soul,,
16e3d6059dd628194e23fe,Anitta,,
6bc129431cf4c119e13a8f,Anıl Emre Daldal,,
b4a585bacf5836cee1ab4d,Anjii Cii,,
5da51d99859665b227d4ae,Ankerstjerne,,
94b14e180b1e4b4b61b877,Ankit Tiwari,,
dbcf97c910770a230ea000,ANKO,,
9e53646d0352ecd49cd76c,An-Marlen,,
816fdda21c51f399e383f3,Anmol Daniel,,
9e830efe36727fb1fc8e80,ANNA,,
9674b9f434dbff96c14a5a,ANNA ASTI,,
5fe3bc427012fd710c5cb2,Anna Fanney,,
189c181c14dfae92928cc6,Anna Julie Slováčková,,
7c88fe335c66d7a3142ce1,Anna Kristín Arngrímsdóttir,,
0b42fd98e87e0632aba2bc,Annalisa,,
e3305b046e2a0b31d5ef2a,Anna Maria Jopek,,
149b354ed8592c13b23172,Anna Puu,,
8af009a649ebbeb6e58803,Anna Vissi,,
d57c874bb7365cd0a97795,Anne Grete Preus,,
0411e9bc01586d4ed4d260,Anne Heinz,,
7cc13a578cbab14ed83e7b,Anne-Marie,,
5fa95b9974cdb98e8e24dd,Annet X,,
fe2e9a3e2fdb79abc658f5,Anne Veski,,
b7e436161926480e1cb0ec,Anne Weerapass,,
c507d0fbd914c72030c6e2,ANNIE,,
6fd7a2bc6319589c7cfd49,Annie Lennox,,
20d4ad797689d8aba51651,Annika,,
86d59ca29b283626fa35e3,Annika Eklund,,
b6c3b18dbae29fcb53f85a,Annika Wickihalder,,
1e79ea2ad9a9bafa7db0f7,ANNO ONS,,
2b197c928ec0eea13590a5,Annural Khalid,,
a25fa0bae477c222a0d967,Anola,,
43ac9acc3dff239fea5eed,Anouk,,
28dbc541317e1aa6d84290,An Roy$8386,,
ca925fc32916cd646e44fc,Anser,,
09a3796697285a8b7f2d54,ansis,,
c679177b1cf6bee838f79e,Anson Lo 盧瀚霆,,
d98d67f5ed365c0147e11d,Ansun,,
77ad205a076cee8291c480,ANT,,
74a8fb823acfaec85be2a0,Antent,,
56dc0b00b995211ac82574,Anthony B,,
25adf4cbe0e9b09ba98f69,Anthony Kruijver,,
c10a87c81d4fe847ef8cb9,Anthony Russell,,
be622b6fda9144d3e5240f,Antinem,,
8273c518c894e85dcc7c78,Antiquant,,
7f332d6545cfd5c128b782,Antis,,
f1b0d5dc88652cfd324b02,Anti World Gangstars,,
f81c43a9ecfe1e16ce1d59,Antonia,,
4c117ce05e5b119eea4b14,Antonie Eyries,,
885383f16fccd10370814f,Antonio,,
7aad5e047d159ed9b8eddf,Antonio Rios,,
5a60668bacacd99584dcc0,antonius,,
30ae2e7e88d7f26956e66a,Anton Westerlin,,
514aae6e5073ca307f2201,Antoon,,
46b221f26229d69ec980af,Antra Stafecka,,
1cd0c783510a13fbcab98b,Antti,,
64f70c98080811fe23a153,Antti Ketonen,,
7406e53e63e1041b3d695d,Antti Tuisku,,
2a4d3bb3a6e616144e94ca,Ant Wan,,
316de864957e75365747a3,Antybanty,,
417b67eb622154268e6261,Anuar & Ellina,,
39445e9b423f42a74a0ada,ANUBII$,,
b883c3ac3f7f6b542dedee,Anubiis,,
d7892199c0c17961675789,Anuel AA,,
7814de8868039ed067c7cd,Anu Malik,,
5da25159bb157f56f5187d,Anuradha Paudwal,,
f08e7b4085472affb1a7cd,Anuradha Sriram,,
f65d23e1e66dcef3cbf52b,Anurag Kulkarni,,
6fc27de1e02e9b6ba3e961,Anurag Saikia,,
d9cfd7a60c11425e5e53dd,Anuv Jain,,
494907db4de3e472ac1b14,Anvita Dutt Guptan,,
54df259762c8eccd751d8f,anybxr fuhrxr,,
64980590026dca081f751a,Anyelo RR,,
a097ea0aaadf506072e37c,Anyme023,,
b76a48515fd53de98ac0ba,Anys,,
94c4988bbd971fcf1569e5,Anyuri,,
e3a4d378042cce6e6d5fe7,Anzo,,
a619749fa44b72ea1a45bd,AOUR,,
b4590dbfd1e59978dca2b1,AP$ENT,,
e9713ae04a02a810d6f33d,Apache,,
87bfd5467b5b21fadf05d6,Apache 207,,
6d34d980cc7cec803c50fb,Aparshakti Khurana,,
d6afad7cf5bd3b1ac39ee4,AP Dhillon,,
67dc9487507640cf561769,APHACA,,
ec776b8fad8ecfd2ad240e,APON,,
4eb0daf0e75aff7a440ab9,Appel,,
30bfad74ea3bb22cb1937e,Apsilon,,
d6086c246a7ea160131f55,Apu,,
4acbafbf938670ecebdffe,Apulanta,,
275f0d575d2c6d4cdb4e32,Apvedceļš,,
255f1b952b2c4d5566ade2,Aqua,,
c6d132011a7e8b09e4e500,Aqyila,,
a0068aa27c2680bbb342c4,Arab,,
960313ed97156f80235960,Ara Johari,,
96bbbbfc4acf163c419602,Aran One,,
080df62f63793b28a3629d,ARARYOZI,,
c8cadfbfffa8f0cdf92051,Arash,,
bdfe72a0e81587b6044dc9,Arash Buana,,
7f912312e8f54489afad46,ARCADE,,
639faf30169858fd76520d,Arcane,,
1d29c54369a6602a6d0758,Arcángel,,
6e8b58f06a589e70a2e80a,Archyman,,
492561cf76939197932bb7,Arctic Monkeys,,
5d9d01d5e99f5da60eafec,Arde Bogotá,,
6e7318ffcd996b13701ace,Ardian Bujupi,,
3d2c156cf04cb1968747ad,Ardin,,
a6201cc809abac658f845c,A-Reece,,
e656bd5594a54bcc4a01b4,Arelys Henao,,
e3d569ec294a73d99bbc39,Arem Ozguc,,
2617b0178f8c52121f2ec8,Arena Hash,,
5040578b48d03f65efa2c2,Ares,,
d874184e54c052defa6fcb,Argy W,,
0c822c496ebb8da95fe634,ARIAN730,,
4a5b04b6612655fa3e8d25,Ariana Grande,,
6f8f1690772c00cc0081d2,Arianna,,
06206b3c452253dedcbf03,Ariann Music,,
596d6b929c6df3cfb5a901,Ari Bajgora,,
fc6efb346f7ae73ec1741f,Ariel La Para,,
4f02e803b246285a54c00b,Ariel Zilber,,
40b6d4e407b509f2a82396,Arif Lohar,,
32d0c43ffcb0189155ec4d,Arif Murakami,,
893226869044eec7c65dfb,Ariis,,
8903adc1b93294734c53ea,Arijit Singh,,
e37841518dfa08d4814ff1,Arik Dvir,,
5fb94cd294e742fc6201ea,Arild Feldborg,,
00409bbecd637dad73d773,Ari Lennox,,
bdebcc323ea59f60ff8ed9,Aristos Constantinou,,
51b9ad9af4ce6f3a0cb40d,Āris un Saulceris Ziemeļi,,
24f4c222d741969ecc13a9,Arivu,,
80182e16dfaa2e69942379,Arka Noego,,
5215f08ce798190e72749a,Arko,,
e9f560c11bce57da96c288,Arlene MC,,
f0fde4dd3de6fee7c6ecdd,Armada,,
fb968fe9e2bdaf249b6081,Arma Jackson,,
493f756bf697150f28b0d2,Arman Aydin,,
01cd6ae6b68a418d127426,Armando Hernandez,,
c8592b7fe8a5dafb349e1c,armanisecret,,
782e2eb96e6fbc78ff4b16,Armani Thobad,,
408da9d9aea21b3d3f14f5,Armenta,,
79d0dbaf7559e853adbeb5,Armez,,
df59c66dc8a037d88eb760,Armin van Buuren,,
ad6dce6479a48ab7743e62,Armonia 10,,
3b87e3926b8ff4d0781b29,ARO,,
4c89f236a1a3444caf9308,Arod,,
c0a43b907e619e82916bb2,ARON,,
728ddb125264d0848c23a8,Aron Can,,
e74f95a7c36ddecd95779e,aronkristinn,,
fcd1b50d4f0eb5ce073090,Arop,,
842d1ddf66e596ee9c2b1e,AR Paisley,,
410d018a4c611036b1880b,Arpit Bala,,
8245ab7a9d7dbab8ce9593,Arppa,,
69cfa82b7299f04a67673c,A.R. Rahman,,
04fe587733483a124a3d8b,ArrDee,,
4774743270b4046b408735,Arsy Widianto,,
a84cb612bb285241d76011,Arta,,
a79671eead08ee27e85bea,Artemas,,
03e9149afed1c03d1007e7,Artem Pivovarov,,
d9054bcaaae73bbd0eb8ff,ARTEM SHILOVETS,,
f3e738d09f5038ec0f090d,ARTHUR,,
c4fb41047cceeee1dda008,Arthur Miguel,,
2c85751949096bc0e8baa8,Arthur Nery,,
5677d2481ea2dd40d9bb24,Arthur Pirozhkov,,
e3633012ffc61bbd91c66c,Arthurzim,,
3cc5576be7865afcf1e381,Articolo 31,,
6cc772768dd045d437e746,Artie 5ive,,
f741b72411b7e8712538dc,Artigeardit,,
d45e8b2c493ee32fb36880,Arttu Wiskari,,
38f869097037702b56e05f,Artur,,
31214fbab1c0c2612a651a,Arturo cruz,,
cee235504db6d40158a905,Arturo Sandoval,,
849140fbf60f0f0d5e58d2,Artur Rojek,,
4a50b8063c68d70b149bc5,Arturs Skutelis un Tvērumi,,
199bb5aec29e9ef319974c,Aruma,,
a0e65c3e560fc76b094b48,Arunraja Kamaraj,,
5c871d1d6e0b79f7959b80,Arut,,
2106d76a546673b4288cef,Arvingarna,,
453eccc640fe60a5a14224,Arwin,,
0e49941e6813da2d9b50e2,Arzzxd,,
b03d938ad8bfe48b3b7832,AR刘夫阳,,
27baf79af932bd1592a6f4,As,,
8eb5a47634f626b142d2a9,Asa,,
1cf7f94aca713ba26d3fa1,Asake,,
f27edcdd48d85c096d92e7,Asal Kolaar,,
edad84a9c0acf7af0f4a01,Asees Kaur,,
1039891cca8bcf8338de09,Ashafar,,
5facb55a9233e41ce6a8f6,ASHBA,,
1a5dadfe9bb203c0aab981,ASHE 22,,
a4b6b03371f89260af15e2,ashess,,
3c386bcdd266f861c0b9a2,Ashin Chen,,
ab172503fc5e1cd7565050,ASH ISLAND,,
bd2930a0e333dd75a62f7f,Ashley Alisha,,
0d3cbd4db726009fc5094d,Ashley Francois,,
f6c45c924522b0e7ec6c29,Ashnikko,,
9446a9211aa0d70a813a09,ASIA7,,
0177ce5036dc13a99d6ee0,Asik,,
bac1c9460b15f3ba03827c,Asil Gök,,
54c434de81f9b1074b55c7,Asim Azhar,,
861607a2b0b2faf3df409e,Aşıl,,
6cfcc6c8a70e76e9b15c73,Asla Jo,,
e5487f2914508b26f52e3e,Aslak Trude,,
d97af337a00ba4e5219777,Aslan,,
2a3032106485f8755342b7,Asma Nour,,
e496e4dd71591e361d4ef5,Asme,,
5003d99eb9d975e543352a,ASOK,,
691a5b2583c1eec983a2c1,Aspa,,
30e5749139385696a9041a,ASPARAGUSproject,,
c4923fa279824d29119e84,Aspy,,
9a7dc08561bf5875ae9725,Assala Nasri,,
77aed28bcfe725813e2bdc,Asster,,
4fdd3f0c920df0e20ec476,Aste,,
12c34704d911885054ccd9,Astknan Maghribi,,
5cf431da16b52783edbaf8,AstralKid22,,
805dbd75e3fa283c5f4710,Astrid,,
88d9089cbabcd707a238a3,Astrid S,,
da5e1343247a4f1a141296,Astro,,
1349f88f30d9e57ecb4410,Astro Artiste,,
4abb6d1e629161cdaab35a,Astro'n'out,,
345c6308ecd593ccac11f3,ASTROPICAL,,
6a4fa55da8d03380c6925d,Asya,,
c723fa2bd085cae0ccf5f9,ASYM,,
4db495c7e28768ef40340c,Atanas Kolev,,
91b7ec8e7163926677e407,Ataypapi,,
5587a160f0f3b1f9b712e7,ATC Nico,,
982e3755a8f5e1de9ec9b3,At' Fat,,
830ef62548bb7c2dccbc64,Ati242,,
c0327d06c75e4609d90434,Atif Aslam,,
e0385049bf567bea88d988,Atka,,
c25c66f8ac4fc39070aaa7,ATL,,
8b1c40ce6629723de95905,Atlanta,,
c7918494b1ddb144c48377,ATL Jacob,,
3f8bc7449ecd9f0c93696c,ATLXS,,
59fec877d09a34cf50375e,atom chanakan,,
94f62b6b1eea035b8f5245,Atomic Kitten,,
3d9310b4ec51a164588f11,Atomic Productions,,
730241659d625715ee2953,Attachingboy,,
e34fccc77b5bc1b365db6d,Atta Ullah Khan Esakhelvi,,
d74802e92c7cbb5d20f52b,@atutowy,,
e5195e8aede76ffe59fd13,Atvara,,
9b703cdf44b33a714fa4d3,Auddi,,
ad06606d9149bee91324df,Audiocrackerr,,
b1ad3e899fa70de363051a,Audy,,
51ffeade6f46e8ffd320e7,Auer,,
41ba70891fb6f39327d8cc,August,,
10bfe4f96e3c2217671400,August Høyen,,
b27843c9002de69b863764,Auki,,
dc07dbd15cb59b30b35946,AUR,,
1909fd3c5d19cf400f0ebf,Aureum Chaos,,
33d80f212cf56490dd04d8,AURORA,,
a9663b644eabeb4e20e3d3,Australian Crawl,,
083612bdbf75a033b0a747,Autobuss debesis,,
9e5514448c09a04dc2b86b,AUT of ORDA,,
293ebf9ad28237e0c3bc4a,AVA,,
9f7fb6276df997f8fda45d,Avalanche the Architect,,
b08b705cd8135e64836d2a,Ava Max,,
760564f519ec878f186926,Avenged Sevenfold,,
858646c63b9cff527d7f90,Aventura,,
90c88f0fe1bc38af7807b6,Averagekidluke,,
882ecdaec8714342593788,Average Rob,,
1fd001dc9ba56ffb1e1bd3,Averly Morillo,,
83a431b74b3a56e8f0f152,Avery Anna,,
2efa45bdad70ad05a6bea1,A.V.G,,
245fed99da7feba635610b,AVGVSTVS,,
75614c3fca429c06226ca2,Avi,,
a7ae4eda43c23f37df8a71,Avi Aburomi,,
492858f336018192afde7b,Avicii,,
4fa99f9d1156486592520f,Avie,,
f43f806bf3e3c9f724929c,Avine Vinny,,
754451798a7bf06c64b980,Avishai Cohen,,
7189f82c9dd3c346c90764,Avraham Tal,,
e7e72bcc24976d650b0eff,Avvy Sra,,
b384c96fb6e57152f6aaa7,Awave,,
afc3fea503891a7933af7b,Awdella,,
e568b40ae7ef4a536d68c7,Aws Al Saber,,
3a0239dd19cffd23d5740e,Axelancexld,,
8332782f5c8717e17a4397,Axel Caram,,
0f0e2fefde684b11cbb51c,Axel Kala,,
e45130c2e47bf9df65023a,Axel Rulay,,
dd9470a9ca413e59603c24,Axl Boore,,
36fd699db0ba842a851ecb,Axolotes Mexicanos,,
093a96d1792089dd20821b,Ay$kr,,
ad0f9809214f25ab8b2b0c,Aya Nakamura,,
a7986afcd9cbffee6fafa3,Ayanda Art,,
cbed1808078e971de76447,Ayanna Irish,,
7674a7b915451fb225babf,Ayarhkay,,
e27e6885dba96e267837bc,Ayau,,
a493ecd7f722839d7ce9ee,Aydilge,,
142d7a2aadf1e96878985c,Aydın Kurtoğlu,,
ddda35dcf265cd093a27f5,Ayed,,
e56b3123ab513f9a3e27bc,Ayesha Darbar,,
47e713713a2b91993656af,AYLA's,,
6f9309e440f5c1bad863c6,AYLIVA,,
e0daa0771860e3d83d6061,Aymen,,
7caf22f7a9fa699c47b4d6,Aymos,,
afd9b274887ff291b11e5c,Ayokunle,,
5e8fca1da79e469b45d6b0,Ayo Maff,,
9aacdc432277e2a09a3bcd,AYO SK3TCH,,
4896dc4db0d75f1f66c931,Ayoub Anbaoui,,
f25e0933388eaebe42e69a,Ayox,,
ed9a3b88268b8f0cdafd82,Ayra Starr,,
b5b76e47606ab2ae8b6612,Aysah Forever,,
cd6337d35e4b640e03dd53,Ayten Alpman,,
9c25202aad9e0e4b55625f,Ayushmann Khurrana,,
aa410acf14e3c7c05003a7,Aza,,
8b3f5ec1429a21c403139f,AZAD,,
561c4215bd36fde8199ceb,Azahriah,,
6a2d15cc4e9ff03bb96996,Azana,,
f37acb881c787be87d7aec,Azar Jalil,,
4942315065f2bfb28535b0,Azazel,,
09461c3276e7f0fd56992c,Az Chike,,
f7e34d289b55901c44dd28,AzChike,,
dac999d4e3d83f6bc9ac9d,Azer Bülbül,,
58d0509079037d4068dda9,Azet,,
5f7f78d35f28bc232763a2,Azis,,
11bedca46731b41855cafc,Aziz Abdo,,
32267cb652c74c43ab1008,Aziz Harun,,
1ebe11be1d5267767c1f64,Aziz Hedra,,
2a104f1c14493b0eccedfa,Aziz Maraka,,
b6b47b29493aa9197bca88,Azlina Aziz,,
53c129a206e6808ca0eae7,Azteca,,
0c0bafcdd4665ff36ad214,Azu,,
4a4045993e4c8224fae43d,Azul Azul,,
154e638428b3699ece38b5,Ąžuoliukas,,
b6f2b4ad5523ccf3766643,Azur,,
86e0cc3ae5ef6d7af2d043,AzureDé,,
16a09eb1cd606324d79942,AZWIN,,
da6a2f8262b52ac33ab57e,Azzy,,
5224d572f0d791f58c66e4,B10,,
ce0157047bc0c9cc1a35f8,ba.,,
86ca0cff7c5fe5e258d457,Baba Hassan,,
527771e867196951c28359,Babalwa M,,
72cd7a7db3ea2001cf48d3,Babar Mangi,,
08f0b5601dc0139ecba09f,Babasha,,
d66e4b476f61a69ceb857d,Babasonicos,,
dfa79dd2aca75b298489ba,Babblarna,,
ff202586b0d7bb9bddf1a0,Babbu Maan,,
8659513fd9fef8fb7f0023,Ba Bethe Gashaozen,,
1b8f709e9aec7181b56593,Ba bethe Gashoazen,,
565f368b7d14c6eceb6ccc,Babethe Gashoazen,,
6f43254f244edab79ad929,Ba Bethe Gashoazen,,
16609d8429829c6a322f6b,Babi,,
6d99aaec8c7437837d0891,Baby A Officiel,,
88bd52f5ffc913a1ddb500,Baby B3ns,,
d1aa50bd917894b5b37494,BAbyBoi,,
32e75c5927fec7ce85c9eb,Babyboy AV,,
e9e102c311857479f4bf1b,Baby Cute,,
966fd84268357758aba6aa,Baby Destiny,,
ee49152f53dd5f82d1dfa0,Babyface Melo,,
7e9ea8c9b2f83ce90f9237,Baby Gang,,
f9b62508e12f80393a658f,BABY JEAN,,
db7c2528ee5929cd577ab1,Baby J & Young Weapon,,
9d884c58ca2d78fe5f32fe,Baby Keem,,
b179c24e15019c8616e06b,Baby Lasagna,,
790cb50f58e3aae03015ac,Baby Lores,,
97b54f832873739c07ea67,Baby Melo,,
fca331150819a153aa96a7,BABYMETAL,,
ffffffee3f62403ddee53f,Baby Momo,,
47d1f206daaed53882957d,BABYMONSTER,,
d95a5ab2b4393f7f7649cb,BABYNAPS,,
c697605ae79bb584d4b5fa,Baby Rasta,,
968e6e7db0eb8e3486ef30,Baby S.O.N,,
8910fa43a3d3b934e551f8,Baby Tate,,
f2c9ccea36ca37d1a45f2f,BabyTron,,
2fa97ce0140cae11f611e9,Babyvivi,,
99cc08af667363f421e5c1,Babywyne,,
79ec16df80b57696a03bb3,bac,,
377df856653558ba2866b2,Bacilos,,
6c7db3804a02049e39950d,back number,,
340af906f373c781bb56e2,Backstreet Boys,,
a08cf5d272e8902b774cbd,Baco Exu do Blues,,
7ff3e75ce6aca348bc513e,Bad,,
cd1d32ffc88645caf5b920,Badbies,,
e9d447b92d5632337180a7,Bad Boy Timz,,
7a5fe33913ea49316c462b,Bad Bunny,,
7b9d44eec17ef50a851806,badchieff,,
9edcd53d4b6a18ff48a362,Badd G,,
03f640010818dcc77c3382,Baddiel,,
5841d0014fc42f0fcf9a01,Badger,,
1caebf42b1e299c27b812b,Bad Gyal,,
5741609c6e634918e76aab,BADMIXY,,
fbf3473978ac2d3308016b,badmómzjay,,
c174dbb7d91c06fba85f52,BADMOOOD,,
e5c0ff5764decd1c3136c3,Badshah,,
83848d0b3980e10c891d60,Badsome,,
b34de41c8e40aca6c4671b,BAEKHYUN,,
a1a40db2fd4b63dfb9c283,Baggalútur,,
0782e6e9a9c6565e115485,Baggh-e SMG,,
0c633450d0fa68db4da4e8,Baghdad,,
68f53b2b105bcdbd5ee34a,Bagossy Brothers Company,,
c39ff814c851258fa3d186,Bahaa Sultan,,
b822f104753312ca6ba9e1,Bahadır Tatlıöz,,
9c6467235994c83bdf9834,BAH.ROMA,,
e2584ac7b3dd36da41d663,BAHsick,,
5940c78f05cc8ee4f8ae18,BAIG,,
1d8d9352eb92f488c54e82,Bailey333,,
d19e9f1d9797184c156984,Bailey Zimmerman,,
49b5ecb244532eba2dbc6a,Bajorson,,
2d935d2bfebee30ca80bea,baka®,,
7ac21328a7b95658c7d74a,Bakar,,
afa212a2efebacfed960f7,Baker Grace,,
4558cbc79962cfb062f675,Bakermat,,
b94ba56e1860a3b2b69ed7,Bakødda,,
9644f8b3cb43a48c4ef922,Bakr,,
c79396a636c1d4d70de81d,Balagan Limited,,
2bb96928ec476035b08c52,Balázs-Piri Soma,,
75af43cd6dc45b0b274e27,Baldroit,,
369d2e3588091f21c029f4,Balkonultra,,
22e7adb679bd808b0d2407,BALLER,,
a0c1e97507a206a79db3ee,Ballinciaga,,
719260965577e654b786e8,Balloranking,,
87a4ae34f4fc0a86767420,Balming Tiger,,
b89c01d9c8b330e128d826,Baloosh,,
252c3f38dc028ba9f28416,Balqees,,
ac155afff53711073253a1,Balti,,
20ea85fdc4d1cc8c808856,Baltigull,,
14e44e04b90360834909eb,Bämä,,
9306b61ebdf94dd5762390,BÄMÄ,,
e15d6753d2df47e6f7984a,BamBam,,
12f85fdf12a50de1f8f209,bambi,,
a96c7964ce77d2d78bb187,Bambie Thug,,
c494f4c2245ba49d5015e4,bamm,,
2afd8c22a45bc323d49ba2,BAN,,
1f5fa0e6e1162e1f50c6c9,BANANAFOX,,
64fcc8eec98c018129c506,Banda Capiibary,,
379f9a069cacaa16bf904a,Band Aid,,
bd64f5ee10a7eb58af738f,Band Aid 30,,
fa16dca242830924480c49,Banda MS de Sergio Lizárraga,,
cb28f0dbfef4f10e782d83,Banda Tava'i Oficial,,
3756dcc5ddc7d4909b1868,Banda Tierra Sagrada,,
ca2377bef2bcf6bed7d0bb,Banda XXI,,
7895ac1f6c45c0111cf46e,BANDIDO,,
7b83e0bdf5f2cd98060eb0,Bando KD,,
ccadae37c1dcaa9d84b3e8,Bandros,,
fcc3e837605db4de89878f,Bằng Kiều,,
fa5e043362f5ef519233ae,BANGWHITE,,
c43602023771726718581c,BANKROLL,,
5b74824c35efaeeb7c2c02,Bankzitters,,
1b69aac1d34bcb4edb86ac,Banque Misr,,
b1cd49cb234972ccadc089,Bảo Anh,,
0ac9ccb02bc1dc3756a5c8,bapcat,,
a69f40eb7a53ae6b19677e,Bárbara Bandeira,,
b7c9a66c90c9a8585ab102,Barbara Moleko,,
ee89f0c3bcf30565fbb21b,Bárbara Tinoco,,
98b25fad582d3f7d6a997c,Barbel,,
7285b2389008ad11b012b6,BARBEL,,
5b79059779b9d04d00baad,Bardal,,
4366be781c2350453ac120,BARÉ,,
935c9bb070e140dffdb7d8,Bare Andy,,
a5adb8f7617d8ef5fc842f,Bargee,,
4549ca62860a985f68b8db,Barış Manço,,
12bf2724f7dcfbbc047e0f,Barnens favoriter,,
d86b05962f3b9e8180b966,Barnens jul,,
d41fdc9dd9e2869cccdf24,Barnmusik,,
79eaa0490e461194d4e5f6,Baron,,
b41e7cd652c675bb9a4f56,Barovier,,
53a997826d0b64a78d2d26,Barry B,,
b702d7866de7dddfd44f7d,Barry Jhay,,
1331fe97762c1a6208d519,Bartek Kubicki,,
8621a3fbacdb527f1796b4,BarTie,,
a5934d0a6fb9739c4d362e,Bary,,
e92c45d0ed5c3da366c5b4,Bas,,
d1f27f55a228b3c50e92e1,Baschi,,
c7f54e512b7e47d4f43f11,Bashar Murad,,
db1d9edefbcd55f5ad49ec,Basher,,
5db411e3feca9ed4675e51,Basim,,
7bc58640fc1acd10fc8870,Bassie,,
57c64ba05e7dfd5a7fbc8c,Basta,,
9ad9cb01acec11f326a0e0,Bastian Baker,,
b31cc180eb21f511abd6f2,Bastille,,
c78f395c396e8e30bb597e,Bataineh,,
9364a8b927aa7a1d8cfd77,Batas Senja,,
f99cede91c460cb9709297,Batuflex,,
6284e3142b8b8c9c6d0783,Batusyex,,
e40eac7205128c922398c5,Bausa,,
17befb73a5022dc289a630,Bauti Mascia,,
637b6f5719323dd5d03241,Bawer,,
18f28830d3877609fccd45,BAXIAN,,
b3b4d7f403cdade6c9ab40,Bayaan,,
453437b7ef2c480133b887,Bayanni,,
52c6c379f2c695c3f2be86,Bayhan,,
038eae3a617539c520e521,Bayor,,
2f0386ceb19bb54c1d8718,Bayor 97,,
e743e676040674a9e4539c,Bayriton,,
084d6fadf850544f4b4814,Bayron Fire,,
abc0a62cd83d8e38f4592f,Bazart,,
9259356a3329f561703809,Bazsi,,
7658fca0049e8462e0095c,B.Baby,,
2c7acb3f892a705927aab7,bbno$,,
fd24df3db47e229ecbdfab,Bb trickz,,
f41380855f42f56193fb59,bbyclose,,
16e3de8d26a12b8f653136,BCA,,
fb99ede408f9a8f34f3b95,BCMP,,
f9a8789d43f52a564db202,B Dicky,,
4587dcfd2ec1892c2dbca7,beabadoobee,,
1e7f72cb01415f5e800f3e,Beach,,
c4ca8c6008cff291ac450a,Beach Weather,,
2bb46cdcd6c198689d1c95,Beat,,
35a3a97a9e191853a66979,Beathoven,,
14e7b2a03b8694d4d93b34,BEATó,,
976f9d8d678462c7f24fb7,Beat Record,,
ab3aec6d954571c7551a18,Beatrice,,
0e90b2b90aaedeb9250334,Beatričė Kalis,,
714b84116d26bfcd6b0d65,Beatrick,,
dfed14e2ab701084c564a1,Beats by Luca,,
adb9af80ed556fff8233b6,BEATS PER MINUTES,,
21d12de5c2b201dee6fe85,Beats Pliz,,
3fc6166d67c347d660aa7c,Beatz Akademy,,
dcc487a79182a2dfe2a1b6,Beba,,
1fc35d431538bfd89d85ad,Bebe Rexha,,
c9b41711ea8b76e874c956,Bebe Winans,,
634310042f0fc4d994fcfc,Becca Brazil,,
751306dd4711e1fc8c683d,Becky G,,
ab2d2933057694a457f34b,Becky Hill,,
78612fa50a761b24bf8c53,Bedoes 2115,,
00b9e29a415822754c1dee,Bedroom Audio,,
e418daf9eb761c4cf54275,Bedwetters,,
ace31f451ae00b684abd33,Bee,,
1742cb85a0d1025711cafe,Beéle,,
37b72e2f113e2d47d52e23,Bee Remix,,
8732f8f45295077e16b2db,bees & honey,,
8cf9dca5173333972edcdb,BeezyRD,,
b8a34e7e2226edfd8e2f17,BE:FIRST,,
703ffecf6ae8306c2322ca,BEGE,,
10ccb5445e84d4b59ca5b5,Beharie,,
f94c7dbba3f544d4729115,Behm,,
98a68bfe1a44464670820f,BEHM,,
5d40f2f458830b995c9799,Bekar,,
640028c9c5c3800001c0fd,Belaez,,
991c71edf35d1ee9dd9844,Belanova,,
0611900eec5a1151e4972a,Believe Records Mundial LLC,,
d3bae70c9d49bb7cb5a74c,Belinda,,
e25524800989ebde09d7f9,BELL,,
2a8b858e7beb342aa9fedd,Bella Angel,,
f69b9515b012fb0560bd88,Bella Bonita,,
3f0dba03e167038463eab2,Bellakath,,
8681d876dfc168a18a83fc,Bellamy ranger,,
58370d59d9006bec525968,Bella Shmurda,,
9dcc022881eea4e31bb2a2,Belle Lalofi,,
283ee963acd1cf222d67d7,BELLI,,
edd1da6154d20ae7ef53b6,Bellini,,
ebf1c65087db54f5522f7c,Bello Figo,,
243db0d12c5539047c7a6e,Bello M,,
6a5698dee9470b3ab0533f,BelloM,,
378c70598bc5ec90b21426,Bell Santanna,,
b4c6e363105fbb0a787fc8,Bel Tempo,,
f2c9602a10b9ed89f25ce9,BeMelo,,
02c59a76278912193f8795,BEMET,,
e75084b2a0b15b1e39202b,BEN,,
ce75f24ee358a0fca49a70,Benaia Barabi,,
47d3c18d49ed137f4cbde7,Ben&Ben,,
5a81dd22d62b247d494451,Ben Chen,,
60b614807972237cbe5ec0,Ben Cristovao,,
d919a0d752548761d10012,Bendik,,
4f8e9e2c7e5e924aef5140,BENDITO,,
4d0d07d7e8c7eee6ebeca4,Benetia,,
3926dc08fe8dad3cf87999,Ben Fero,,
5343188145bb779e0ce075,Benggie,,
4770681cfd214b72a1aa40,Bengü,,
b5bc8414ccfaab71db3b40,Bengü Beker,,
056c5ef8a258a9faaced45,BENI,,
861a744bccc0da5432f097,Benjamin,,
846d8d9f0741603a477641,Benjamin Hav,,
623661e943854d67e8e415,Benjamin Ingrosso,,
ed384bef0ddcedd7ade73e,Benjamin Kheng,,
a899f98c320dc236c68b06,Benja (NL),,
bdade608ed71497dc08a0e,Benja Valencia,,
86ac945386a69dd3dac9e8,Benjie,,
a3689161cdea419bb1b594,benjitalkapone,,
8eaa729d009f2ef2bdfdb8,Benjiz,,
a19a494ef008d4d8a3b059,Ben Mitkus,,
89ec84d1a1db4432feadc5,BENNETT,,
3e45d0f7af18e63bdd698d,benno!,,
6bf64658e977caa6dcafdf,Benny Adam,,
c3d2b487a03c437fc60eac,Benny Anderssons Orkester,,
79dc8fc7594f7978e9fa8f,benny blanco,,
556c32363dad90dece31e5,Benny Dayal,,
208e76fb90f6556f653d23,Benny Jamz,,
8c10b5f018614019247d03,Benny Jones,,
970fa127b4910e396e94e3,Benny Mayengani,,
120c05c9d000e93958dff6,Benny The Butcher,,
3d62cc4b26a7c79c163a45,Benson Boone,,
4d672369bea6c16359cd7e,Bent,,
06805ad89693f24a7b662f,Beny Jr,,
4839f44ab0a769714e7868,Ben Zur,,
9c42b30baa984a43c287cd,Benzz,,
b694c0c1de5f754f755b7c,BEOMGYU,,
83271ff0e5e7004449dd2b,Bepa,,
5e0866d4566fefb6a94046,BERDO,,
fb7d1c2a66065c05d4dd86,Bereczki Zoltán,,
16fe4237fdb07a110c95a2,Berg,,
952a178efc1a74c16f7b49,Berger,,
c882abd7e5fb5630dca407,BERGREM,,
cc7c64100366f419cff8b4,Bergsveinn,,
5e2574cd489e59f88cb6c6,BERKO CHAMP,,
f7f7ee6964aa2967e3fa20,Bermudu Divstūris,,
3e755ae289adfc7376ab9b,Bernadya,,
4b380a10fb645195a5f278,Berq,,
d34dfa8b5df5e10b2c19c7,Berrin Keklikler,,
ebd35a63b46fa8bedd6f68,Berri-Tiga,,
8a425f7703b3745718d0e3,Berry Sakharof,,
ddfd6485503c8f23a14f1b,Bert Symoun,,
6284862a6ed047b3e5e59c,BESS,,
68ef004de6166492c1d668,Best,,
f9d573fb1c4a986cd039d0,Besties4Life,,
af6cd2c682e84440b48273,BeTaf Beats,,
c3fdc6fa08e521015e5a74,betbeats,,
366e14a5377c215dddfb72,Bet Bet,,
87f9d47803ba3f9b70d1c9,Beto Falcão,,
538363bc4a9faaec5ef1e2,Betone,,
56889f826aad21f20b811a,Beton.Hofi,,
9ed8e0e38b3f45ede91527,Betrand Putra Onsu,,
e21ff8ebe6db1bc3d148d9,Betsy,,
358bab92977e512923499d,Bette,,
dbf97dd8e4f13a18050dfb,Betterment,,
2d76707969094cd8c7c4a2,Bexli,,
30b1b1663e173c41d37d61,Bexnil,,
bdcaca45539e045fde6f6e,bexter,,
dc7d3caaa4fc4f835e58c2,Beyoncé,,
4f991fd3e0a55494e315fa,Beyond,,
c244eaead975bf980d0646,beysenbi,,
55b908fe1caedee642b1ec,b.G,,
2ad5640ebdec72fc79531d,BGR,,
8fc9e61ad26edfea5f0f71,Bhad Bhabie,,
aaef0b780160ae01d6e429,BhadBoi OML,,
b8e34f2698030704978fb9,Bharath,,
426166ac2ee03f9624d0f4,Bharat Kamal,,
50dde1dc0881f34a8740d7,Bhaskarabhatla,,
e4241cb33a7a22149ffd47,Bhavi,,
f3accc6fe52f97f5dae5ba,Bheems Ceciroleo,,
c2044ed46cc5a994c74e24,Bhupinder Babbal,,
d1ba8d3d97f63f282e5bc1,BHZ,,
dca432e1624d923de268b0,BIA,,
a4e733edd81c6f822e4f43,Białas,,
e827fdd17d8914e6430e31,BIA LOVATTO,,
0065d1a087d27cecf38794,Bianca Frazão,,
2892eebcf035cfb174653b,Bianca Ingrosso,,
bd8153a4ca97dbca2bc165,Bianca Ionescu,,
a0caf1ac65aa40d91378b4,Bianca Ryan,,
f06ee3fa96a61b2fcde6df,BIANCO VELEZ,,
504662639aa4253389a18a,bibbebaby,,
cc19432da10e90b98fe84c,BIBI,,
af6cacef86fed6a3d9ee37,Bibi Babydoll,,
285ca7975c525aaf61986a,BIBIZA,,
c028be4d660bbfe8461e7d,Bích Phương,,
502e0f00ab2a10b76943e1,Biddi,,
254ad8b896d5e10f60ba65,bielskis,,
9e16f326d706ae4d9e4382,Bielzin,,
23ac817975a0870e6803ed,Bien,,
287931bd0f104816137c44,Big2,,
4d1ff542535be2be11658c,Big Ali,,
516e2336495a05329997a5,Big Ass,,
46c7c29560c3a5a9fab50a,Big Baby Tape,,
90e3e352d527109da8a5e6,BIGBANG,,
643a8fa40512d7d3d23953,BIGBAT,,
984a5a7e39621964bdd238,Big Ben,,
c8df4229637203525dd478,Big Cvyu,,
4ed31bdd54e5bcdc52faf7,BIGDA,,
522f0a8a56fd9079af6bed,BigDaddy,,
983e0ebeb0ee7c6c22c372,Biggie68,,
bb1ff2a01648f502ae6c01,Bighorse,,
9daead0da0f2514966f7a1,Bigidagoe,,
b69da35396d194f57e866a,BIGJOE,,
05192593a2ea3dc59c1e9b,BIG KAY SMG,,
939c924a0838fd6c8f8f5b,BIGKHALID,,
95e5bcc8e065ec22047017,Big Khan,,
dbe6e9652b2bcf70d75202,Bigla The Kid,,
2ead1a542b73ea76a5036a,BigM,,
7082881f26fac56be25e7c,BigMama,,
a5806293ffd930d7c17118,Big Metra,,
d96874f710e3d5fce7a7d0,Big Moe,,
cf8a56f132ab90579b1521,Bigoblin,,
52b0dd3d9aa7349a779801,Big One,,
651169637e411bca846f02,Big Papa313,,
49d5299956caf3fc0c0708,Bigsam,,
203e3cf77948dd567b8be5,Big Sean,,
fd39be68f8a24895227220,Big Sexy,,
3ae03bf8d18dc6c97ed28a,Big Skendo,,
069c2848ea1473ed2a5228,Big Soto,,
dcb6248ce83a514669b469,BIGTEAM All Stars,,
de488237a88c0857f8c71a,BIG TIM,,
ac9d41c54ef86f44f13c78,Big Time Rush,,
17266ada3738deb9991788,Big Toe,,
a42e382cf693311011de08,BIG WIND,,
128bc102b21f1fd9ca321e,BigXthaPlug,,
3e2b08ad59a3885363836d,Big Zulu,,
27455b2a5d0029ceffc378,Biigo,,
65c2cb81e0e2f571085992,Bilal Assarguini,,
54ef3bebeedee02812b904,Bilal Indrajaya,,
9f232602c444ca30bbb27b,Bilal Saeed,,
658fb887bc24389cec748c,Bilal Wahib,,
01fb9e1ec7a8aeff6777d6,Bilel Tacchini,,
92028843ae02cc60f33624,Bill Abernathy,,
7df2a6a54ae6930f35c031,BILLA JOE,,
7085e3ebb5ebfbaae82fe9,BillboardBilly,,
be05b49960df40ff2a1c9c,Billie Eilish,,
a55780afc5022e10b145c5,Billie Kark,,
ecf6344b14140a2d335cf7,Billion Solar,,
5f7be6cc2e5e8e40b6a1cd,Billkin,,
168d8af241be60e194b21a,Billo's,,
9c077eb6ef73c381ecda50,Billo's Caracas Boys,,
8d7c3a3e6a27144f4e0759,Billo's Caracas Boys Vs. Los Melódicos,,
6030e2ddd22f9da681e956,Bill Withers,,
65dc6a9cf8e6f9b107d4e4,Billy Dans,,
439dd175fc949038da6445,Billy Gillies,,
15aeeb46b4659aa2387558,Billy Hlapeto,,
ae7302781fa03dded80f0e,Billy Joel,,
46a2e05fb3587c3020e913,Billy Sio,,
4a490e87411a91b6cd7086,Billy Strings,,
9b18ce4702b418641645c5,Bilyanish,,
cfc57542d25f6243d785c5,Bimbo el Oso Mañoso,,
3da2929eaaea5e94cf41ba,Bimo,,
7eaf2f1a8a1d4bb5fd978f,Bin$ho,,
0bd3509e1a88a008bdfe68,Bing Crosby,,
082a1d5c260a2f50489e1d,Bingyen 郑斌彦,,
8480d1ff9c7b83544634b8,BINI,,
375ea567aea33449350896,Binz,,
c898f390f51a45962c0f25,Biplan,,
3bfbb3d122951dd5a55107,Bir,,
d5be781d802bf4c551cb05,Birdd Luciano,,
c1fcb2d6558f4d8489cb39,Birgir Hákon,,
066c724f59f77654f46790,Birgitta Haukdal,,
d0bcd1faa5f26f003a387f,BIRGO,,
9de4d13827ede781763b72,bir kyz,,
9af83b2d95a4357bb5540c,Birnir,,
dd3df65d365f44b3b5a4e1,Bishoy Safwat,,
cf229be6faa6e913911b7c,Bisk,,
eef2459ff2ea595d3b5892,Bispo,,
4519c8ce17d218709a48c9,BITTNER,,
5492ffce673083fedbb823,Bitza,,
ba6a68c3482853134e120c,Biu do Piseiro,,
81f692aa8832675f29ce9e,Bizarrap,,
196d687b0463a9c34c69a3,Bizi,,
df8559a53a2beca2a45dfc,Bizzey,,
83f507054bf4e2bdc87d1a,Bjarni Arason,,
c4334cdc3f54e7c62cbdf6,BJ Lips,,
4183c4041cbbfc581ae65f,Björgvin,,
086a3e65f339eee778d29c,Björgvin Halldórsson,,
781c0b6ca5097cdfd4393c,Björn Gustafsson,,
9c0da83c5c7e3ba1c1f1c6,Björn Holmgren,,
b7aa28977e6d98828af3c4,Bjørnstjerne Bjørnson,,
89083e9d3c85ac3690d7a9,Björnzone,,
3b16c9d4c4c856ce7fff40,BK,,
cbe242d0873bc0a443833a,Bkwds,,
3e6e6b410f381e2da2a05a,B.K.W.H,,
c67fd0b4f509402bc42d61,BL3SS,,
e1b45fc4abb6a3adba7251,Blacflaco,,
a0d90b309e6ea4a5765f15,Blacha 2115,,
08fd653ca289470bad77d4,Blackbeans,,
05df23aeeba6b2d241a323,Black Dog Bone,,
68aed070129e82b32ca659,Black Eyed Peas,,
8b1ade26b8bc3fa523eb1a,Black Hanifah,,
34194646c39150d18b5fc7,BlackHeart,,
07b37658372c4909bd1a7a,Blackie,,
e59c8c157d776749434a43,Blackie & Lois,,
620fe85ede5ca49fd7dee3,Blackinny,,
fe8f1109781f21e8e59e5d,Black Jonas Point,,
e7fba9f9882d744aa48957,BLACKMYTH,,
08880bdc21a2669228882d,Blacknife,,
d55e5a3b37829c36bf2c0d,Blacko SA,,
0d055beb31fd94ce0399a1,BLACKPINK,,
dcdfa19455414f09aa35de,Black Sherif,,
8768c648b8af2ae5fb6bd8,Blæst,,
2c32181bfe6b2023213711,Blaize,,
b8e0d5c670601d4f382c8c,Blaiz Fayah,,
4e8c243a66e64389129ab7,Blakbone,,
7fe650b804f65702e4ad14,Blake Roman,,
618ec48ad714bf2b9f6e9c,Blake Shelton,,
462ecc2932af8e43ffafa2,Blaki Selektah,,
8a6704ed919b38fab0bf03,Blako,,
fb7e34a06ab1ffd5e4fb25,Blanch,,
72eaef5ab442a02bcf2134,BLANCO,,
f4bff77a35facb452244b3,BLANKO,,
b81cf661bb10664740d391,Blanks,,
1c5b77868179a0d784f375,Blaqbonez,,
7ab84b1bec8277d08119b3,Blaq Diamond,,
bd36e52f431dd52307794f,Blaq Major,,
41404c561c517b6fef090a,Blaq Note,,
2f54f825963529dca9f1c8,Błażej Król,,
f2285b87de026994261f2e,BlazRoca,,
4bd3e334fd74bc556c35c3,BL@CKBOX,,
68fc79b38ab9f9856434c0,Bleed Again,,
682b398b24b0269cede364,Blessd,,
cbdc2d59be2e350d2f9808,Blessmon,,
8ec1822c933f130e22582a,BLESS THE GENTLEMAN,,
88cf59e37a82c293d3e17e,Bletka,,
ea821d82400d2ed14ef483,BlimE!,,
f75d4a652bb5376c5c7ed2,blink-182,,
a1896c40d507eaee7dd90a,Blissbouy,,
a6dadc93a996ff35563857,Bliznacite,,
d41de5a3ede81d7bed6929,Blizzy,,
e66770f11194e447c78c30,Blkriva,,
8ab874b3e1d675bc804fd1,Block 93,,
3022a0649796e3bafbf6a6,BLOK3,,
ce195be304964a6fe45fd8,Blood Orange,,
3091c452ef35fffc3ee6a9,Bloody Civilian,,
9def9146ef865dd879923a,Bloody Hawk,,
71ab4afc0105f002c1e010,Blooom,,
a81f0e504f51ec702fc992,Blr,,
f4b1959e1992105b19e86b,Blssd,,
b8471ac7077bd33384e260,Bluay,,
3ee274efe728a558e50573,bludnymph,,
52ba72d698459ff8a5f024,bludwalkfan,,
0cebbffd30132024a8baea,Blue Diamond,,
14700c632a6b7cc0a10a54,Blueface,,
539aa9732380f2941546ec,Blue Öyster Cult,,
9aec041dc2d41b6843452a,Blue Pappi,,
a20f854ab2a7786ae9417b,Blumengarten,,
3719224ba786ab83fdd3ca,BLVCKHEART,,
1ec4bdb868f7355c28002c,BLVD Studio,,
25142550202caacf92893c,Blxckie,,
aefc8366d4e7f8c267ed1d,Blxst,,
5089fa881630360a9b3361,BM,,
7d48ed59609e27a6bba3b9,BM_Dr.P,,
ccfb1d16e271968c51c0de,bnkr44,,
9db3753c90d608a49c0da4,BNP,,
b729b46a8d2c8e88d0c645,Bnxn,,
e266b141435230bdbf3851,BNXN,,
b0d8913d4dfb85c2325c07,Bo,,
2b96aa5791f33241cab6c4,Bo9al,,
ec06d9f6e0335726bad1e3,BoA,,
62db27676a627257f58dc8,bôa,,
70d168085c74cf84d63318,B.o.B,,
355938cfe3b73a62429759,BOB,,
26b10599ec23587a328806,BoBa,,
ce4c8cd7c52b283ce00e41,Bobby blaze,,
1ba664a8c1e59dc9bb23c6,"Bobby ""Boris"" Pickett",,
fee1fb6f2bc10bff2d986b,Bobby Cruz,,
78c564cc7da11e64377641,Bobby Frank,,
daa44ad7e6718921b507d2,Bobby Helms,,
238d03988821cc300865c7,Bobby Ibo,,
008bed6070df3b13ab46e3,Bobby Moon,,
2e7540fa80ecf0a7a91260,Bobby Vandamme,,
918b8162ee66629f653fb9,BO Beatz,,
6f1017ca0a9e1f40330638,Bob Marley & The Wailers,,
521ebd1d89ae7b46c019e9,Bobo,,
bfc0e31a989dc330ba56ee,Bob Pressner,,
0b33a2e7d07922b3cee2f2,Bob Sinclar,,
10795a40affa0265bf87ba,B.O.C,,
88a5c80a9cde7e902aad41,Bodhi,,
289b04e9cab09914746438,Bodø Domkor,,
02e07d65588d38ad7c81d2,Boef,,
c2ac71cdaae1033ede8e7e,Boer Harm,,
ab16f8efd7c10aba98d545,Boğaç,,
59af9e11aa30c9c941b3f2,Bogdan DLP,,
cf1d0dad59443c0c56a2ce,boi95,,
9a17dc80d2e13af7749fb4,BOILERS,,
2a8f6fc2bf8227b131d69c,boipepperoni,,
ffb84912773bbd1091d17d,Boj,,
da3f9c2af3857a74c7987c,BOJAN,,
08530523137dd9002bf45f,Bokke8,,
3f717489e41e7f96259587,Bokotax,,
2de2e0266acbc839e22adf,Boladin 211,,
0962d703252d1babe7dc63,Bolaget,,
7c7523171412ec649056e7,BOLEMVN,,
b327c6e934b49077115a87,Bølgen,,
71d224905dd16cb25aea0e,Bolier,,
1a191314a3914fa3bba9e7,Bolisco,,
3c9d83641bc51d34a4243c,Bomarz,,
7e5d5dc774de75e3cefd23,Bomba Estéreo,,
ef0f27adb2bff1da897344,Bombermusik,,
27fad64eef5ed9fc00db22,bommelg,,
9300e12c7af09eb3f9fc28,BONAD,,
fa27de415299c4b0953591,Bonapart,,
08cb245ed508138e4fc30b,Bonde do Brasil,,
f2a7bab4e3f5d868c04bfc,B One El Productor De Oro,,
4540a681d554391ed9d776,Boney M.,,
2f64c20f024036a4ed1f84,Bonez MC,,
66ad6e828a7f4a9cc4069d,Bonfire,,
94f9c9907ce2a526b0f2d5,bongor,,
d09a119c507cf2bdb129f3,Bon Nghiêm,,
a604f75be745c8b24a6e86,Bonnie Tyler,,
779b4a822fc855dde49e58,Bonny Lovy,,
690850b7415cc7b34b3dd2,Bontle Smith,,
34eb3c63f14b898f14816a,Bonus RPK,,
32a0462c8557fd7ebbd4bd,Booba,,
0e1a4132b877e83c70f203,Boobieblood,,
47b9414e6e5bdb1cc22b7c,boogshi,,
10f4b635daa8850d1f3200,Boombox,,
f36b59b461dea27bea72c6,Boosie Badazz,,
26bb83995f076bcf520c72,BOOTY LEAK,,
525c227291a8759f99d526,Borges,,
867dea3c5d8f5319782dea,Boris Dali,,
1994ab6ef8fbd07accef09,Boro,,
f5d4de7647f3c20a9fca8f,Boro Purvi,,
2527a4b7714c337ae1942b,Borqy,,
33d6b4d8c97f4663016018,Borys LBD,,
6737e1d29f3cf241f8881f,Boski Heniek,,
3b4c48c8ac274ece74a03c,Bossikan,,
d3158b593945800d2991d6,Bosy,,
c47c17c51e6290bb8dc1fa,Bou,,
774508513683b43aacea4e,Bouss,,
242ecae43abda7077bddb5,BOWKYLION,,
d8d8bea7d2716cd902268a,Boxx-A-Million,,
ab9b613e22dbab147c41b6,BOYdPOD,,
e2d8b18c4d887fc2255378,Boygar,,
d12675ade7cb55e69c6da8,boygenius,,
d2d99b3ed710d5b8caaaef,Boy Mass,,
586b528840f89ba288e643,BOYNEXTDOOR,,
fbd427194c8cdad3d74528,BoyPanda,,
f008412a29683f75bf29d7,BoyPee,,
2ea14f3af875cdcef485cc,Boy Spyce,,
8bd28e7535e7609daca13f,Boyzed,,
c58ba93cc8710bbd809cdb,Boyz II Men,,
a958a09bddca6f6cf22068,Boza,,
a3616f629700df6937b7db,B Praak,,
7e0b0b5e14c1449a8949ee,Bradley Cooper,,
f8c1bb7d8b91a9dd6582b6,Brad Paisley,,
6185e260dc4e6302a98f1b,Branco,,
8de0b51c938b452558c42d,Brandão85,,
24ce20116138e0ce6c1139,Brandon Bill$,,
32c7fde2b40466b8995a24,Brandon Dhludhlu,,
f2bee07096c39d92cedf08,Brandon Gomes,,
4e8faa5029aa20a77f771e,Brandon Thomas,,
d2f7600a00199c36f2d95b,Brand Randall,,
52e916f325ef17dc0d8aa1,Braulio Fogon,,
0737c542fcf3a13fbebf48,B Ray,,
e9619128fd12b926bb5ae7,Brazil21,,
e49af39ee098e586767df8,Breana Marin,,
31c390e7131c82b858cc77,Brenda Lee,,
1f323f874ff588c1bfac6a,Brenden Praise,,
0623118713e838c7b481ea,Brenno & Matheus,,
8407c8d8180fa57073ced0,Breno Major,,
6eeb4f792b8fe9a38544d0,BRENO MORGAN,,
86ee152a77c575ac7751cf,Brent Faiyaz,,
017e6ea814069ea786df87,Bres,,
e7e7bf23ede5866fff7117,Bresh,,
8b29a5132497a4c0956bab,Brett Eldredge,,
37a2c9b9017a7cc2fc0b21,Breyco En Producidera,,
3cf78c6256fb96f90e33b3,BRGR,,
4ce37b96e1ca5026b6c567,Brian Kierulf,,
aed8110dfcda8239b741a8,Brian Richmond,,
f592306f27f6307f6275c9,Brian Struk,,
81e0eb37940d7ac0860a9b,Brief Talk,,
a00a89d562360f785541d7,BRÍET,,
e1dd22333db4dbe4c5d276,Bríet Héðinsdóttir,,
bff69e5ddb6c22150b86bf,Brili,,
10383016e92af96ae4c1f7,Bring Me The Horizon,,
14e48b7cc4d61d8f4ed0c6,Bringols,,
14228fdddd63569a7c402f,Brings,,
015303a2be6be638711799,Britney Manson,,
cccf551faf8c9b7cea5ed7,Britney Spears,,
8a0fc389ead32f7d84d6a3,Brittney Spencer,,
0fd29e9ece19089e083adb,Bröderna Öhman,,
8f4dbf9345363118a2e4b6,Brodka,,
d3bb7f1d03ce15921f5b89,Broederliefde,,
5f890e57211c8dd59eeb66,Broiler,,
d357cbab6914f05a0b14a2,Brokezart,,
b940740d5b830aaccbf06d,BROKIX,,
19aeb74201f40274f84cb4,BROKN,,
11a033fab1645b54549d05,Bronco,,
54d26ed6ce734e01e21d2a,Broski Musiq,,
0921918787114ffe9e552d,Brown Joel,,
f6e0b60fd7d27a6b822c76,Brray,,
1be3d2c1263ed8fbd957c2,Bru-C,,
fcbb413e600dfc8741df9c,Bruce Springsteen,,
b30d98b5c25e72bc5b056c,Bruģis,,
4260e859f13730003dee7b,Bruhh Sua Bonequinha,,
9b2b78033ecf0401a2feab,Bruno,,
c3c940d72a3e560dc59fa2,Bruno & Barretto,,
8355157ed9927f33c56faf,Bruno Cesar e Rodrigo,,
d8d32ebd178d052434ed57,Bruno & Denner,,
51675763380af1ccd132a1,Bruno Marcelo,,
73bd46ef9b7b43f9ba32bd,Bruno & Marrone,,
5da1abae03e5366919646f,Bruno Mars,,
fabea3aaf7bc5ae4cdd0bf,BRUNO MATEUS,,
88e0459f59998a63e5f27a,Brunori Sas,,
e4f3c24c05a6584f72b5ce,Bruno X Spacc,,
d024665f6470ed6e48af49,Bruolāns,,
287c8697f7592ee492f5ca,Brutto,,
7b8e61e2831286355c0508,Bryan Adams,,
e49fc88cae9b03961956d7,Bryan Chase,,
b0ff6daba8f9b6c288d857,Bryan Lenny,,
a77a7548826da55cafb703,Bryan Martínez,,
c3d99a320428d1e6a5b0ef,Bryant LR,,
07439564dcfc23ce627a88,Bryant Myers,,
462217297f9906e919de45,Bryartz,,
1117759b0bbf76f2f03b8b,BRYKULETS,,
9d8c5a872ce89f2f177057,BRY M,,
1575026055e1dbf4edec13,Bryndis Jakobsdottir,,
579672ca2ca7e5b56ff426,Bryson Tiller,,
cd0f368a5a8433cee0cf44,Brytiago,,
69d7984ac6af787547b91e,BSS,,
f88a455ae8932f26830283,BSW,,
e7933897b28bbb90b07d92,B. Swanson Quartet,,
c8b672d6e13fd5669e3494,BTK 187,,
e66b8a0acab164bdbf805b,BTS,,
f0e0ee034795eb4927d37e,Buba Corelli,,
bd1860b8627f9259a656e9,Buba Espinho,,
4398589adebc6368931fd8,Bubbi Morthens,,
8600fdc7746e3d4b434c85,Bucks Boy,,
9d71694ee0044ec9799295,Budah,,
90196d11f49dd0201efe1e,Budapest Children's Chorus,,
213c969b0c7f1793de4a24,Budda,,
5364b29523dcdc292c4780,Buddy Sax,,
0453eb9db382aee14c61d8,Budi Doremi,,
bcb2750ff6f20411b7e305,buffalo,,
2cbe49d15932978abe1b1f,Buffalo Springfield,,
6a4ea8f1c92fdfcb7f2660,B.U.G. Mafia,,
12740d97c36251dc8cfbe3,Bugoy Na Koykoy,,
9f718ed915102fade88ac0,Bugy,,
923d4cab9124e0660ff3fb,Bùi Công Nam,,
a467a5eaefbbca4c632402,BuIin 47,,
625a05e11062fdd9401a1e,buitruonglinh,,
6206ba878e3c433377dfaa,Bujia Gram,,
057b2b81b427f06c9ead30,Bülent Forta,,
d90826a54a20440f7668a5,Bulin 47,,
ddd6f21159529dd79410e3,bulk_machine,,
d6a6b37343dacc9157927a,BUMJIN,,
ab21e1339187c330291153,Bump J,,
4ef72ed8e15a2d3194cf63,Bunbury,,
78afbc693aed99b67cb10d,Bunga Citra Lestari,,
39c5e84d7380e098bdce5e,Bunny,,
c75db6fd1902629d789069,BUNT.,,
cb7856a4de5d4627517856,Burai,,
2bd2a5ddb989637c0eabf9,Burak Bulut,,
15d2e1234a06991e8b41f0,Buray,,
07196d4056fde329e59966,Burcu Güneş,,
4dc64b1a9ed758e7fb7647,Burhan G,,
8cc944fdb0fa4bdafc207c,BURLA,,
2965962519c9cf3ec048e4,Burl Ives,,
88d43a5cff056d3e26732e,Burna Boy,,
0e0c9d888d1093cb2dfa6b,BUS,,
e3f6749b847b08e8b1b1d2,Bushido,,
30a8b441bde52b4fcd5d1a,BUSHIDO ZHO,,
21b93a1ecbe747779668fb,Busta Rhymes,,
1f7b809d96937e5df210f1,Butrint Imeri,,
0991b3ed2f01d6f323c7da,Butterbro,,
c6e045f69e5ff3e81d87a3,Buxxi,,
1744d618e8ce5bd6a79b7a,Buzeira,,
4feb24d798496d5218d7fc,Buzzi Lee,,
85032c419e111a35d5db89,Bvcovia,,
f18b598b71dbaada18ace4,bvdy47,,
766aa787edb6653a56e408,Bvga Beatz,,
685d4c53254e50e54d9860,BVP,,
a6f553a739c32980149656,Bwalis,,
95fc4e4f95e3fa8261c5fc,Bwayne,,
53cf81df97434f9b99f507,ByeAlex,,
ee2fb5f85bf61d49b9ab36,ByeAlex és a Slepp,,
8a07ac4e5092ff86afa085,C4 Trío,,
802a4b6da9891fea80902d,CA$HANOVA BULHAR,,
39b4d57911ec61a3c76cc2,CA7RIEL,,
69ebbd00cdb0287d9aad34,CA7RIEL & Paco Amoroso,,
333b2cdc64a5683b24dfbb,Caal Vo,,
ddfbb31bc704a07eca835a,Cachirula,,
7baf07bc1357c14225d120,Cactus Bram,,
38ab307e4361eb754a0e85,Cadaver Ghoul,,
b2473afeab7ea17b550fdd,Caeser,,
bafadfd8c3902f0763b981,Café Latte,,
cfcf93b391c2571c854e59,Çağan Şengül,,
7e7d5c9b23cb17c1678aec,Caiiro,,
a08f6e6990f1ff5a2990c5,Caio Luccas,,
fc967ea3ced17b29a98da7,Caio Passos,,
c9ac354a7d489deab69567,Cairokee,,
1bd276b8306089bed2e625,Cajo,,
b12980d5ceee957d52cccc,cakal,,
c207b8cdaac4a253838688,CAKEBOY,,
f42a500d1b07d0024e2eda,Cakra Khan,,
3b84df2cb6339e5e6b02b8,Calcutta,,
f217e474296810893fb75b,Caleb Calloway,,
6999a730bfd38805ba93f7,Calein,,
f1001d3083a3fd806ae615,Calema,,
052b2ec4054c6977fe965b,CALI,,
02450fb2c5bc936f5b7afa,Cali Flow Latino,,
7374a6477e46346a2c8079,Calin,,
da525b2d3e9ca2760b0d0e,Calinacho,,
15f35582ff43eecc88c927,Calixto Ochoa,,
3d411847d541247db883c0,Cali Y El Dandee,,
eb6926f2c7e58151b56842,Call Dominika,,
f57efcfdd836ede3885566,Calle 24,,
a9ad91ba1dac261d06db6b,Callejero Fino,,
1849e36fcd5d5d7c8f17b7,CallMeJohnny,,
97b9e5d04291566132277c,Call Me Karizma,,
75b58bbe3ee47f6de301e7,Calm,,
5d7fe6f524f9cb46986bd0,Cal Scruby,,
cd538759628731f19cfff6,Calum Scott,,
8febe0ebe006041bc2a6bd,Calvin Harris,,
512ad6bc8d1e6acf96b717,Cameron Whitcomb,,
d14b32659e84854678518a,Camila,,
4cda7705a48cb4ac820e95,Camila Cabello,,
e2cf99ca82a7e829d2a4ac,Camille,,
8a03b45c9fd88b94de592b,Camille Louise,,
30a4cf12c7b1c9a3f69e8f,Camilo,,
990c27439383621cab650f,CamiMusic,,
eebedf0cbaa4b1743727ef,Camin,,
732d7525b3f3617f9db34f,Cami Raj,,
046cb7a4cb27f5ba5d560c,Campbell,,
09a93424dbee46d199a26f,Campmasters,,
98c0ead9a1c866c1b6a3c0,CamrinWatsin,,
c89bf352227a001ea73a43,Cam'ron,,
64513270a3b6c10ca8f30a,Canbay & Wolker,,
fd5a6f048c89ada0ec6345,Cancun,,
8589b96ee84a908dd9af10,Candelita,,
9c358a0c59546dee9b2e21,candyboii,,
2720ff31ad900ac0136db7,Candygirls,,
3929600edc9fde2b97ccb5,Caneda,,
6ec2171fe6f7573af7ddc0,CANEY030,,
937e9f98ec56c2822aeb8e,Can Kazaz,,
f277193538277f1ced756d,Cano,,
555a3dc7551fb70f639339,Canozan,,
7de99f7bd090c2ee8da90a,Can Toğrulca,,
606dbf52db65222f17a027,Cantores Minores,,
2565514fc08c3fba0e3f50,CAO$,,
f404ba533cc81c2f757cbb,Capital Bra,,
e19fa07fef018c426e6a86,Capital T,,
15cea4f65f5ef1a362864a,Capitan Mandibula,,
141d6f2f1ee9c719fee768,Capo,,
34834e3d1d39f354a5a40e,CAPO,,
e072ebc415256733f54f11,Capo 13,,
d09aaccec49a49fdf3879d,Capo Plaza,,
1c9d64098172f6d2d313a3,Cappadonna,,
31563da30c1acd0f7839c6,Capper,,
410ae3406b2f3c343ed38e,Capree,,
55dd587cdc4a278be6a5c3,Caps,,
bc9d8ff48a9f3679ea9e4b,Captain,,
ae2d8870ea807e108180c3,CAPTAIN BOY,,
e9989db5dabeea617f40c8,Car,,
12ca5bbd98442012722b4b,Carbonne,,
e1bef648d3d9bfecd79c3f,Cardenales Del Exito,,
66c58ce272674cc70a00d9,Cardenales De Nuevo León,,
c3c11aa0c4e265d926b4da,Cardi B,,
70e06a348df274d2242f85,Carina Dahl,,
1a14f19e1fe29c75fc2b9b,Carin Leon,,
064e110e89c3b03e6303eb,Carín León,,
0ffab42260504ca68e08b5,Carla,,
165fedc3e1242cebdb71a3,Carl Brave,,
a8270ca915a34f4b33f8e2,Carlitos Rossy,,
a6c6852e09275d258a7bd2,Carlos Baute,,
040ff7eb8a41c46a616320,Carlos Feria,,
ab328bd949c37021e0a832,Carlos Heredia,,
d22e50dfea182fbf760ed4,Carlos Jeey,,
df588361b0600435d35e48,Carlos Maestro,,
ed2630c161fe27922c5c0b,Carlos Manjarrez,,
28cc425e67c1ab7c9b9afe,Carlos Mejía Godoy y los de Palacagüina,,
b2653b47a1372b7b08b193,Carlos Montesquieu,,
348aee719fa7e8da196c86,Carlos Piña,,
227180b1147b61ba829ffa,Carlos Santana,,
bb164372292aad1093d454,Carlos Trvp,,
2c1cf5df9e2451d84da057,Car-Man,,
d65a064c58c744178a82f7,Carmon,,
bcf9324cb650401267e3cf,Carnival Youth,,
c15d0de0160cc56dd235fe,Carola,,
57bfc3b03039a57f8d7d29,Carole Samaha,,
22da35e1c70fd1ca989c2c,Carolina Deslandes,,
4cf87013aa2140dcf87a5c,Caroline Castell,,
096f9d00d3a503a0be371c,Caroline Dubois,,
641715d28983aca893ff37,Caroline Polachek,,
aa962f63fb0446fee07e85,Carpenters,,
248acfbc6209ae07095006,Carson Coma,,
f7df1092a50c441a15ab79,Carterefe,,
6850b80988569691bc1668,Cartoon,,
1fe342968f130d9a7c987d,Cash Cobain,,
8d5621e5cb2b18af4a35b1,CASH COLORS TF,,
dc62425edd02dcb2af9e79,Cash Flow,,
79b9d30f9c5c0a16c3416b,Caso,,
e864a59d5d3fb7d439dd4d,Casper,,
e5f8d47abcfa72cc18d9a3,Casper Magico,,
27fd8ca945e572672c0a56,Casper Walsh,,
e7d56c57e31e454bed7dc8,Cassidy Belle,,
1fd91bcc690cfa82b62de2,cassö,,
13487c74aa46cc81f8356e,Cassper Nyovest,,
2376409a5cf8f29133e1b7,Casswell P,,
4bd5b98be46de61f084af8,Cat Ballou,,
e929fc3358390873b9d778,CatchUp,,
966879f09d09df41af34d0,Catfish and the Bottlemen,,
f04ed0c70fcf8e96d54b41,CATO1948,,
77944028e4de2b6097e7d2,Catrexzy,,
11ca8b6cec6334654b732f,Cautious Clay,,
1e8b2516fdcbb457e36516,Cave,,
bd040a18fe7a797d09bd6c,Caza,,
98eafacafa2af9a0b82fef,Cazzi Opeia,,
ba86ff300a46fab6a2fb53,Cazzu,,
7905f1c1e409892ea3414a,CBW,,
ac46748b2419adbabcdda0,CDobleta,,
eb1b69b092ed14ca1e7949,Cean Jr.,,
2e376fb38be2563bd9cf14,Ceasar DD,,
3b948865c68fbebbdfce38,Cecilia,,
4c2a49d473da8424f2f2e2,Cédric,,
000e1167e17db8308b2d9d,Ceeka RSA,,
6d2edd5969284ec41bbfee,Ceg,,
89926fb09dd18cb24a67a5,Ceky Viciny,,
0ea7b6a5f2ededd4e26278,Cele Arrabal,,
0150ca40ec76da073b4e16,Celia,,
6cdd992d0b7a52729713f6,CÉLINE,,
d37983f90161b28bdb0e83,Céline Dion,,
351533c9c23566c25a5e9c,Celo & Abdi,,
a79e4de39b51c4d5fb8240,Celso El Potente,,
98a5c319a8fbfbe18814d0,Cem Belevi,,
768da944167b2ed124972b,Cemetery Sun,,
81edbf6412305147cf92e2,Cem Yıldız,,
285aa0bd68ca967b82d172,Cenderawasih,,
0d50db199b3a28d04daf47,Cengiz Erdem,,
ab8576a500aab513dfab30,centomilacarie,,
269806e95a2b949883020b,Central Cee,,
5db4a9d0bced0ace69c59f,CERCEL,,
f405761d0bec57d12fe8d2,Cerebrum,,
1ca5dc6c85bcc0bcb392a3,Ceren,,
5016a7020a09196fb34da2,Ceren Sagu,,
3cc7d3d35ab91905e272dc,CERES,,
813f2c70a212948adb9e28,céro,,
137ed19827384d5ca9dfff,Cesar BK,,
f8268bffac549e42ba706e,Cesare Cremonini,,
545bfb6f3f643b4426c015,Cesária Evora,,
65df6c1f6a1dbd95bf8722,Cesar Marmolejos,,
4405310a6947508f22c595,Cevher,,
b06b27418ce247470c0816,Ceza,,
f467b944cb337fd16c7239,Cezar,,
4a521948ad94548f5b5c6b,Cezinando,,
a9ad60e43794bfb396477b,C.Gambino,,
3c1b8e1206d366c590c2d0,Ch12,,
92588eb57b9b6f170811f0,Chace Dbag,,
155140d903c5ebc06e77b1,Chael Produciendo,,
85ee33ccf55e95ba7ca029,Chahal Saab,,
68ce9d48b20f2e24c9db6d,Chahid,,
cbb0b0b13fbbf1ddcb3ec4,CHAILD,,
582f296419d96bf227d2ee,Chai T,,
0b58ea66673bc9eeabe95f,Chakal Del Sur,,
7889a3dd3d72beece89c4f,Chaki Bley,,
bffc6e548e92c5b1078ec5,Chakra Box,,
ed647ffebfdb72c012dae0,Chal 777,,
bbac8d4f01c3e8f714ff8a,Chamaco,,
98c1db5630cbb9e37f7a58,CHAMO,,
c90d0367ca45020b51344c,Chance Peña,,
e6249fd35966e08a2ba6a7,Chandler Moore,,
b907d8ae3dd28ca1205fac,Chandra Bose,,
31ef596f9dccc8a0ff4940,Chandrani Mukherjee,,
32ca4cd641686429851d0f,Chanel,,
fb9db19103b06c4579bd13,Changg,,
de476a46fecda8abd67f96,CHANGMO,,
a78ea5b69029c36c152e88,Chani Nattan,,
918f8a6e11abd43ec8f2b4,CHANMINA,,
d2ee9636ddd2baa3da8ad2,Channel Tres,,
8aa141e323afda05e1f220,Chantiel,,
68d3056eefef2e6fa323d9,Chaos333,,
407daefc9b6341831b116e,Chapo102,,
900ab8e5bd444d32984a69,Chappell Roan,,
2ba8afc8b1d210bbf5d759,Charan,,
d86261ce707421fdcf0aaa,Chardo Chardemio,,
a453fcaf7afeb5c5eb921e,Charita Utami,,
ed3d9c27f716883923c83b,charlie moncler,,
5909241f525ec8eaab7730,Charlie Puth,,
2d0b46eadfa603abe3ef9e,Charlie Wilson,,
c33f496b71bdbb0c58d05b,Charli xcx,,
be34a0b7442b0f69618a6c,Charli XCX,,
9a32130179692f6ebd744a,Charlotte Cardin,,
7939288af69d3e861ee647,Charlotte de Witte,,
ba3f3552da6e0681b31c4c,Charlotte Duval,,
d274f646ef3f1a0f8cc923,Charlotte Plank,,
e2e51c1352939734f3d98b,Charly García,,
6bd57867292bdb61fe15db,Charly Sosa,,
a4f0b68a8f49e16c7a0cb8,Charm Holic,,
3009804f337b579951cf04,chartsprivate,,
6af315f8859d5eb51aeb29,Charusha,,
78a46e2317298e114d9978,Chase Atlantic,,
bb044a10c09e03a12c5451,Chase & Status,,
8ff80b16c5c785230a96f5,Chasing Abbey,,
f0869ee6d8e478baa4f353,Châu Bùi,,
341ad67602438c06539bc9,Chavanté,,
e45d4a2c042b9f185d9a0d,Chawo,,
ab71f7b06423a1d50cdc5f,Chayanne,,
d3da71cbe7d200489758cf,Ch'cco,,
8450504b8206c0813ba68d,Cheatz,,
b587a6fc77c885a0079a97,Cheb Adoula,,
2abf96801907355da36f69,Cheba Warda,,
837f91160b113099404a1b,Cheb Djalil,,
7f452a9c29162cc76d1d60,Cheb Hichem TGV,,
2d0530ac1a6be9702d14cb,Cheb Momo,,
d45403854598a06539d380,Cheb Mourad,,
aa973f0b912d0893a942f9,Cheb Nassim,,
b220fee53cd75085912824,Chedda Ree,,
936cbf929bf601f808355b,Cheema Y,,
e78e826a940cbb7239835e,CHEEV,,
bdb5051fd83d43d4fad105,Chefin,,
d6b17380c5f66e3f33282d,Chef'Special,,
8ce5b4d2a0577483ecb4d3,CHEKAA,,
d9bbfb24e5ebb0fbbec34e,Chella,,
f43fb3d5b2d63a04463c41,Chelsea Muco,,
b3c0dae8e83c5d57d01cb8,Chencho Corleone,,
aaf365b186740fd64750ba,Cheo Feliciano,,
49590b70024a0edaa6be6f,Cheo Garcia,,
3e0deb2f1df28a6a13c9c1,Cheque,,
892edcc7da009ce3b22ef2,Cher,,
516be4cbc37b06231f1874,Cherry McDouble,,
43b0d1c75c5b384fcb4340,Ché Salah,,
a70d586823f54fc2aff705,Chesca,,
d0ce9310d17aadc883c757,Chet Singh,,
82278e73981e4ed00e6b3f,Chezile,,
ae6e91de1857a032a51ed1,Cheztom,,
bd761778a24ff1de686d88,Chez Tropics,,
99b1b425d68e1ffb56ad84,Chiara Oliver,,
a4c322e6647d960c8f8ac9,ChiChi Peralta,,
db7ca6e5af050cf65e5305,Chicho Castro y Sus Alia2,,
a44f51c0fc3f447a32b1f8,Chicho Severino,,
d88fb5f25214c52c63da92,Chico,,
c38fcdcd1e74d8cd536864,Chico Beatz,,
f99308cca5a3e1a3530eeb,Chief Keef,,
a3df4f2c9c5a9d93efc652,chiello,,
676f2a7cd80ecf8671f32f,CHIKA,,
33ece0c88cd1cef6051af1,Chike,,
acb04e20a58d247a69ed34,Chiko,,
4618fc24b06aec1631e828,Chiko Alfa,,
9857b304e5a88397d2e080,Childish Gambino,,
039539f3048ca8aa7906ef,Chillies,,
34740b5e4444f343dd377e,Chillin,,
6aafdf1969bb83ed7a8ab1,Chimbala,,
4c67f2a81cf4614e63fea6,Chinaski,,
65c3edbd173c1a86252673,Chinmayi,,
aaaec5d89c1b78213ccef0,Chino Pacas,,
e61e34b450f37e2668daf2,Chip,,
0e296e3276bd3cb119146e,Chi Pu,,
da18ee3643f04f00d8c9d7,Chiquito Team Band,,
92bacd4de0f2a3b0fa3f49,Chirag,,
e26e579252bcac37083b39,Chiru!,,
a2c48e91af8542572e9ef9,Chivas,,
879f0856f5cbee4c3dff33,Chivv,,
492b542f1a644d1b898923,Chley,,
271f01c43c15cbef72e832,Chlöe,,
8305a12dd118a9d97ff878,Chłopiec,,
4a7adde2647fd3bf972be7,CHO,,
7d53c02e46ff67f46effea,Chocolate - t,,
f708b5faa5810be4f58703,Chocoleyrol,,
cfc1c2051ab30752b775cd,Choir,,
353feaf69c37c85c58dfed,Choirboys,,
0b5c3a870b3d4ac3826e1a,Chọn gì? Chọn đi!,,
bf5b3affa0d4055fcdc388,Chop Sue,,
ef8acac1485609bc37ecd8,Chris Abolade,,
89f275dd0de2ce07f425ba,Chrisanti,,
210b61e04703521d7f6f61,Chris Baietta,,
86517b0d724548d323c8dc,Chris Brown,,
fe7f918539cfc274f4cfb8,Chris Clark,,
2672dc7540202efab318da,Chris de Sarandy,,
f62ad1d192d7171add14b5,Chris Hawks,,
8b38f0c1c08a49f24c23e0,Chris Holsten,,
f306b38a00884353ef9da9,Chris Jedi,,
3b83b7c8a066c80bcb2846,Chris Jonex,,
3bc04562ddf47263b22590,Chris Lebron,,
f30e1b3d70728a1320f087,Chris Martin,,
e2249129745b21951d9f18,Chris Noah,,
86cf2448c4dab2bbb9ebc5,Chris Rea,,
c8ed53fe98d5344f49661e,Chriss Oz,,
ba80c01158c84de1f8f521,Chris Stapleton,,
e133c50e7f36238150a684,CHRIST,,
770fa862e7759bd8474d3e,Chris Tamayo,,
5527122703c3124c49c5e2,Christian Liguori,,
b5878df5d6ce1c924bb9b5,Christian Nodal,,
92109e2189cd79072b7df3,Christina,,
ca9ef3708c06c99741e62c,Christina Aguilera,,
f1f6d107021fc17f99944e,Christoph Andersson,,
5447aa4026288039fccf95,Christopher,,
e24e30589460a6c8940873,Christos Mastoras,,
ec4b166544598f4faa06de,Chris van Dutch,,
3a4763e57374745576f17a,Chrystal,,
ce09e937987e29a5904aae,Chrystal Farrell,,
6a1050e0755db8f8c94b59,chuala,,
08b859879e49b72830c147,Chub1na.Ge,,
2c8c8bf4a00cc7d888a3f9,Chuck Berry,,
f0038d353eba22f1f837c5,Chucky73,,
94005d30f424a7c1d63803,Chuki Beats,,
fd96d140d3c767798367d5,Churaq Clique,,
a0ad0b01ac78576994c946,Churaq Sputnik,,
979eb7ed19294150108447,Chuwi,,
c6e9f8d47481fa4446e30b,Chuyin,,
9b65937694054418c5059d,Cici,,
9d65b8f84c66dc5a6023ee,Cigarettes After Sex,,
955fe38daf756498d25c62,Čikāgas piecīši,,
7fc0891cce57c44de03810,Cilia Katrali,,
8cac260c8f3f37f1304c74,Ciniso,,
d5fef42de445a1adf564d8,CIO,,
f075d32948e101e869ef80,Cipri Popescu,,
f92374b02420135e0510ab,Ciro Paniagua,,
66c5e5827916685cccf2d8,Ciro y los Persas,,
e4f5548c05ba4fc62416e3,Citi Zēni,,
c259fa89cdd3098d4e8975,citosxd,,
83c564ee335f0b72b72edc,CIVO,,
35a75c6425204a32fe3fc2,CIZA,,
335b7bd2af916c266549a8,C-Joe,,
db99dd1d726ce88263bd95,CJota,,
19cf40ce2a7c55d15a7ddc,CKay,,
c062cca4bbaae49ddd79c9,CK YG,,
888aeaab6b19e21b650a57,Clams Casino,,
1af32542306fd6e3d175a4,Claniel,,
fcf13f8eca4da79b8e444d,CLARA,,
a95d5692ef4b002a6eaad9,Clara Klingenström,,
0baddc360a90f5ae48196e,Clarent,,
4fa2fac47d9ef9414b6442,Classic Roots,,
892ea6abc9dfd41e8af50f,Claude,,
822186264567ceb7874366,Claudia Puican,,
c4baf882b31af7687628af,Clave Especial,,
62d48f882f4be4e1258a58,Clayrocksu,,
098bfb03f6fd58e68206f6,Clayton & Romário,,
309b74a8a61cadf954a140,Clean Bandit,,
a4701332cdbc4008bcfe87,clearmind,,
7e64fb325db5cd1e479ba8,Cledos,,
f7b0b8e747147cf83080c8,Cleffy,,
f259157afdddb11760349b,Clement Chow,,
bbf221526dcb880bee598d,Clementine Douglas,,
aa6a1db9faddaa1794d307,CLEN,,
7057927f278a2a0cdd919d,Cleyh,,
d57cbd08c5207ef2b75c36,Clicherik,,
0b43305dafb5a1b0fd8b3a,Clicherik & Mäx,,
97a02a4b545b353321f2d4,Cliff Richard,,
db04e6db497f23bb6f69c7,Clonnex,,
d3d2e617335f08df835996,Close,,
ee13ad24eee164ff3df52f,Cloud 雲浩影,,
16cefd0b29620d7e84f313,Clovis Reyes,,
9ee0feead43e97c64d17cc,Club Dogo,,
ed901a2def8ac4dfb97803,ClubDub,,
c2b1ad676cf252ebcd0799,Club House,,
23639afeb3bf99d9910de9,Clueso,,
1abcbb936b3f0f671b0f74,C Lujan,,
a20d6cb6b7e3cb0d4d414f,CMAT,,
79577141a075acfbe6942d,CMH,,
cbfcce0b2e9054fe9f2dc6,cmmp,,
48e4194793ff5fd26c91cb,Cnethemba Gonelo,,
9aa6fd11da99b92a62efc6,Cocktail,,
b7d80c9f84dcab8686e070,CoCo,,
b264f847cbc5df7630ccc1,Coco Jones,,
511fa5fc7400eebdef14cb,Coco Palmer,,
9645e0d2d81b03083f1950,Code G,,
42609cf366a492867e4faf,Código FN,,
a9d80ff6dbe8e008cdcddb,Cody Carpenter,,
419ff8132110822842ece6,Coez,,
c5785fb03c68c09af7686c,Coi Leray,,
e7d73930587a850f67acde,Colby O'Donis,,
073b7a22f112365d7f453b,Cold Chisel,,
aa968850a9d255494612ac,Coldplay,,
53e904c12ff05267d8d2b7,Coldzy,,
9afe85a192c04578f9a420,Co Lee,,
e17bdc81d10924e084eee1,Coleto e Gabriel,,
f5bd8a0780543ced015e32,Colindători Din Vestul Ţării,,
4728bf3b81390384f13142,Colindătorii Bihorului,,
e22b2b3da4e8493d8ceaf3,COLLAB,,
a3a2221035eeee1447409a,Colorado Records,,
51bfe37586f14f850e85a6,COLORS,,
e03fa8da562996cc504bd5,Coma_Cose,,
f4ec1debfa9498f994e687,Comando Tiburon,,
37b26c30e83d7c33b18f79,Complexo dos Hits,,
e410357735f0bc81244f2b,Conan Gray,,
0799b818ee273478b0e1c2,Conep,,
991382aefb42c7060cec64,Công Dương,,
4c222897f46ace24c867a6,Conjunto Alerce,,
8a936f459a790ae2f5ac0f,Conjunto Graneros,,
16fe1d5717221ef4f5a6f1,Connie Francis,,
d0fdaf8daa77939dc85281,Conor Maynard,,
9ea8a8c82a3eb27b2da3da,CONSPIRACY FLAT STUDIO,,
dc5a59fd70dda609ea014d,Contec,,
4e9772b035db007a0100a0,CoolKid,,
09f9d09266d745afbddeb9,Coper El Final,,
35c1002f45bfdf216eccd9,Copilul De Aur,,
f402104d585eea40a1069d,Copy Con,,
28035ee695c15c4feba2ec,COPY RIGHT | MUSIC,,
a69b6dcbd29cc775147bfb,Cor,,
179d54d46ec89c7edb0b62,Coral Infantil Colegio Manuel Pardo Chiclayo,,
42481928b478efc4ca3f4d,Corazón Serrano,,
e9d947d5dac6bb50013b0b,Cori Adrianza,,
b182519fdc27342466f95f,Corle,,
77030082c06d909d4be3cc,Corneille,,
5102b6478a52b43ec33b46,Corona,,
9d706290a6beb418a51963,Corrella,,
9fda3e1436009e800effd9,Cory Legendre,,
bfbcd4559808a5021df937,Cosang,,
c45b25fe560ed9ef41e6b9,Cosculluela,,
f627dab32ea1eaab05207e,Cosmo Del Mar,,
21060f1d3d8df50e0d75f2,Costa Azul El Imperio De La Cumbia,,
e483d925b758ddcd1e3e0c,costee,,
9e1dd3b94b0f19d0551b9f,Costel Biju,,
769c382d2620a4e7b1adc5,Costi,,
54609caf7cf81d91c5bbab,Coucheron,,
2f783d96fe9337c0aa9841,CountryBeat,,
f048e271d23864ea739cd1,CØV3R1st,,
5184f6de26ab8b7f4d1b17,CowBoii,,
8025c53f2349b3d641dc35,Coyote 63,,
74797ebf81e6ff89abf09e,Crackaveli,,
f0c82cab11355037269152,Crayon,,
7ef744b88b6f7bb08eb16c,crazyaimone,,
33089fbf9c5d00aa2a1957,Crazy Fox,,
f69707fbedeed02295d691,CREADOR,,
43d851c1621a965d1a42f2,Creedence Clearwater Revival,,
ee141e53cfd3dada223d1e,Creeds,,
32916f710d32ca81dcd108,Creepy Nuts,,
40168f1136b85449ad0fa8,crier,,
05bbdfea92fa9fe6a89129,CRIMAX,,
74c8efcecb33a172f77a0e,Crisaint,,
48ba28c4aa83f5356b0360,Cris Mj,,
fb895b2f0ea00c904109cb,Crispy,,
5b3662d1e2e357f6ea4034,Criss Kayji,,
adbb1376b4f898da559b74,Criss Valencia,,
de55f6cafa417971eafa14,Crissy,,
cbabd2b09f5689d7e596c1,Cristian D,,
ac715243ffc29164b145b6,Cristian Di Marco,,
2ad084b065ed27554711db,Cristian Marchi,,
e9978505b80fe376658331,Cristiano Araújo,,
b9461ea2c642ec1046cc2d,Cristiano De André,,
af04972fd69bd46d41f94f,Cristina Pucean,,
ff2abc6b52f29e090a53f9,Cris Valencia,,
278d01e5af56273bae1bb9,Critical,,
38233b7bb6ee2af87af960,CRO,,
cffd407c55acdfd977e67f,Cromo,,
645e32cfd9938a79e6ff69,Crookers,,
5115eb87785c6b7fee6ebe,Crossdaboss,,
61f035e86bcf1db660371a,Crosso,,
6a0c9f492cc43fdfb69bca,Crowded House,,
004961324e48899ab4bb13,Crowd Lu,,
efd339d671524c9a66d3ea,Cruel Santino,,
acc9e045e4b8f5172d0ac7,Crush,,
16d3361843d9408296ff56,Cruz Cafuné,,
61956a1b1140ebbb396205,Crying City,,
0c6e7c5f127ef243e969bd,Crying Yakuza,,
350e90d6e08e64d3580456,Csak mai slágerek,,
90dd7ea5e3da5533620ef6,Csmile,,
28c55f7012ca7a393360e2,Csoky,,
de1b0d48de31cbaede3565,Csondor Kata,,
a9ffc5959ee3a9984e504c,C. Tangana,,
9a782a3cc0ceba3430bec5,Cup of Joe,,
012eff348de713d6e6e2d2,Cúpula,,
c24fc3a6b06150e18b07c0,Curly Strings,,
738ca3cb200c27b4996ed3,Curse,,
dc4252a1725bc645ada88a,CURSEDEVIL,,
f7687deb00d01e460568af,Curtis Heron,,
2c43958da75ab19cc67617,CUTEEM,,
d20e116eff14f3b3cde5eb,CUTIE STREET,,
8d4417719666e8de43573d,Cutterinyo,,
fe7bf1da34e1d54c288b64,CUZCO$,,
d3821aa5a89d238faf0692,C.V. de Kapotte Kachels,,
a4af4199f1f5aecebdb7fb,Cyan Kicks,,
53c783f93d434108dbe0c7,Cyfred,,
cda5a97415a44463aaa2cc,Cyndi Wang,,
17dbaec4998092a9582539,CynMiah,,
b8f63b5921e2e759aa9c89,Cynthia Erivo,,
991c66b28b953c78c6e026,CYRIL,,
984b80bae66b30bedefe2d,Cyril Kamer,,
eddc2d3ebc45404f4fa659,Cyrko,,
e5da5f171647e911b18a98,Czarny HIFI,,
3ae1171082bf570608d34e,Czerin K.,,
1321518e217ce58292c5c0,Czerwone Gitary,,
cdb9e86029fd19ebe40560,D£JAVU,,
7991e76ae08b27ddadd207,D1MA,,
3d4f2280bbeb6dfc838111,D3W,,
b0b21132703f1ccfb85b61,d4vd,,
ee2d235708060b567a2f23,DABAB,,
4fc42026de0ba62955c282,dabbackwood,,
9d8ef0e7a7dedcd1829af4,Dabl De,,
44fb7f5e21a88972cac2e5,Daboor,,
fd12c648aa48dae9dacd60,Dabzee,,
f1207bf58299d0da68224c,DACHS CENTURY,,
19a5fe96cffe3ddf163294,DACI,,
11487ebdbed045a926040b,Dada,,
c04d50eaa5811fddd54f12,Daddy Cool,,
ed73022e38d78447588e21,Daddy Yankee,,
f2e22fa054af8620239220,Dadi,,
12e753de94ca8464a55a33,Daði Freyr,,
8802f8fe47137a8c5a51d1,Dadju,,
674ea538a5ae6a51377d3c,Da Dønk Project,,
34e881c64da07548b3a7ab,Daecolm,,
901a7c5e0f6a2b894b5366,Da Endorphine,,
a16c56d584f86cfe600f20,DAESUNG,,
33f0bb8194a49c0a010963,Dafencii,,
267a53be62bad441d79bff,Dafina Zeqiri,,
8ee2c0adee9548498ef22c,Daft Punk,,
06ca4eab1509d894c0750f,Dagadana,,
6d209ebcedb3654f90a075,Dagamon,,
66b083a678f2998b7947dd,Da Gifto,,
a9ef787db86b8050c2d3c6,Dagny,,
cf31d9c97cae6a5a908145,Dagö,,
3fe87a32e717dce50333d8,Dahvi,,
0315dd29e7626742ddf9ac,Da-iCE,,
4d2c2e6cc1df24b07aa49d,Daiko 02,,
ac877e3e2a5d648bf51f69,DAIMA,,
d54f77afe0f8af1bcd17f1,Daimi,,
583be2883e4d69226b2df4,Daiyon,,
a19ea7b1789848e7e384da,Dakillah,,
b11590a5ead2b637f74bbb,Dakk'd,,
a77705ea323fdbc79f5469,Dakota,,
43b5a2e8233163adab6ca6,Da LAB,,
8e51393d2ce1bcd86fd770,DALÃMA,,
83f847902dc16c2b0dab17,Dalex,,
f206403306cca1917a34d8,Dalia Amihud,,
df49c9fa6cfd81bd873d7a,Dalida,,
6797d44b96f70d972af0ff,Daliwonga,,
830d37cc613e1c1a3968c8,Dallass,,
4c91444f0899cf92c3bc19,Dalmata,,
c44dbdffab6d7812b3803c,Da.Loca and Melo,,
b63c8e1514e79f9e7a83e5,Dalom Kids,,
ba2e31a8caeedb158c2da7,Dalyb,,
e1e66f18f38a9de99d5e7d,D.A.M.A,,
fdfd00ac21f5180ae5c327,Damas Gratis,,
3bf21f59fd817dcd723b34,Dame,,
9bf6ba1597eb4cd641ccaa,Dame D.O.L.L.A,,
254980a112dd4facdcdd2a,DAMIANES VIVE,,
67eb9c9b88abe1d71018b3,Damian Marley,,
aa5f8b7122c3a6598e5d8a,Damiano David,,
a5027ecfecf3a127efede0,Damiron,,
6077dc2945e651810b0a18,DAMNITSKYI,,
7c8397be7e2da1df40bbee,Damn Yury,,
8993fd47d2224c1b4d7d4c,Damo K,,
be0b0617aa208c1fffb02e,데이먼스 이어 Damons year,,
607860217891f473e73b43,Damost,,
e6aee2fa765a2adeb4cfd0,Dampé,,
5e3ab178adebf76b71d0fb,Damso,,
1b0131912f0ee05923e0f5,Da Muziqal Chef,,
466730d8bc52e51027f789,DAN,,
3b55c1213d3dd7b8c3c814,Dana,,
2e8c80e5c0a6f1c37ed9a6,Danae,,
94d088de7cff509ad6b9cd,Dana Hourani,,
421af8b66122c3e999fcab,Dana Salah,,
2888f32a054ed12c3a97ca,Dan Diggas,,
2f67bc94b82f6131c098da,DanDizzy,,
9cadf0c26dd6836c35f7b4,Dangrangto,,
0b2cc82e6a177b18faefd8,Dani,,
5d4b340a197d537c5f35e3,Danial Kifli,,
d4dfee56fd622e64daa1b9,danicpeepner,,
b1f1bfc5bd11456e9f4122,Dani Danay,,
4d18e9aa5a37067dac3398,Daniel Alvin,,
2aa647b62d65df500ada6f,Daniela Rathana,,
32f5b8d69dec4742c482cf,Daniela Romo,,
c6028ed08ced45c60fc65f,Daniel Caesar,,
a8b5e27784deffb5931fcd,Daniel Chompa Bracho,,
f103dd3cc7c442695d04e3,Daniel Da Silva,,
9da626662624deca93db90,Daniel Davies,,
e597f28600a02399252bcc,Daniele Negroni,,
1b68863ba3fba31c7c208a,DÁNIELFY,,
4a7be0264f99e8aa787c7e,Daniel Godson,,
c501b360e0d9513861a4b7,Daniel grace,,
e6bc3825f6535e566d9899,Daniel Levi,,
73b62939073defb06d86b3,Daniel Merak,,
c80982d2a7a5145ecafd0d,Daniel Noboa Azin,,
8576465528619dda17e522,Daniel Patiño,,
4f370f78505252e0c5af71,DANIEL SAGATTO,,
563e962e01285b10b67fe2,Daniel Schulz,,
850de0b3682e99485e93e8,Daniel Slump,,
671bc2fe653039d2fe7044,Dani Fernández,,
82b6b24386ed819a32cd85,Dani Flow,,
6d2934cbd2ecb18d7941af,Dani Gambino,,
e8790c3b14bbcadef75f38,Daniil,,
e9cb94b54a740211e19c87,Danilo e Davi,,
a818ba33f198dc96c739a1,Dani M,,
b0c8702e216f1df0fc5450,Dani Mocanu,,
2d52c527e47e4cc6518b96,Dani Pin,,
3196d1e24a147dfc0b0349,Danisen,,
3b159235e45950500d7551,Danish Ahmed,,
26bdad4af0ede7733ba4ad,Danitello,,
877fd850ade642c573427c,Dani Torres,,
e708b77800d1d5ce38c5d7,DANJAL,,
6438e2384b21403508a317,Danjel,,
0c6d583726d739de80429c,Danko,,
18694fe0284bc3c310ab00,DANMY,,
1ad27f5c9aecd8fde21abe,Danna,,
defba617ebff177c47d8d6,Danny,,
9da15971af828895437b9f,Danny Ocean,,
53cf68bdc5be1601ff89fc,Danny Robas,,
9f7c7cf75179d7b0ae8263,Danny Saucedo,,
db8be1c5832d9022cf6926,Danny Shades,,
f426d2078f62d93d84b705,Danny Vera,,
51570c551e63edba607aa7,Danny V Music,,
49b6209d0edb144389cc01,Danny Yash,,
5d166032d78f42d76cbb15,Dano Kapitán,,
743ba9e02863256ca53720,Dan Pinto,,
24bdb2e47ce870887fe7ac,Danseorkestret,,
49770bf98da04b70b9b8fe,Danser Med Piger,,
ad13cea63dd0ca8bc1737d,Dan Slater,,
09a82a5fa9ed8515215d59,Dante YN,,
098b70c51c9ead14fc2652,Danvin,,
029cc79b60c885a32f6097,Dany,,
28415fbdbfbe4281c05925,Dany Cardona,,
8438c41339a29f30af47ad,Dany Ome,,
a174172c3fd547a3016c77,DANZ HUN,,
985867437f30995db29091,Dardan,,
11275d31dceee36677ce9e,Dardust,,
9275fa8a20dfcf35b2ba81,Darell,,
e853913c1d2882bb690b1f,dargana,,
0ddc6ae2b17d95bf4d155f,Dargen D'Amico,,
71740ba3d71d91e9ae3254,Daria Zawiałow,,
fe51b83c7422844c41d8bd,Darin,,
f54f782cb64a1f3d46977b,Darina Rolincová,,
79d8475a8705224ca078cb,Dark Angel,,
fde9b343e4ea216ecb04f6,Darkhan Juzz,,
c82550780bacbedd36173b,Darkiel,,
3f9148cc94e36476323633,Darkoo,,
371728cc759adda1a4ed30,Darlene Love,,
e09a00f9fc55287d76f9ab,Darmiko,,
c3b5373a188634fea289c4,Darren Studholme,,
73e4178d445f84c27ea4b0,Darren Styles,,
96fe166b78bfa4b9b60af5,Darshan Raval,,
1e345577a59a210fda6af0,Darta,,
b8909a093b720488725c47,daryana,,
41bed8eaf91baacbc0605b,Daryl Hall & John Oates,,
9872cdfe2bebb3a40333fd,Daryl Lee,,
155372b813fe0ccd86711b,Dasha,,
31bed09ac7074997f01958,Dasilva,,
a0f1765a0a710dfd45a7e5,Dat Boi Dee,,
6b2837dbc661a14bc1fee1,Dato' DJ Dave,,
f6ee2342ddff8cec21ee03,Dato' Sri Aliff Syukri,,
006b1d75032247841cffc8,Dato' Sri Siti Nurhaliza,,
9dea0dba40757e44e5bc35,Dato' Sudirman,,
11e2c8a77b1bc160e0b055,Datuk Ahmad Jais,,
287574b14ab9c5a75c7d5c,Datuk Sharifah Aini,,
e37ddb253f54ba4bb98471,Dauner,,
cea5431bd8c1e386f1a8f2,Daun Jatuh,,
3d0e85420af93b6ca7bf2f,DA Uzi,,
3e84be47a3002c5394d8c1,DAVA,,
083d9a270e6e16b2fbb08d,Dave,,
d946658594af88286da21c,Dave Bolaño,,
0b65ff764aaf4e81debcbc,Dave Lonely,,
4cefa99e3351f7a8bc03e6,Dave Stewart,,
266ca4305781a7fc927788,DAVI,,
3a8cdf707dadfa8173b8f2,David Beng Rostaš,,
740e37430035a233eea100,David Bisbal,,
bc34f49595384eb333f244,David Broza,,
1102d5656e2a51f5977678,David Carreira,,
9003cee21a037cebf7dc4e,David Coast,,
68ed3498859436067bf5aa,David Dluna,,
8f7c359827911ffa35d33f,Davide Laugelli,,
bb28f8c4a84586e2eb1c3d,David Guetta,,
2b3c10009d91df0dcca42f,David Kushner,,
aefeef4165e6baae8796c1,David Lebón,,
358d50bc61a8db865b08c0,David Ling Jr,,
f17939e5298fe38e899032,David Lui,,
a9a04e6e5062f36b13eb85,David Marley,,
046c5c611097e9042e446c,David Mokel,,
6dced2354f12370412c0d0,Davido,,
ed5931c32266f68e45d818,David Rafael Duran Romero,,
aaef0b60436715dcfb9473,David Soliz,,
7f5490c7d601fd979312d4,David Tango,,
4dcfa083cfea0feece08ed,David Tao,,
89a4592d356d25be93c531,Davy,,
5bcde49566ce5c61a8c05c,Davy One,,
c4ef07ef58bdc996163e11,Dawid Kwiatkowski,,
685a18758eeb2952939a49,Dawid Obserwator,,
028b10332174b83809fc75,Dawid Podsiadło,,
1e15abe6cba0d33297e095,DAY6,,
76c559669bbd2e51e9791c,Daya,,
45804beefbe926563ec93c,Dayangku Intan,,
78fb399ec4d1b9be84be9b,Day e Lara,,
2911eedfbf59e5d7df598b,Daylyt,,
660ec3ba808f52eaffb74b,Dayme Beats,,
859025ab02678486973994,Dazh,,
cdfec58a63a30bece24e35,D-Block Europe,,
04e75f120b31f6e5589e5a,DBN Gogo,,
c826ef28c37299627d249a,d!di,,
991bce0d30d7733493c1c9,D-Double,,
892c70059ae7641e3e9b99,ddp,,
9b20752f14503be0510115,DDS,,
f5294a8d4e6336555d367d,Ddusi,,
43b66d4f46bc247440636f,DEAD BLONDE,,
14d0cc6741c2d31785706e,Deadly Guns,,
06558e2dfcfbcf309ff128,DeadManea,,
246f15ef7f7e033379c7ff,DEAN,,
86d94959ad70a97055ca75,Dean Lewis,,
955bdbda73013f9dd89357,Dean Martin,,
e1c45e6f5fe8d428199b0e,d.ear,,
9cc48c1c846741d2486c64,Dear Jane,,
39766116546ef504e46fdc,Dear Sara,,
f9f95838dad3d228fa57fa,Dearson,,
11ae7b7df044ea3954bffe,Debora,,
74de318585aea73839c806,December Avenue,,
2aa5124c2cba8f50c7dd50,Declan McKenna,,
456c8c8d42c02f31c7e793,Decosuave,,
98d5327f3fe9f130ddf0c1,Decrat,,
2d3dde55480ddd1e7f7e11,DeDerDrenge,,
17eeea1ced9b53efc7fb6f,Dedis,,
ab8baf28cc22e3d3da754e,Dedublüman,,
6255f2b2f0748a00e849b6,DEEIKEL,,
7eb8ccde1608a77f0228f2,Deejaykgosi,,
3847c70101f148b903915f,Deejay Pico,,
5f6bd2e991beb1cc718cb0,Deejay Telio,,
43b9b188d94638f6e5b0cb,Deejhay RB,,
bdd4a418a944af1919e9e6,Deej Panther,,
0eb19b8e275c31a6027368,Deekapz,,
13dba13edbd3dcd7a4499d,Deemz,,
882fc58d56ebb394bb1915,Deep Jandu,,
99d26b9d77e22261d35860,DEE PRODUCTION,,
e7d76a6b3bd5515d16f466,Deep Sen,,
8308482d0d7db191562cdf,Deepthi Suresh,,
7552f400aba3950e24bf26,Deetray,,
32c00c508abd142b88dff9,Deezy X,,
dde5c8d4149c5072d2cb79,Def,,
b3cfcc919e84324f690f72,De Fam,,
aea33c4fe6a7c3e2eef008,Def Jam World Tour,,
8c45f190fbf2ad1280d74a,Defkhan,,
0c6584d77387bde431cd36,Def Rhymz,,
2a42f1027d65954b996d8c,DEHA INC.,,
0df9153f238137d51f29f6,Dehry,,
941baba12de58616e681eb,Dei V,,
0fc2213ea9ad8b742fa170,De Jeugd Van Tegenwoordig,,
7fd274ca243ebca8b6a5bc,Dejinha,,
60e4103e0ab75148ccc6c9,Delacruz,,
1bc96969ab9a059155399c,De Lacure,,
8a3133d7ee02cb758c0484,De La Ghetto,,
6e66388c26b994db6662e2,Delaossa,,
9c0619b41fd9e7dc1c0444,Delara,,
73171c6b81d3dfc0ae11a4,De La Rose,,
55ec875b5f939685b1e6d3,Delarue,,
5a3c0203497930e201404e,Del B,,
5abbe2ca926ed714d52e56,Dele,,
d73efc2fc7c1cc01a2a776,Delia,,
355df40d8b6e62729dc8f4,Delilah Montagu,,
e2e7dd2d41594f9c8b6756,Deliric,,
b505f7723ae4204e1a318e,Deliverymusic,,
10c218ccbeef66b694a966,DELLAFUENTE,,
383218615873a0ff24eb45,Delle,,
bd6d8cea8e28858af8d826,Delly Black,,
f319e13d94911a0479e79f,DEMI,,
a0df6953624bdab31d249e,Demi Portion,,
d6ed3cf92ac0a31f5963dd,Dem Jointz,,
4a5d6a5f32a7a750102bbf,DEMOLA,,
29c03f057d2b49ee263a37,Demon324,,
2aa89dd92e0017993bfd46,De Mthuda,,
4a87b2936574553be15426,Đen,,
de90572e8362ecd4797ef9,Den BB,,
602a292f3f093d959ede90,Denden,,
bca2298cc9b6b69d262222,Denise De Kalafe,,
14e7f0199c0e3ffa46154b,Denise Julia,,
5bfe32ea47f6268f252181,Denis Nuca,,
35f45291a93e8cedb2c98d,Denis Ramniceanu,,
d5e6376bae021b854dfa29,Deniss,,
846dfd3373e9687e69f7a5,DENIS TEOFIKOV,,
d3322602910bc8d507f589,Deniz Erdem,,
aecfbbe4490101b2212c89,DENNIS,,
6153e02bf67aa1bcfa3416,Denny,,
8b37dc68d50805a8d0c18f,Denny Caknan,,
4ba7c53be72ee65ee4efcc,DENNYMO,,
90a8e116f0c50b620808de,Deno,,
49ed48baa6f4f767e10f37,Den svenska björnstammen,,
fcaddb63aa6ca29cbadcc7,Deny K,,
c4f7a624cc6f05729dcc93,Deola,,
89a0cbfec207712224e9d1,De Parranda,,
977f83a9dfd611df414bad,De Poema's,,
269e78d1f721be5126be1f,Dept,,
3b2c89e6cac87f0e1c8de6,Der Heimer,,
d68706e87817e2c69aa3b7,Der Manager,,
23e36a99ab19c6a144ad32,Dermot Kennedy,,
3928c71f8b24ce717f7b08,Derya Bedavacı,,
d97fd1f9cd16af2681e7ea,Derya Uluğ,,
3ff74a054c840cfb913dbb,Der Yavuz,,
bc9bcf75104135e4f41655,Descemer Bueno,,
4b76f7e333dec16974579f,DESH,,
0838005708465516395fd1,Desi Crew,,
a6c2dcf68997d3554d3d59,Desi Slava,,
f2e4543d6374710046b316,Deso,,
e00a7aef82514722381f7d,Despina Vandi,,
3d5b0e7516274d8f1b3eaf,Despotin Fam,,
90d0722744c546bc28f8e3,Dessita,,
96407ff0f2171305556432,Destiny,,
6cd5a04f8b4031c9aacdec,Destiny's Child,,
ec429466aedf07f1f5dede,DestraBill,,
65e08351b461f0e0ab4ebf,Destroy Lonely,,
c81ef2759cd7a565ca86a6,De Su,,
ef9d05e11a95fa7624b764,Dethron,,
289158b8613bbb41cdca1b,Dětský sbor Camerata,,
c2b748829292b9b15f618f,Deva,,
8563b9ee304e6c600ab0fc,Devano,,
5db5066648256a6b642d75,Dev Chouhan,,
e63dbb0b36c74b3115855b,De Vet Du,,
9c08d308b75a7b5c2bd00e,Devika Badyal,,
d7aad8f20651b8f25ab47a,De’vine 07,,
41782c747e14a10d361fbd,Devinity,,
67decdee7f4259df93caa0,Devi Sri Prasad,,
11b38a2659c58b6d1761cf,Devito,,
a3bfb6dd8ae8a29fa53705,devkey,,
b128159ce70201bcc9cf3c,Dev Negi,,
f3da1afa4b5e267ef34bec,Dewa 19,,
4a4b9a923238af0a627849,DFZM,,
a7d63b8b23919f9f379ae4,DG e Batidão Stronda,,
2a424304fbbc3af61920a0,D Gerrard,,
a836bd6e911b0efe02bf12,Dhali,,
15061e903dc10c5058fdaf,Dhanda Nyoliwala,,
7058990294713d224242af,Dhanju,,
62aa6a9a5da00014280fe8,Dhanush,,
5533195078c91c5ba8ea8d,Dhee,,
ca95917f3dae67115653a5,Dhibu Ninan Thomas,,
a99559499b5b229a9c0493,Dhrruv Yogi,,
2a37deb0bba34458a1be75,Dhruv,,
dd5015b330a18e09391fe9,Dhurata Dora,,
4749a98118b637806d462c,Dhvani Bhanushali,,
882ae851a1d8e53c1c942b,Dhvani Kailas,,
058fade7d147548157e26c,Diab,,
91b735c08173c2b457c9a0,Dia Malai,,
1878578356bd97f2ac3a28,Diamond la Mafia,,
93b63feb993716772ef3b1,Diana,,
522ed9d7190b235e00851a,Diass,,
4075f8522deef07a84d74a,DIBSET,,
b352ba54f6448a53539b07,Dick Groves,,
12d8b290dd34e388f1861f,Dick Lee,,
ad97fd2bda68dbe8055b64,Dicky Cheung,,
9c8f65676d355c4292f7cc,Dicte,,
c17ee78eaa181e3fee8c46,Diddú,,
6969d6bfbfcf9f925582a6,Dide,,
d4c875bbd476d44dc80429,Didi,,
e7655c4cf5ef93d128dd9b,Didi B,,
91023f92a5d522d91bd8e0,Didi Hernandez,,
7f0da1f7a064e2a74bc66d,Didi J,,
b9ef8d7ed76da8cfa589ab,Didine Canon 16,,
9813b351732cf15d2cf589,DIDIxDADA,,
c08e7686d4fec4a6a612b3,Dido,,
e6c9d33d56bd18ddcb2272,Didou Parisien,,
b9ed26d4f6a3c546374f5b,Die drei ???,,
ae4e6695000dba922eaa27,Diego & Arnaldo,,
afd6279228b65f4ed0b494,Diego Letelier,,
8c8c52990d780688f756d0,Diegote,,
a9ec5b9f9c5dcf7ba77f7e,Diego Val,,
ebf04d8da8f2d324ae81f0,Diego & Victor Hugo,,
0de49717608e997af4867c,Die Kita-Frösche,,
ae587b080585d4cb542129,Diel Paris,,
9371fb527290e1bfa71d57,Die P,,
e205418a0060fd6aeac844,Die Prinzen,,
a2e1ec2dd3d8195d238c54,DIFF,,
95c9987aa19643743b1af1,Digital Astro,,
c99f4350e428abaf9a085d,Digital Nas,,
a315ed838814bf2486b518,digV,,
97a6c7a61c06f03f332eb8,Diib,,
fcacd89284ab45f9984fd8,Dilaw,,
51ae0e42534b7094af4578,DILBLIN,,
9e6eddf9fea8ddb4026142,Dilemma,,
120de51b7de6ba7f502bae,Diljit Dosanjh,,
2f928bac73d2dafd010ba2,Dillaz,,
24ac27d9a5e5165cfd46d6,Dillom,,
61067b1e0d13c040acdd9f,Dilsinho,,
7819ab596e8cc9f7e525bf,Dim4ou,,
8b114f87c630c08e1c1077,DIMA & LALO,,
5100e32bb7783921f65bdc,DIMA SP,,
d7ae4091c05d01d806f981,Dímelo Flow,,
9027039a6dd0420bbd3744,Dimelo Nene,,
219867199cca97f9608eb1,Dimension Latina,,
0ea3133c6948ebba621b81,Dimitris Giotis,,
edd3a9eab6d8438cfa5e45,Dimitri Vegas,,
97cba94df6179614954bcf,Dimitri Vegas & Like Mike,,
a0086e137316812706bf91,Dimoff,,
0bccae1c4112d357ea8ae0,Dina Ayada,,
16edf108692b3043d01ae4,Dina El Wedidi,,
c2016c24ad9a5bb854f24e,Dina Ögon,,
cf0fe50edc7b19f76d3f75,Dina Rae,,
77e5fa630bfbb79ef295d9,Dinaro,,
ac75fe35a9b7bbb0d3b826,Dingo,,
80bcc7d892c738fc46670c,Dinho,,
e2f41ea6887e5f1482fde5,Dinos,,
9f2b1e6120b0f0ce9af37b,Diodato,,
fc6b57314e5e99b8affbdd,Diomedes Diaz,,
3c22a81f5796d8e5335ecb,Dionela,,
48401933aafe1724fe7c1a,Dionis,,
fbeee3fab23d28f979cc8c,Dior,,
3dfb9b0743070cd093063a,DIOR 大穎,,
d5d8bd1ce27dafff6ebda4,Dippy,,
6fd9125df7911fcf97d8cc,Diquenza,,
add24e499b568dd22c9dcb,DIRECT FM,,
a7b0ef272eb8d2891eb2ab,Directivo Ultras XXI,,
280f741cf1d5a0a8a3f22c,Dire Straits,,
4155167556540c429130bd,Dirty Harry,,
d4673db69c2d904a4a0578,Dísa,,
ca1ef6c628b41507386816,Disciples,,
cffcb1a185b2d7d5c44e9d,Disclosure,,
b4cab01b438d7032434173,Disco Lines,,
f99902e20851132a9abab7,Disco Misr,,
569e0e5435522dd53bf64e,Diskoteka Avariya,,
f1e5f11da46496c920804a,Disme,,
911dd498cfc1db8ba9fd2e,Diss Gacha,,
38e3af9ea77883c4c2252a,Distobal,,
1fde133fd37227be92ce43,Disturbed,,
72db6d3e91d7b235e339e7,DIVINE,,
4a30142e0a35bc009eed2f,Divix,,
2a836376c636ec435ef2ba,DIVOKEJ BILL,,
889a45f588c369ca981c18,Divya Kumar,,
5dcadf481f798ac2e59683,Dixson Waz,,
f07a2c3112c92d9105ea95,Dizzy,,
099014a67f242f4f1d29e3,Dizzy DROS,,
349d6ad1ae22b3a01a8e3a,Dj 4kerty,,
fd903eb7a542b7eb62f9a1,DJ 808,,
a0db9636fb4163ec56b8a2,DJAANY,,
43650d4a4260add1737244,DJ Acres,,
7ea0065b82abcb4b49d24d,DJ Active,,
d06177c26022596f386c51,Djacyliom,,
c208de5197bddd90ff641b,Djadja & Dinaz,,
b6725ba897e148b3eddf70,Dj Adoni,,
08e4c278b3eb5088547c1f,Djaga Djaga,,
0c37169fbe8a8a06b3364a,Dj Aguilar,,
57288459f632dc431cb509,Dj Agus Lima,,
0086d22e6ef6081d1fc77c,DJ Aka-m,,
f3bc519489fd39f1f1e6c2,Dj Alex,,
ec1853f2ba6e3e70e0b8e5,Dj Alfa,,
c4e6917442957ae9e9591a,DJ Aligator,,
ad644691925138a8d318d2,DJane HouseKat,,
4cbafc7197377f2a6a7a38,DJ Anemia,,
ea830f9823d4fc10d258e0,DJ Angelo,,
2f81e19203322e7c5e3bfd,Django Wagner,,
d2d701a6fadf5d7273a199,DJ ANXVAR,,
7f575074e103feecd83628,DJ Arana,,
0592746b383caaacacd651,DJ Ari SL,,
42b0a8b2cef8c593fd20d9,DJ Ary,,
4fd89f9126f1e3b52ef754,Djavan,,
a070bdc30d1c1fdd5d807e,djbasra,,
2ca4da1718d2aa36f52e87,DJ Biel Divulga,,
31b5d802205692b78c7beb,DJ Bliss,,
5e2e63a856691b079e55ae,DJ Borest,,
c74dc0e555529590f5a83f,DJ BOY,,
498d6d7435ce178c6027cd,Dj Brunin XM,,
0507103b24bc76b39d7133,Dj Caio Vieira,,
ba5dd77e375843c3787fbd,DJ Caroline Larson,,
a59dbc895d8c045768a887,DJ Cash,,
3c04dbeb3da5bd7daacd75,DJ CD 011,,
68613e3023d73661a182c7,DJ Ceci Ludata Glava,,
7275ef0d20758b7b5d1b6a,Dj Chadin do C,,
a5acba9e9e7d41d3a1db98,DJ Chulo NYC,,
19e30ab8bad02d21ea5f27,DJ Cron,,
5f53c730e2cc7a772cdda1,DJ CR Original,,
69a8a4ce23759d48e2bc04,DJ CZ,,
a7d42c423f9ba40487b1c1,DJ DADAMAN,,
25f265186990daaa0d4931,DJ Dael,,
1091f50b1d79406bdb1af1,DJ Damyan,,
7c27ff7ba496dfb9b51b88,DJ DAVI DOGDOG,,
6da121b0019c1acf35c7c9,DJ Di Marques,,
a81ac05f69ac47a7e06176,DJ Douglinhas,,
6c19f291e0a6994644900a,DJ Dozabri,,
a820a4a190bad82e6af7bd,DJ DUARTE,,
b7f47cd199037387f450c1,DJ DYLVN,,
e2aeb011e3e1e8e8c807a0,Djena,,
2344d4d52264fec6d0aeb9,DJEZJA,,
e059723e521fcc41cbec38,DJ F7,,
c61dac57abb2661da789ec,DJ FKU,,
c65781c189bff71732b7fa,Dj.Frodo,,
ac37ca903bc3034c506f0e,Dj GBR,,
d6198ee05abd1e3b170f24,DJ Glenner,,
0dd0493f7fbc4cea5368b8,Dj GM,,
06e8958b4e6aaada9f3340,DJ Gouveia,,
54e064c3f663a99e683a08,DJ Guano,,
2b4d26141255f3bd755a4c,DJ Guh Mix,,
7ed30ca03484408415d950,DJ Guih Da ZO,,
0de323a61c1ab7a0f6f3e3,DJ Guti BPM,,
1588ab7a98116cab702c50,Dj Guuga,,
30e78f8e50d1aab25c9990,Dj Hm Oliveira,,
922a91acec455d6a1fcadc,DJ (i)MG Beatz,,
6aa67fa72a36b0d1c7549d,Dj Jaivane,,
39de7caa69edf8932df379,DJ Janisto,,
4d8bd7b2b137946e8ed741,DJ Japa NK,,
d7e21e08642ef3fa27d834,DJ JB Mix,,
ba3367cdb8eb7f7a2b676e,DJ Jeeh FDC,,
5b13ac83322f3cf605d1cc,DJ JEEZY,,
19c1677f3fcb301a4c7c33,DJ JHOW BEATS,,
bea38d50191c4d304ffb63,Dj Jimmy Poska,,
6ade75ef9b2573bc41c4c9,DJ JL3 DA ZN,,
a67f197027161e30154ae0,Dj Jl Do Tp,,
4300ed566e693029bd335f,DJ JOAO DA INESTAN,,
e8e76565e970d3d8bd3ed7,DJ JOÃO PEREIRA,,
818aa47023fb54414a8c1a,DJ Joker,,
f7d64e294c3a64af818e96,DJ Jorgin,,
e4547071b04191970700e0,DJ JR No Beat,,
7dbf308e6048c752093444,DJ JZ,,
a5940e28664573ad45359a,DJ Kadr,,
1aee6daebf2d9a787394a8,DJ Kap,,
47507c466c84e03efa9b2a,DJ KAP,,
a094b14f0eeeeb640834e9,DJ Kawest,,
3713ee7079ec580f70238d,DJ Kayo Original,,
1d92a7e5b1f6877cb68272,DJ Kennedy OBraboo,,
fbe6da4e9eeae564cb85c8,DJ Kent,,
9954d222d68db96e7d4a3f,Dj Kevin Oficial,,
22a577559473603593fb15,DJ Khaled,,
0c27613918d1de631e22f6,Dj Kiire,,
5a20d91d426549397a0a44,Dj Killer,,
1856e554eb9a3dcd06e4e7,DJ KN DE VILA VELHA,,
e143d7b23f08ed2aabde70,DJ KSB,,
530a5aa502fe0990db22de,DJ K-Style,,
1cbda69ac2ac8aaa8b505a,DJ L30,,
fbf397fb4813ed22d19c56,DJ Lafon Do Md,,
92d1df00196cc3131e5afe,DJ Lag,,
31b62e4a94288866cd5974,DJ Lalo,,
10ed06f0d83237d0f3e2d0,DJ Latimmy,,
7af345ee1a81d7a4e90cd4,Dj Lc,,
dfc238af792b6f3df26c70,Dj Lc da Roça,,
c3fe8fd15e2db48dd7505d,Dj Lekusto,,
e5127a8d60ad3a1367187a,DJ LG PROD,,
ade1160380a0c146d7a7ab,Dj LK da Escócia,,
0c1eb6b1d0510cbcd7765e,Dj L Martins,,
4a7c57d50c2a0643ec7fc2,Djloborojo,,
e5a615d6db728009f622da,DJ Louder,,
fd13f158f447a2ca222ef2,Dj Luan Gomes,,
b53a150d268619499f3f17,Dj Luan MPC,,
1cac39f70b574b7a845488,DJ Luian,,
ae59c72b54d4505b04e7db,Dj Lux,,
d0e903a39df465307e8044,Dj Lv Mdp,,
24fd759cb1d87c347e0804,DJ Madam Julie,,
b15df5e424601418f1cff9,DJ Malvado,,
a981d95cb25dc66353ef79,DJ Maphorisa,,
42d11fb73f2537fc05e9e5,DJ Marvel,,
04e82d3e6e97c2bb6c9a18,Dj Matias ACuña Remix,,
8dcff09946105769572da0,DJ Matt D,,
d4f4bc6d9ce4901d8c80a5,DJ MAXZZ,,
92cd0f3e6d71471c04d083,DJ Milane,,
12cb54aa7c75a3e83e62d6,DJ Miller Oficial,,
51940721d960b8d2be6356,DJ MOHAN kanker,,
7eab6c2d8af9606593eed4,DJ MøMø,,
6d873b862f5287504f2a92,Dj Moscow,,
d264f1a15f9b32babb70aa,Dj Motee,,
4bfe35cd0e35a63bd64a04,Dj Murillo e LT no Beat,,
a458302b405e1ebc852663,DJ Musata,,
925a1fb1890a815a0aadd0,DJ Muscleboy,,
ba7cbc3b919b2a8e311746,Dj Musti Official,,
731302fc2d88f189cf875f,Dj Nanow,,
2990697878afd5cff4239f,DJ NATAN 22,,
41b350d0535a80c4e09fae,Dj Nattan,,
bfe72d0124ab261f6fd49d,DJ Neeh,,
5322d3b3b57487c678a6b2,DJ Negret,,
f06489cea28a14e0a6f76a,DJ Nelson,,
89572a289ce6e32799de57,dj nevykele,,
d5cf88a7c414d10cc577b7,Dj Nk Da Serra,,
bbe8e17c1d9619c124b387,Dj No Disc,,
7c64cbfa909b7f6758187c,DJ Nomza The King,,
da802eb042cb6c25f7959f,Djo,,
8ad287b5e0fe0ecb6fbc28,DJ Oku Luukkainen,,
e7735975eefeaf88ae21d2,DJ OLIVEIRA ORIGINAL,,
7a27a03c479c68200d8bf8,Dj Omonoia,,
742921f6af8193a8b16eca,DJ One,,
f0fc8f708a4d8edd1cf0d6,Djordan,,
ff695deb7c0137265bae0c,DJ Oreia,,
22c5e63f2c77f3d8fea3bd,Dj Osar,,
e2867c96689e50b3177696,DJ PaCo,,
bd28786cc3dd56e5cc765c,Dj Paris,,
4c9a3973872fe1cca84258,DJ Paulinho Mondi Da Baixa Baviera,,
07bb2c0ca6bba314824ddf,Dj Pedrito,,
fa992ea73d0780b1a8bc14,DJ PEPI,,
edce9060bf81faa58f31d5,DJ PEREIRA,,
dc6514c39d9bdf003732b4,DJ PIMI,,
acf3f302d0d57b829df381,DJ Princex,,
4c026cb34962a7b3942f65,Dj Ramon Sucesso,,
5843beadeb852fcd68d5d9,DJ RENAN DA BL,,
9d7c654e427524a1e5b820,DJ Robin,,
42eb49f88b41342c93d793,Dj Rocka,,
ad8544bdf8f9a184fcb88a,DJ S2K,,
101472f74fee1b321187f9,Dj Sam,,
49169c9c02a550730e2b72,DJ Sammer,,
55f973a2b5855fb350ff95,DJ Seneath,,
0fcd4ca90d8601f4a385b5,Dj Sfera,,
d4be94c60ffd9bad3fe4f2,DJ.Silence,,
cc56ee73e45f0546f16d6a,DJ Snake,,
e752298f01c7bc4904f832,DJ Stephan,,
28a1b609f599849476815a,DJ Stokie,,
39df290983959c44ea5b59,dj sv,,
222494e3549215747294be,Dj Taek,,
751ee381d2fadda834fd52,DJ Tao,,
b5325795f94595c0818967,Dj TC,,
84e3dbf530f34c7d73cdaf,Dj Tchouzen,,
5a3ecbf4ead873b8082a4b,Dj Tearz,,
1a453a9d38bd709d956b80,Dj Thalia,,
c4a1efb8ef968f8f0e13eb,Dj The Boy,,
871e5cde4ad7eea9adc85c,DJ THG,,
8ef6989ebec58c9355dddd,DJ Tira,,
ae455b76be76e76bd33a30,DJ TOPO,,
ba9ce6daa8a9dc3e721dd8,DJ TS,,
8ce5440886b87fa4022034,DJ Tshegu,,
1c83c19218056c1e268fc0,DJ Tunez,,
1956e5824381bfc72bc044,DJ Urba,,
ae194bf57317145d7bf4d4,DJ VaZee,,
583b6d9c83e8ab5e979f81,Dj Victor,,
3e836cf5c22184b1bfa12e,Dj Vitin do Pc,,
68b687360a875fd66ff899,DJ VLADI,,
4c028077a87d05206f3a6f,Dj VN Maestro,,
ec6158467ea6c7a20460b8,DJ Waif,,
beb4a7b35221834d4422eb,DJ WN,,
347e57b70fa89d067397d9,DJ Ws da Igrejinha,,
6ddc9a27245f8bd7ea4e7b,DJ Yago,,
c00248af4fd4a8182c04e4,Djy Biza,,
cc151780b66f3866e4c05d,djygubzin.live,,
be25cefe73b55068cd014f,Dj Yk Mule,,
5633a4199944ab203104d7,Dj Yuri Pedrada,,
b3ccbfe31ba12797a1808c,DJ Zigão,,
a6c1222f6291a64f805526,DJ יהודה מור,,
04659102518549d22da971,DJ נדב ביטון,,
dd65ef9a5579d4e518c6d4,DK,,
13bdcedcaaed68d136e954,DKanee,,
0ecb5ff6f0b16cf74fb59a,Dk Batidãoo,,
44b2ae093abfd6bed70e9f,DKGMac,,
bd5913b36039faabf373f8,DKyoumadethis,,
1add09063ce6e0b8f748ac,DL$,,
a0498c5efc457626935406,Dladla Mshunqisi,,
45c2f33fd0ddb4b63e4f0b,Dlala Thukzin,,
1a852ffce059d83d4368ba,DM'Boys,,
2bdba7a68e53ac6daf3f85,DMGD,,
ba8034494ba66282054f1c,Dmitry Malikov,,
111009e5f031bec7543495,DMN,,
5329b65f5b773130e1f6b8,DMS,,
d42cf92d868a495517abc2,DMT,,
ea6dacd9bd268f6d825fc6,Dn7 Music,,
a97e0ebf40ee690d185cc3,DNMO,,
f938e7cef6bf6975f8108d,DNSQ,,
802355c6418336c0d3d017,D.O.,,
dc35aafd616de366e2f33f,Doble ONE Flow Letal,,
687f07d63f35f58fb343ca,DobleP,,
eb23addeb4cca2c4eb0108,D.O.D,,
4a4a0b8aec77be6c3134c6,Doda,,
2e9c164960f75a1039f8fc,DODDY,,
c58c6369dddc17c0a3cb38,Dodô Pressão,,
c9eb0ab7b2d7cfa300a713,Dody6,,
d91e5083d7501b40dde48b,Doechii,,
2b8b8b063dec2638615554,Dof Twogee,,
b988181f9e8712b9718806,DOG HUSTLERS,,
dd616e4ca07a57d0bdcbfc,Doğu Swag,,
da61ed7ab765111a42fed3,Doja Cat,,
475b7f68b262abfed0b663,Dok2,,
e20b052f97dd2c127fcfb1,Dokkeytino,,
555e1f67caaa9f97b98457,Doktor,,
ce6a8f1aeabd585df7482a,Doli & Penn,,
8822acd268a724f4e0287e,DOLLA,,
6eefaf36132ca9825d6500,Dollar Prync,,
6ab13991e885f93cafcfba,Dolly Parton,,
3e058b47c0e076d6465641,Dollypran,,
7f4094cd1f1a55062a8b94,Dolly Style,,
23bcee2445c543ca4a8b5b,Dolu Kadehi Ters Tut,,
af516067bab5e2ca7c054d,DØM,,
dbb78f793906ad7ab6d2ca,Dom Beats,,
bdb707e2a8d9af516f34d7,Dom Dolla,,
59ffba50021d225f7fd185,Dominic Fike,,
5d4181e5a85e033f96607d,Dominika Mirgova,,
57399f58d9e140d9f0870a,Dominique Alagia,,
120a3207ce7672dd4673d3,Domiy,,
c00816e326c4cea4d86ccc,DomNi,,
60ab025cb2a8cbe2077033,Dom Silver,,
dd8fb55518b0dc13d9e3aa,DONAL,,
656991c513901c9c651506,donati,,
594ec7ac9ed01c244d50d0,Donaty,,
9fc99e8619405b6610ce87,Don Bigg,,
5baebe3d9bf5aafe2605b4,Doncarta,,
d0c217383a5c906aa6b6cb,Don Choa,,
1149999a776137f6630f8d,DON DESTANI,,
84b65277116c885ca6d39f,Don Dicks,,
2ce6a371a5a3e17620472e,Don Equis Y BOLIVIA MASTERWORX,,
927b95196878142fc8e5b6,Đông Nhi,,
31d4df4ea19bc7ca115b37,Donia Wael,,
8013489d55eb4b1c75d116,Donika,,
3caf0804859d561d2defdd,Don Jazzy,,
d7aefbc3d81445911b857f,Don Joe,,
26061283d033dd9e4257d3,Don Mario,,
dc8cf02137ef19694dc143,Don McLean,,
40c86b7b62368691267011,Don Medardo y sus Players Mauricio Luzuriaga,,
55a250328277aab832c8cb,Don Medardo y sus Players - Producciones Medarluz,,
625ae7a55ea0f8627ff468,Don Miguelo,,
1df9f2372ea78d8c1e6793,Donne Maula,,
599e5db11407244ae99000,DONNER,,
6f171d413bee711762beff,Donnie,,
b7ec7c23c860cbf8867484,Donny Hathaway,,
33ac81de5a001245434c01,Donny Montell,,
bdb634422ce2d4e7669be6,Don Omar,,
081f13162b18c5a9085ca2,Don Pablo Mures,,
14f85b8b2babb32a04f701,Don Pero,,
177a3131774d13074dc465,Dons,,
f0047f0c5b2b63b80b1aa6,Don Toliver,,
40ace29312c5446ab2ce13,Don Xhoni,,
7b7b8536cf1c57e84760e5,Donya,,
7bc88b500b2787ca5a3b34,DoouShii,,
a1577583d2e9959666679d,dope17,,
d0e1c4cebe553fba87090a,Dopebwoy,,
be647202be713138e196a0,DOPEHOUSE,,
174c5669ac568a2a1bd291,Dopestiks,,
bac99050470381cf3f1cc9,Dóra Szinetár,,
a3e70887922f5f8d820fa0,Doria,,
b8dd79e4a88047dee0f3bf,Dorian,,
bbca88fb02682c6aafa53a,Dóri DNA,,
befb4ceb1fe4cb012cb6c9,DOROFEEVA,,
a00c5b15c7d30ab2f1d3d2,Dorus,,
5e48d55dc005d558890148,Dosekesh,,
66197d6352e6d008fe8cda,Do Sliz,,
a08c02288e4a99a9a29c07,Dos Santos,,
9845796d23b62325cfaed2,Dot Mega,,
96a80bc6f42674427d48b5,Dotter,,
4617441545e542d90c3c03,Dou,,
002a16d257c81070559f80,Douaa Lahyaoui,,
9964403ef5199dadc0f93a,doubl3x,,
21521308da36f7f96edf16,Double D,,
926525bbad2a51030668fc,Double Dolla,,
8e2514ca364173ce171d81,Double Zuksh,,
df6364989380947171edde,Doug Hits,,
1058834ff986ca650b3118,Douwe Bob,,
28d26822364680e212ec43,Dove Cameron,,
866227e4b045e74530ddc2,Dowba Montana,,
d73eb6e810a6528196f51b,DownTown Mystic,,
8be90567053f3dcf23ccfc,DOYOUNG,,
d45051e5efe61b34851579,dPans,,
a2e3f3b4f97ed7e8275827,DPB,,
d56da15e7530e28e3df7d0,Drae Sativ,,
dcc2f450d4f03bcb0c4810,Draganov,,
0a7eea0b44c0219d6193ca,Drago200,,
977c1aeb807e3fe33bad5a,D.R.A.G.U.E,,
b150f254e79816bcde37b0,Drake,,
8f2d673bcc0589ead43923,Drakomafia,,
92ac015912c6f52f7dadb6,Drama Band,,
fc211437de09c439be6b13,DR AP,,
369029583b4c2ed548a70f,Dra. Tania Medina,,
b07bfffdf3e44e80f3c4e4,Dr.b,,
b706a32324f9bb78b9bb5a,Dr. Chaii,,
2a2542f9e61a9a1d3b83ae,Dream,,
4a8fd667d07bc0ce119609,Dre Butterz,,
d5f4c53837722d4ac845e6,Dree Low,,
70c51c4ed3b427bd14cd3b,DrefGold,,
a8f09ba7ad02915e70466c,DrefQuila,,
0c7aaeadfa37c8b518ede6,Drei,,
398f8d1053fcb0cc35e052,Dremo,,
4cc65e26cb61f38de46e0d,Drengene Fra Angora,,
016ec18dc4c7d83e37877f,Drengur,,
b48340da95504e673fbeaa,Drevo,,
2df77eff75ef4b2b6178c6,Dreycruz,,
5fa69683e1faf13e77d3d9,Drillionaire,,
f7c5fee9dfbcbbfb890c40,Dritto Zanotii,,
fcb88a65c2e868c18f6360,Drogger,,
52046e6aa3fd86a9bc10a7,Drogu,,
c8ba69f59a84a30b091864,Dropkick Murphys,,
8bac1c6f12950145bc8d21,Dropped Out,,
9c82bf062a0d19bbedcc13,D-Ross,,
c3c162a3029f08906cbb20,Dr Skaro,,
b2d603e70f9b105807e863,Dr Thulz,,
8b825631767d978e9aeab1,Drum7,,
86ede0fbce73cbc0f50862,Drumla,,
efb3e8e5e01970f15d5cc0,Drumonade,,
b785d12095380666b610ff,Drumz LT,,
e0b4f2be605333fbd757bd,Drunken Masters,,
bbdc4863db2ec1f5a8ec57,Dry,,
ba37db83767c9dca90f8f8,Dr. Yaro,,
b451e4311a3e9c085b8312,D'Santa,,
a1fb9bbd60f1f9d4af5012,D.Stroy,,
087a27a4373b465743a1c3,DT.Bilardo,,
f93dd9f2378daafe15db91,DT Brown,,
0d6f426278d465a4682368,DT Tập Rap,,
36733ebf4ce2aaa22f806f,DT The Artist,,
6ca9d3d9b8f15c9cc76db5,Dual Damage,,
2444914d57fd37fed305ea,Dua Lipa,,
0f3610d0119935568e9332,Dubbel R,,
0b70f66d6610e42de4e328,Dubosky,,
b09f9f3d2ad561510add45,Đức Phúc,,
2c4d4dcd87a988e8da9222,Dudu Elharar,,
ac0310c67a47c39fff096a,Dudy Oris,,
7475a62494ff150cfcba68,Duke,,
f996e990920346b64aced0,Duki,,
b39d94a1da1af291d8d4b2,DU'L,,
6a94c7002b4c32e33ff658,Dulquer Salmaan,,
a90965482fc39cd101bf13,Duman,,
fd171fb108959857b2a85d,Dúmbó og Steini,,
1d4a8fc8455f942af2797a,DUMI,,
57e1308235ed153efdbee0,Dumi Mkokstad,,
5638f2065791acc7ebcd4d,DummyBeatz,,
f2abac330fb9e6a14b99f8,Duncan Daniels,,
43a0bdf40d7664ef897700,Duncan Mighty,,
256263ea67169449cc6f36,Dunsin Oyekan,,
9fae060732f2c8ee2bd895,Dương Domic,,
d018a3907da6dbf94ed1f2,Duongg,,
e39389b1d3afd703628892,Dutty Dior,,
4483effae9cc7c8d7861bc,Duygu Edis,,
1007907dad18ed353e36d2,Duy Khánh 周周,,
47211f546aa821c8663076,DVM,,
eb1f4c2b0779fff09c86c8,DVRKLXGHT,,
bc96c218fab55dc2fc9c8a,D'Walk,,
571ac40a312833709c76f3,Dwele,,
72fde1f2e21d258fbab3f2,Dwillsharmony,,
59de6d0c1f02d8d64c06e2,Dxrkaii,,
126b3fca8f777b1f6466d9,Dxtiny,,
536032aee947303380db4d,Dyan Dxddy,,
ff0839ebb51d5c9296a27f,Dyce,,
50eb3890868c841c6673da,Dygta,,
54c5d1f5b9d93c3959a531,Dylan Presko,,
2336735a21b6665f32b454,Dylan Toole,,
b5a453f7ac07d1d0945b1a,Dylla,,
97019228dfe31b6454ee14,Dymer Surovec,,
2df23b8f3dae7cfd461b54,Dynamicduo,,
41b3d0dd40b8a461bede0a,Dysbit,,
56d9276c05c41f9db4b179,Dyshonored,,
bae79dd98d2f6326e48c4b,DYSTINCT,,
053c8d09a8e4dd55f722e3,Dystopic,,
ebbc99d5c1065283cc3790,Dzsúdló,,
b3fd172589466e57365072,DZWS,,
247116319466c7be96c6ac,E6,,
19ef5cb4c0924ae9d700c0,ÉaBest,,
31db0d2a59a6cfdc47ad4f,Eagles,,
98e42836e3f9153c5d9409,Eah Jé,,
b66110676b56236b497f0a,Earful Soul,,
6ff3ac25acbae491461ab5,Earl Agustin,,
d90c0847563f05dbea0497,Early B,,
5cdd21c97f86686cc505e0,Earth,,
8950998725a6588ca00565,Eartha Kitt,,
2a4c50883d721cc1224f26,Eason Chan,,
7f943921724d63dc0ac9c6,Easy,,
637a9802d43fa903a92432,Easykid,,
2369f13aa604c646d00b88,EAZ,,
d4cc5b80a056a019684692,Ébano,,
8a3e9c3074579ebc0a8bb9,EBBE,,
ccddb207c23d9e2f04fcd5,ÉBERKÓMA,,
34978889958440e137ba5a,Ebru Gündeş,,
3dc62313f67a32c7345bfc,Ebru Yaşar,,
2d3350350aa02963933b26,Ebstar,,
d31ef811301c6b4111380d,Echo,,
2bb9846dc9976562c9ae1b,Echo Masta,,
3ebc8d2ec9053bd42159f5,EchoRaze,,
9f7de6800f90cd9464c40d,ECKO,,
51e555c0b0442c35fde769,ECko Miles,,
8df1fa548b58c7b98e1c7c,ECLIPSE,,
d0b7e94c91da7cd3002b3d,Economic Freedom Fighters,,
b32a0a7ea2fbff1b81db4b,Edan 呂爵安,,
e5f6c83e6e97c74fc9e976,Eddie,,
4f3b6ad66a8c50eb63373e,Eddie Block,,
b6f568c9470c808b989712,Eddie Meduza,,
2a0add1d5fef52e4c8564f,Eddie Santiago,,
817ac4898a545685612737,Eddy,,
81706e68b08f71cbcd8580,Eddy Herrera,,
0edbe5d2ccd99239d03828,Eddy Lover,,
07985ea4825cd54ff36144,Edeler,,
b00933b6790b4c525f54a7,Eden Ben Zaken,,
8cbc47b6dd142afd2309d2,Eden Golan,,
57a66cf7328f3c26d29fa4,Eden Hason,,
3b4157a2ad81ae05929e76,Eden Muñoz,,
62a5e75205b5eb4bb1d7e4,Edgardo Nuñez,,
16ea3b8700b186d6b605a7,Edgars Bokāns,,
cafd828fc88aa44ed1cdff,Edicion Especial,,
ff8b5724b9c0da2befdd95,Edicti,,
9e2eadcb7011c7b8973b79,EDIS,,
9b337c588eead55f9641ab,Edo Saiya,,
c19162e3de8a97b9e8110a,Ed Sheeran,,
8732a0554969df635ce092,Edson & Hudson,,
9fd396f4337893cc0afe23,Eduardo Grillo,,
a69edd4b0021f302bd251d,Eduk Beatz,,
b3a6eedd970366780b10f1,Edu Lombardo,,
c01e27edc8d0d0ae8017d1,Edvin Törnblom,,
919380f38e5664a5289247,Edward Maya,,
d574d8450b9c021b86c230,Edwin McCain,,
23124b99851e497dce4e9e,Edwin Pulgar,,
d85edb2e16c7b097dd5609,e& Egypt,,
ea339587d7d1c26ae1e37c,Eemoh,,
18b4eedb52a80c7f4f5694,EeQue,,
2c9b682412689d6723e3b3,EF,,
f0568be78fcdf59c976fea,Efb Deejays,,
95136f06c4421fc9621060,Effe Serieus,,
9215c188681ef4942d90f5,Effs,,
fe6d2f892096f843b5a7a6,Efi Thodi,,
4c2a2f9d429de7244f7a52,Efrat Gosh,,
db65c1875bc08998f02a27,EGE!,,
f00ae992840e7f9274dc82,Ege Zulu,,
b5033138eb689253660f1b,EggPlantEgg,,
b4649c5436241eec66adaa,Egidijus Sipavičius,,
47bb69b95633c9fc29f3cc,Egill Airi,,
23d737c6a334bb4db299d3,Egill Ólafsson,,
ffc9466a36e7058d06dfb4,Egill Ploder,,
18f44b1a7909f6054afcba,Ego,,
94eb024d6cd80415935157,Egó,,
bb9d539a739cc3dcb40b13,Egor Kreed,,
01808957312007eda2fa7d,Ego Slimflow,,
ef6ed04f0115e7a18ded63,Egtoto,,
da0e0b8159401169318f8c,Eguwop,,
620cbb2d3bf1f911db8851,EGY,,
225af77ec281d0636acb7e,Eiby,,
960df6d77e65cd185ca4f3,EIGHT,,
887c7f0e8193e5d2c8c312,Eight O,,
bfaed3266076374bcaa63e,EiK 2509,,
01db479ffbe15774868ad3,Einár,,
42f5c92c00833091f0c1af,Eini,,
ee1fb95d56e3c8b0a9cee2,Eirikur Hauksson,,
43ea952340518b14861b26,Eivør,,
c8b3c9cd7562a1a10decdc,Eix,,
3068c542c1daae8e578bfc,E.J,,
c7fad8afe1626afdfe753e,Ekene,,
6a25cf31703dac5f9a0b62,ekhoe,,
f75440a91bc58c56e90ad7,Ekhoe,,
0af3706e107ffdd00ac804,Ekin Cheng,,
0d82a26fc6eba329c3f5d7,Ekipa,,
73d3dcf6168453bb1ad971,Ekkino,,
19ef2aa068c5656fed28ec,Eklectico,,
da844bcd3e10204ea08b4a,Ektor,,
c8537c20db08c5e8d5ed76,Eladio Carrion,,
61b46628e4c2b52984c4c3,elaggume,,
7c53920176bfcc61c167cb,El Alfa,,
cd22d5a4e5df2e5f58fbfa,Elams,,
8bea2eca6f8a121f2a1431,Elastinen,,
7c4e75d2cda2936c4bbca0,Ela Taubert,,
5406c1f63ec826cbc5e0ea,Elayork,,
274a9659e33650919fff7d,El Baby R,,
32b7198250165ebb791aa9,El BAI,,
3e10b771a986e158a2b7ad,El Blachy,,
49141d171e57e365410706,El Bobe,,
58d80c4d46940dfdb52284,El Bogueto,,
665eb5a81d68517d35d7c2,El Boys C,,
464cc0f52e6a51e7dc5ebc,El Brujo Music,,
2b43fa0b17afd0f13699e2,El Cartel Q'mbiero,,
28db2cfeb044c7fa6384da,El Chapo De Sinaloa,,
c56e83016bc9eb03d20efa,El Chapo Junior,,
d17c39a8087d2655fd02da,El Cherry Scom,,
a57dc75d0be0a94218cb37,El Chuky,,
ed6e2ee4c711d7d0f39a15,El Chuky De Lewa,,
e6e1aa8e7a4c2dcc42dbe7,El Chulo,,
c073d5f5082e5b1b38ba80,El Cocha Molina,,
de2907dd5e8b8bf3e92d3e,El Combo Caribe,,
78655afdbf938ce26b43e5,El Completo Rd,,
9c4df516879e05a09ee4d0,El Componentte,,
9ec7e9e3df9821954cabf9,Eldab3,,
0ffa6d0164da720be1ed94,ELDENO,,
0d217b174acab6e526eb5a,El Dray,,
c846ac55a1f0696b155876,El Duglas,,
df8baf6f94be30f0f0b010,Eldzhey,,
a341e7a82a868c1d247346,Ele A,,
58cd24ae1993579fd18fb9,Ele A El Dominio,,
c1edc85939261dd1d053f5,Elecktra,,
6784ed88dcc049b4cfa8c5,Electric Callboy,,
61a41275d9fa47a4fdb9e2,electronic kili,,
7d8608c91e496d9c5da4d2,Electro Tülay,,
94f6272405af2a81073a2a,Elefánt,,
5e15a477f01e8ca7d5d4d1,ELEHA,,
4010d4bf17a2a151294dae,Elemece,,
25be256164f1b3a9ab2593,elemeimin,,
231afe47f3f37d3808096b,Element,,
e4392a67989b2de9b5f5e7,Elena,,
65fb5cf2296be7f0ab89fd,ELENA ROSE,,
4ad474d7949e2bac551116,Eleni Foureira,,
77bf7bf710bfa3b4dceb05,Elesia Iimura,,
31ee013220c9b3d19b3604,Eleuthero Pneuma,,
45970edd783f04ad244646,eleven1.1,,
ef920fec24d05de4b830a8,El Gran Combo De Puerto Rico,,
9ff25cfd4e25fdcbaff3e3,ElGrandeToto,,
0e61d05bf6da271eb6b503,El Gudi,,
599b669a07bbdf70a85a54,El H,,
02f240e4df3ed8f76713b6,El High,,
c65fd113c5b2977fe36bd4,Elias,,
7e01fd1e764cc735b4e2fe,Elias Buch,,
7fb2b302c12ab476978018,Elias Gaouro,,
0a2d30d8b2d98510784ede,Elias Gould,,
7365ddb96943426177e43e,elijah woods,,
688471cbe0b6baf6edd462,eli michaili,,
c9bd4648b57fee2f5f7bae,Elina Born,,
641b9a7c90ab2458614bc0,Elín Hall,,
5ff515819227a65c3ee1b8,Eliosbel galarraga Mendoza,,
a6f1f86fde7a4a64b86305,Eliots,,
23d839dfbd05a48624fc4d,Elisa,,
f004df32b29e0fe349fecd,Eliseo Herrera,,
8c1fbfb82bad7c8958e348,Elissa,,
a12eb062eca9d1e6c69fcf,Elixir,,
8469f16c39c38ee0848112,Eliza Doolittle,,
6d9ece184cdbedbaf37466,Eliza Maturan,,
e1feefd58b41e70de7cc95,El Jangueo,,
442624aeaa4a582e510e6c,El Joan,,
6a2bdb954cc915cf85969b,El Jordan 23,,
d39ca83867271f8c2944b2,El Kenn,,
885900034c3230cd2c7655,elkno,,
3cd15640450f91637305de,Ella Augusta,,
4b22e0d3176e12b91a3505,Ella Fitzgerald,,
47c109a9f1ab4b15454959,Ella Henderson,,
fd0da27d7dc6e8da8750c2,Ella Langley,,
780eca97632f4b22cf09fe,Ella Marie,,
d8f89ce37fec66fbd33fc5,Ella Tiritiello,,
d359be5d3a58485ab026e2,Elle King,,
e824f8124699ca50d2bad0,Elle Mariachi,,
f1005156f873769439c271,Ellen Krauss,,
fa292666fddaf92d1915af,El Leño,,
a6ba5f6b9bb6f5553b33e4,Elley Duhé,,
0ff0d35ec74469bd26d82f,Ellice,,
9c512979eb7ce53d77e7b4,Ellie Goulding,,
f4c7275b73dec5ba9c1385,ELLIMEI,,
4ede93bb1a0cb673d49fd6,Ellinoora,,
58da3cd31090edfa3b2265,Ellis,,
a4d476f29733295527bd5e,Ellize,,
5e367c61ffa2825a503002,Elly Vilhjálms,,
61d8d4d498b06ee73d47e1,El Mago Y La Nueva,,
c55d48dcbab9aa5ba2ab59,El Mahrgan,,
8aafffe1a3e2c6fc8c6cc5,ElMalaFama,,
3fd2081448897efb41ee62,El Malilla,,
def8713741deb0d1799045,Elmas,,
b4566962cb26a703c73438,Elmatadormc7,,
c31af5b260de9f6a65181c,El Mejor Records,,
99da1781d8ff3bd76369c6,El Micha,,
f4ed3920eca5d939d53a9d,El Migu,,
ec49293986c794807b5ad7,El Moody,,
72efdca7b95c771c9d7991,EL MURCIELAGO,,
05cf5a67c8941f0089cb0f,ElMusto,,
f0d5a0e45cb434ae852147,El negro tecla,,
41836e89a72c4bede35401,Elodie,,
4b6160b57cca739670ecdb,Eloff,,
4e87b9442107bda5bdbd51,Elokuu,,
5877eb646c8da3810a21d0,El Once,,
db1805e525024e9092a595,Elov & Beny,,
32a2a7bc094793f0fac27d,El Padrinito Toys,,
a6d01977f2b91864196194,El Pandaa,,
11c6108a43efbf86d964fc,El Papi,,
2d88d9e1f47a7bd5ac6ec9,El Pepo,,
9950308e82dd23df79172e,El Perla,,
f6e3917bb0a13c1a3187b8,El Profeta N,,
44c3c6ab8c1e8cbfbc3fac,El Reja,,
434f5b87f5200e2faf0f9c,El Rey de los Diciembres,,
130719b8e2a2b75d357d12,El Rubio Acordeón,,
823fccc0d4f4eaf7b22361,El Sicokario,,
70dd8f1febae81270ef00c,El Sicokario 42,,
243d6a24bc132c5c86f790,El.Stephano,,
6b962a47a9cf6c127d1816,El Super Hobby,,
027dca050788e6c4cf2282,El Super Show De Los Vaskez,,
cc764ed6cda13498d7263e,Elsya,,
e7a94715de9818e19c27ff,Eltee,,
6de6e97508a80d355d6bca,El Tholathy El Mareh,,
0de86b3ed577eae77ee959,Elton John,,
d00d66c91f3bdd3ddf862b,El Turko,,
e560eadbce221bfb5cee60,Elty,,
5b44c930bf0ddeef48b50e,ELU,,
8a0a298cf66b8522f5ea87,Elujjin,,
49dd44ec82c48a00889ba0,Elvana Gjata,,
f3f1fae3a813be5c6f90bb,ELVAR,,
4cc68e2d3b2c1b344fafb9,El Villano,,
79a6f97c255b1fe5c99eb1,Elvis Crespo,,
f183d7a319e0b66ac8004f,Elvis de Yongol,,
5e34276748f52e6c94728a,Elvis Presley,,
0448a6069e5ce9791300ad,Elyanna,,
74ca1571ad5042ab208ec0,El Yeyo PP,,
b9e6dabe8ea60b21903c02,Ely Oaks,,
08f721b3df177149069592,Emanero,,
bd1686328e63075da7fbd7,Emanuela,,
b23c13d795c395ea9d23dc,Embody,,
91ab481365a4dca3ea68e6,Emcee L (Da LAB),,
e27410e129739aa25607b5,E.M.D.,,
3d73113bbb1c96a3755aa0,E.M.E,,
ebe3641102717e4bb5d946,Emelie Hollow,,
bcba536ebc79971ce0767e,Eme Santana,,
12b41c761b41698d39ef68,emi,,
63dac7596153ef4da82e03,Emilia,,
15ecf61e83dc1ac07451cb,Emilia Hugrun,,
5a0bb3c3d3ebab4fb0b524,Emilie Nicolas,,
2545ee295cc6def3fc9da3,Emilija,,
44ead2fc9171c221c8057d,Emilio Romero,,
9f84dd148e49d5f72cac80,Emil Kruse,,
c33307cf5d71c8b65685fb,Emil TRF,,
d3cbdf2c383c09870495f0,Emilush,,
d8ea48bc5a82a9fd6b80f7,Emily,,
effbbbdf75ed154b53443b,Eminem,,
a3c5a4da9a7b7708505029,Emir Can İğrek,,
5d2fc0264df755b78cc9db,Emirsito,,
8624947b27a8be175174e9,Emis Killa,,
00a809937eddc44521da95,emma,,
4535367f2f39b5a2ebaee0,Emma,,
24b410184a9a05076bcb45,Emma Drobna,,
ced1439bd59d105937432d,Emma Heesters,,
42370eb7f97210555d2b7d,Emma Jensen,,
bd78804a53dd2a1baa16d6,emma & matilda,,
90c72ac364f0792268d80c,Emmanuel Kelly,,
befadd275660118011b7b8,emmanuellcortess_,,
0b4a3b1e0f2e278f39838d,Emma Steinbakken,,
5d9c627aaf38bc209a483f,Emmitt James,,
7ff9ca6d29441dc050c69f,Emms,,
5b378da0edd17df1217334,Emmsjé Gauti,,
54e9ce85a10bec1447527e,EMMY,,
12aa3935846cdcf08e9ff3,Emotionz DJ,,
49bb279b8fda1abb16bfbc,Empire Of The Sun,,
2c6ca0ae29d40521f816b2,Emrah,,
660780c1c9a71e4143495e,Emrah Karaduman,,
4d3e52c61dfa6f67e54388,Emre Altuğ,,
42f0ba429527e458ec774c,Emre Fel,,
81f82a90b7751f5cef48f4,Emre Nalbantoğlu,,
c536143776c2f429ff0df8,Emtee,,
dcb837f8e12a871092a886,Emxbeatz,,
9ff429aa3cb403a2ba8001,"EM XINH ""SAY HI""",,
9cfefed8fb9497baa5cd51,en,,
85df011172e0aba0e184ec,ENCASSATOR,,
d011755e99ec7fddbdc78b,Endspiel,,
105001915668e334fa1a92,Endzone,,
5cc28f31113ec7cd7e546b,Energy,,
fd3c89afc677e1b44b2ee3,Enesse,,
10d07b2ea8ba8f449d82da,Engel Montaz,,
fb121a7bc55d665ddb3849,ENHYPEN,,
ba72e314c392fde203b9b3,ENINA,,
47c66f00476a12e7ba44b3,Enisa,,
b16e2f0197566229f6ff7d,En La Nota Records,,
8a06cc609ab51957cbe92c,ENNIO,,
7e715260b7d44d897cc125,Enny-Mae,,
dc33087ebed433df88d3ee,Enny Man Da Guitar,,
0cd76a8c8877a9d92ab341,Eno,,
5a61855b64a7f2782a452b,Enquire Within,,
78f90d7c3bccd5de871662,Enrique Iglesias,,
9e14f2d670a50092dd5913,ens.cv,,
274cadacc910289f840d32,Ensi,,
cac2dd5d6e2a181a4fff59,Entremares,,
1e6c775e296c46a76dd624,ENTYPE,,
ebb7add4bf04bb98477816,Enzino,,
102de459cfe8d0a0d8409a,ENZO MF,,
603689b10ed51ed23f3696,Eolika,,
84c31f2656f5ceae980112,Epic DJ,,
ea33d1d11ea86a8abd53e9,EPIC DJ,,
4a5ac6d97f114528fadf29,Epi XXL,,
465289687a70db7aa7217c,equal,,
d3a112ef31649217af438b,Era7capone,,
c4e9d6be36f9909fa9b034,ERAY067,,
d48c150822114817b00155,Érdi Baba,,
1c848030b16839a2b40dc7,ergabvs,,
07738f4c48e24f783d291b,Ergo Pro,,
4663d10d90c99df471de63,Eric Chou,,
c978bafb3b9900af754678,Eric Church,,
925b41e54a6bd139fe5cf0,Eric Cohen,,
5b201b60a8f26049bb5a3c,Erick Burgoz,,
8ed349003ed92db8e77aaf,Eric Land,,
f806daf6e8cc3d4185f0c1,Ericson,,
6faae43d506a230beedcdb,ERIK,,
fbe9999133d4df067abac7,Erika Isac,,
8e0a0c02292b5261dd5630,Erika Norwich,,
a873372389de5dfc1647e0,Erika Vikman,,
df62308cc705844eff766b,Erik Follestad,,
86fcaded641463a66bfe94,Erik Meduza,,
aa7dff28f551e5b8268ba0,Erik Og Kriss,,
0e97887822a2a97241324f,Erik Segerstedt,,
62cf57965da40146463cc5,Erik Tresor,,
004de31982b6f136b79e07,Erik Van Tools,,
4cde41b7b5187dc39da595,Erin,,
cbc85551634c577fdf6061,Erin Kinsey,,
f7e49767837b838f94e22e,Ernar Amandyq,,
55059891dc5564038b675f,ERNE100,,
5a34aa08a16ab3afcb054f,ERNEST,,
c4316986ed23df4813a909,Ernest Merkel,,
e4ff0eaa6b4edcc4551ef5,Ernesto Pimentel,,
4d1f2731f3c6e8fca838e2,Ernesto Poma,,
44bd13b78fd2f21281b0e8,Ernesto Valenzuela,,
cf82f16b42d446c12c39d6,Ernia,,
dcaf2c0877c58c90a733bd,Ernie Zakri,,
58dc8ca44bf4d1a892e48f,erobé,,
0fc457e0e76df4163e8714,Eros Tongco,,
e0249ee00ab57c9c0845eb,Eryk Moczko,,
b2f9e0354d4376eea28f65,Esau Ortiz,,
03c0cc8e8dce912f4c17c9,Escomar,,
91dfa9ac16b91122ff53cf,Eshconinco,,
66d040632ba3e1ae771ddc,Esko,,
1f18def58c930e9cee4268,Eslabon Armado,,
e9a418461c5f56e3b03aab,Eslam Kabonga,,
c23f86142ac312a890702a,Eslam Kabounga,,
10f31b389f000d01e0aec9,Eslam Saso,,
d45e32baafc11e7550a632,Eslam Shendy,,
5b3dbf343f9cee852e8625,Esmeralda,,
d8b6ba68a946c518a9cc17,Essam Sasa,,
84005cd07462a6612aa688,Essemm,,
c9c07be078e073cfae8298,Esse Nziale,,
ef530dacc479d28f3c5a3b,Esteban Rojas,,
065fceb7ea4352ed1ca26e,Estevan Plazola,,
1c28dbb47ba204220208af,Esther Graf,,
2f24fd401c28eaae88d76b,Estopa,,
332739a63becd098d9267c,estraden,,
c09cccafc35b5bdc610b71,Eternxlkz,,
8fdf89db59d430121b887e,Etervidos,,
ed6dc34db3fae71d167442,Ethan Slater,,
fd182cec3148bf1a1fbb64,Ethan Waters,,
ac9afbf44cf7e38e380b42,Ethismos,,
4391ef2b8b00e1b69c6a68,Etki,,
6f6b8a59b0d9b12dae70f9,Etta,,
79b7e437e9a6c6164e4162,Eugenia Quevedo,,
76d0aebf018630ac608362,Eugenio Esquivel,,
f332aabe9da742ad496bc5,Eunique,,
912d59cdf1d3f551fae21f,Europe,,
154b5eee8f6c9b2706aefe,Eurothug,,
af90d4b9690cf0384d63d8,Eurythmics,,
a537bf9344f6b768b22bfb,Eusebio,,
e1e1aae50c8784638d1cb6,E.V.,,
67a2a324cb08c0b2f02d09,Eva,,
dd88134c94c99c6098216b,Evaluna Montaner,,
68924f64542ebb1a7a1f89,Evanescence,,
093c13c0244048db005c4f,Evangelia,,
be801cf3e1e280a7f33637,Eva Timush,,
a3cfed347c41d6302846d4,Eva Weel Skram,,
0321e7281a33bc6debcd0d,Evelina,,
f2bbc97997a09a5ce31254,Evelyn Duarte,,
f331b9ff99e1ab46c24df0,EVEN CUTE,,
e32da39fd0e4bf426f9e55,Eversor,,
43063610410c342e2de0c5,Eves Laurent,,
b6c9e6c75b1fafe334cf70,Evgenya Redko,,
7afd9c90760d0a6c52958c,Evgeny Khmara,,
404ff64c2b45008ac31220,Eviatar Banai,,
d14d0f59bec0cfda962ec0,Evil P,,
c21747ad339c2417bff416,Evinha,,
baecc8c9334c0f83e976ed,EVN BTTR,,
1e9996356e5cdc82603639,EVT,,
758a2b3faf1a9112f118ca,Ewa Farna,,
67cffac81e2731a421ea9f,Ewert Sundja,,
d7173b2bf86a05fc6009bf,Exarum,,
bb772f0c22c758b3e36803,Exile,,
712b7822e8dd02e9302bdf,EXNLXDE,,
6ce193057da1da01a284f8,EXO,,
0399906089cc3c3dbf32b9,Explosión Cumbiera,,
23c53320729451a2128b25,EXPOSURE,,
6ef2aa20d1740654062537,Exus186,,
70434d2e3071073bc6269a,Eyal Golan,,
da1405cafa6c97536e4b76,eyaq,,
a814c5cbbd34de5b86e9af,Eyby,,
157650c8d524c90feb45ee,Eydar,,
66389d546089f1319d2a00,Eyes Of The Tigers,,
f7a8a86c7ab99fd232fee9,Eyjólfur Kristjánsson,,
951e4ebc7d1808d3b4c03f,EYM,,
995252accb94d11316a26d,E-Z,,
46e6ff132b7d71ec5956d8,EZD in the House,,
33890e953f2518c89603a2,Ezequiel Y La Clave,,
7266541ca65bb87829d59e,Eze Remix,,
54ab7b8aa6f06f9b79046d,Ezhel,,
5755e8d0909e17c4901011,Ez Mil,,
05248d5831cefe8662263d,Ezra Williams,,
800618943025315f869e4e,F,,
66e91ef78a4c6e9e9a1fe8,F$rgo,,
bf364803209f8a8db33fb4,F1 El Control,,
94de00355c56a4bdc60238,F1 The Album,,
0f0837683cb27dcc977727,F4dli,,
c08c45793c5a33d9253ed2,Fäaschtbänkler,,
68705ce3321313dcb076fa,Fabe,,
ae71e1ae7d5e421eb72521,Fabian Mazur,,
0beb0ca74a2a7fd869e127,Fabiano Henrique,,
07ee27a7861598ae5cc865,Fabiii,,
94260c253720b8fba7f26c,Fabio Asher,,
b2ef340dd7e2397e3c06d6,FABIOLA,,
24c101a40750db9028fea9,FABIO PEREZ,,
2d27b26f95127c01d8ac47,Fabri Fibra,,
ccf52266d86340c2a47fd5,FABRO,,
345094d9e282b0f2b2b49f,FACE,,
106451a11329f68a4f96a7,Facefront,,
c0f0951b2eec10adc031c0,Faceless,,
b1e7c52a1350bf83897468,FADE031,,
2b4aef4df978a0f6ef8985,Fadhilah Intan,,
457ada9e0a37fc9dfd3214,Fadi Tolbi,,
cddd5e0157488ed3829df5,Fafá de Belém,,
09a60876148a6f8355794b,Fagata,,
a9e5eed0ff168e547cff8d,Fahar,,
4d34fe883fcd416a4310c5,Faheem Abdullah,,
379c65fe37bb99c85d4f52,Fahimi,,
b9fa88392fc1c913bf1c8c,Faija,,
77872802afbbc61a3bfe5a,Faith Strings,,
3ea7820e95ba6c40e4d264,Fakin Bůh,,
f7d952505ddd2727c851cf,fallen777angel,,
9d3c99d948f06f30bfcf19,Fally Ipupa,,
fcfd3e0ccced400865d4e6,FamousKyo,,
f164a30da6befc2da082ff,Famous Pluto,,
569723e468c3f4ffe186b2,Fanatic SA,,
54eb5b07ecec65c6746882,Faneto,,
6799ba3f36be4583b18946,Fangoria,,
1ae906de4185cb6af96c2f,FANJI,,
7a11ee31c834df009d3a49,FANN,,
043bd1528e55b546117784,Fanny Avonne,,
740f8c13285afed64f2753,Fantasia,,
a9df4473b73505f1b44a3a,FANTØM,,
c6d0113c64cefd8d5767dc,Faouzia,,
a6b7cc30d968aff9dadabc,Farah,,
5483f9e3b263e08508b75d,Fares Sokar,,
2b32f308c231660468ce2a,Fares Sokar - فارس سكر,,
8254ea645e6b56e2ec3175,Farhan Saeed,,
52aaa480b40e13782916b8,Farid,,
0d3d51ad46d34c47999ddd,Farid Bang,,
e7c977dbdb47f365df0132,farid kalamity,,
474d024551087050952398,Farina,,
70a3112fee07a49e691828,Fariras,,
d3a46523fd8d72fe6d3880,Faris Adam,,
22c24a46ba36caddfc91fd,Faris Shafi,,
f84ee81bacb68221727fd0,FariTune,,
cb990929f820ac312f47a0,Fariz Jabba,,
ccb53a575f2f4abe1bc53a,Farkas Pisti,,
8110ec62bd80dfb7d8255b,Farkd El Lourans,,
a30244b3920dcd7ca697c7,Farmaan SMG,,
90d8e78de5ea169baacfd2,Faroon,,
93aa066d1385cbe21ff05d,Farruko,,
eb96905243af615caa9524,Fary & Alex,,
d80d0c9a460f028e80f8d9,FAST BOY,,
e1e4a8c409f8e1c4be71e2,Fast & Furious: The Fast Saga,,
4be248556aecc86ade9888,Fatah,,
97cd775281dc7bf5bfc533,Fatboy E,,
a533479d2b62eedc0f8145,Fathima Jahaan,,
7485130fe8c72b469d3217,Fatih Bulut,,
55147b9b2fa59157e7fa55,Fátima Pinto,,
6c5d3730e46525fe4151b0,Fat Les,,
acd3d2983a0549eb50980c,Fatman Scoop,,
88c52f1f54ad34e331a3b2,Fatma Turgut,,
e152cae14c5f3791ca2f34,Fat Mizzo,,
21ba770af3b0103e5d449e,Fat Wizza,,
a93803a7c17c8d1c77eafe,Fauna Music,,
2aa488a8a4348c7d0bcc42,FAUSTINO CRUZ,,
05323a6f95ce278e444ac6,Fave,,
0bc5c0a052208b021fbc42,FAVE,,
6db613466f76ed65fddfe7,Favé,,
047fb90408a79f189d51cb,favor,,
01165dcf77c191e6c69b31,Favorite,,
b6727c8631dde7eede2e87,Favst,,
0837725fb08d53763941c6,Faye Theochari,,
6b24595cf46916ddc4e165,Fay Wildhagen,,
0bf0f3204ac7eb4f9107f8,Faza,,
fb0ac1dbda08f147a21f10,Fazidah Joned,,
4ee80dd5f6811b6d3700c2,Fazlija,,
1a68067239552c92917fb3,FC Baseball,,
148a2c9d5c7303d1bbff43,FDM,,
511ddd8c39f4408f2a41c9,.Feast,,
a1b2f5c11650f6a02404c5,feat. ออม TELExTELEXs,,
adbed292a5b32860188a3e,Feby Putri,,
0cabee16ee297ce84b157d,Fedez,,
78b174ef9c1d35e3684195,FEDUK,,
5edc49ac9310d499bd13f5,Feeling Music,,
78b430063767f1a0cd7c4a,Feelingz,,
5684f298836cc834ca0741,Fehér Krisztián,,
cfc498395d0fb8f3986993,Feid,,
6440cb23e11fce21afcc99,Feine Sahne Fischfilet,,
d1ae0e2f9f3ac1e0e0cdcb,Feisty,,
6ae655356be4cd2f27b4c9,Felicity Cotton,,
61e7af31b12a9c46d14939,Felipe Amorim,,
19deb78de8087b22a7df55,Felipe Araújo,,
d7b4ac37da83aafac9a9e8,Felipe Beats,,
525b6815a96ecab972b6e2,Felipe Botello y El Sonoro Rugir,,
fa9f7af0dff7af210b6ae5,Felipe e Rodrigo,,
a0b9489db03d8b24eea288,Félix,,
f795c2cf2c87a55808326f,Felix Harrer,,
ed32fac5688b4bdb0fc4f1,Felix Jaehn,,
2370a6dfb52f5de079dc1e,FELIZINO,,
9d1f5d0a30a9ea2d574217,fellow fellow,,
bd5efc082820ccb77a26f1,Felo,,
09bfb820d2759b21d84579,Felo Le Tee,,
f0dd9af55ad1222e55dda6,Feng Ze,,
3193418346223b4be69ece,Fepache,,
6f0811cc976d5fe65adac9,Fer Ariza,,
64644115a7c44a3b2459eb,Ferdi Özbeğen,,
ef90aaf72187c7e4018fe0,Ferdi Tayfur,,
95b085ac21077400320286,ferhatşandır,,
e30d07244e7801547feb36,Fernando Moreno,,
76992a550acaa9096d47a0,Fernando & Sorocaba,,
5f72cce68c167e52a27633,Fernando Villalona,,
f520a31d1d6044aa69e8f0,Ferrillo,,
ac1ac2d1716d7b99ab2aae,Ferrugem,,
3d87e42bee63dac8d11b92,Ferrum,,
2e0fff6f1490da5d613c9d,Fer Vazquez,,
a3e0c31cb076a283344cec,Fetah,,
e958c483d8a593fc4d020f,Fetty Wap,,
a78c56161dc0932d5863c3,Fezeka Dlamini,,
a57fb2b712b210fbb8933c,Fhany Santin,,
3d95a6cf48f7cde5115b7d,F.HERO,,
18c8876b5dcccbc6998b51,fhop music,,
29af70fd2791d172de1236,F.I.,,
8c9d6ab4e40ea7fdd314d6,Fido,,
afea28cb718c6c40dfb1d2,Fido Guido,,
8f115a129bb215af4de499,fiedlerski,,
731ae297d43f81829ac104,Fiersa Besari,,
4881279d104c0bb4d6d506,FIFA Sound,,
1e881632c5f9b92ba72e83,FIFTY FIFTY,,
644ea8929ee016c243d7ab,Figa Flawas,,
e69be85c04115fe2c3d18d,Fight Pausa,,
d55dff0640c05e12e319a2,Figo El Dakhlawy,,
3ecc8bbb2d2e3666ed2ab6,Figo i Samogony,,
9f4d5d1f62d03c2e1d0f7a,Figoshin,,
0a2194f9bc5ac8cbe64357,Figura Entertainment,,
57a7609989b1bad686df52,Fii3rd,,
9bfbf9be1572d257f9c1aa,Fiki,,
7d47629da41a92e418b11b,Filipe Ret,,
9f4a8de238d111742d5015,Filip Leon,,
9e1f5781421a60251c6e22,Fillipian,,
d3f26b66c17a2f73f34a39,FILLY,,
764014af38e949297c327e,Filo,,
65e5839a7d0967e8f04c60,Filow,,
371ceb76eb162dba05aa9b,Fimie Don,,
2aeb972b3287a43b9bfe57,FiNCH,,
bc790c8524bc829e8c04f4,Finesse,,
aa65a11835bff134fa5b71,Finessim,,
2e4896ce2b2401ac4ae3ab,Fingers Blue,,
0ad667e6bb1bf4dffaa8ff,Fiņķis,,
aecd8934b817494a8e3c93,Finn Bø,,
55f63acc7f269427884b8d,Fiona Sit,,
91ca106ff0e1537a4c266c,Fiorella,,
9fa8df30b2d5ce91ab6a96,Fiorella Mannoia,,
5217901f06570ab578bf19,F.I.R.,,
76d3ab542a45d50fe8ad26,Firdhaus,,
f85ca9574d574b25aaa397,Fireboy DML,,
e39a9dc8930281ac0b29c4,fire hair,,
84f3a133f6207a829bf96b,Fireteki,,
6fcc83afc7ec64720cc7c8,First Anuwat,,
b434072c7b86d4b63f885d,FISHER,,
2728fe8e4632d7932786dd,Fish Leong,,
fe3e9fc7a63006e67e3cc1,Fito Paez,,
5713b2db18c3131e9253c7,FITTO,,
a52a76647d465c0dc9f003,Fivio Foreign,,
f18c78cf4e0d99ab1c71e9,FIЇNKA,,
b8d2cd32191715345eda0b,Fjallabræður,,
ddfcec179ba8a7951a544d,Fjellrev,,
e7f04d2e05b42388593c26,FKJ,,
55a761a62674ffac68343d,Flack,,
a2ca0305b56f45b52075e6,Flaco G,,
b645659b193767019dc1b5,Flame Lasauce,,
8bdf9dda87bd3c5f84c8f4,Flamen Beretta,,
58ff5c9710be7cddd5837f,Flash Cortez,,
b21cf456a3c082ba04c315,Flashy,,
66c83552729d0634503818,Flavour,,
12254c8422c8a9128087cf,Flay,,
21730e072b931cff6e4b4a,Fleetwood Mac,,
a9729a795cbd1d08408b43,FLEMMING,,
70de5d69908d645e105f33,fleurnothappy,,
71a194d5a0317f49b3d0d5,Flex (UK),,
c45bf3f848da90340d9210,Flexylegend,,
9a6d93d2745906f76aaae8,FLOKI,,
bbaf1bccb917304c35f505,Flo Milli,,
cfc66e4fedae2862d1a253,Floni,,
871b10baba1e2437b45ec3,Flor Alvarez,,
aba101f6647d25b95069d6,Flora Matos,,
fa2d2c190e87f0ad8341a6,Florence + The Machine,,
69018412b974f414b38540,Florian Silbereisen,,
c23f4796227e2ffc96e92f,Florian Wahl,,
84a39d6410e2048502e311,Flo Rida,,
9eb6a32d832ffe9f74e064,Florin Salam,,
d170fed1f1cf86760c9be4,FLORIS,,
96b699d001ced737503c88,FLOTT,,
def582a8aeded3ef709f99,Flowdan,,
b73a188125eb4d6c7648fb,Flower.far,,
da57628ef7db86714ed4df,Flowerz,,
581f03174d6c2274b5e770,Flow G,,
2cbd422e9b20a548011e71,Flow Unico & YvetteIris,,
d89bcf7aa39618f39b8a2e,FloyyMenor,,
c448453f709c74b005c00a,Fly Anakin,,
96f7b0424d1c3e958688ff,FLY LO,,
535f21c00633fadac75b36,FM95BLÖ,,
937d62dfe6710e9db71231,FMK,,
eb76d6786e754d1fb5bf0a,FMMB,,
41bb05a13c6796292a4f19,Fobia Kid,,
a7d72f58db39f1e00803b4,Focalistic,,
5593bb0688bc87dd947639,Focking Rafita,,
5276bf7103458d03248caf,Foivos,,
f63133bf4740586b9be8ea,FOJE,,
49567424f15bbf4e7d47c4,FOLA,,
c0c4627ea6fc5b8617acf1,Follow The Flow,,
14bda90e309346741b7ad3,Fontaines D.C.,,
ee5535827899d8ca5e80b3,Foo Fighters,,
1f4253d6855e1c9e2b5a64,ForeignMeech,,
5e5429073993df18593564,Foreign Teck,,
18875ac563582dcaa9bf73,Forest Blunt,,
d46b37be194ef0ec3ea476,For Revenge,,
4a3f83b4d9e75a60d83b76,Forsvarets Stabsmusikkorps,,
3b718350f6b484739fb408,FORTUNA 812,,
b5b042e52218a123c40841,Fosse En El Track,,
cb35667ad751f3eee3eb69,Fouad Abdulwahed,,
51633a763f2cb9fb3497dc,FourNine,,
aef38e5b0d04b473224c17,FOURTH,,
a4c42a74c7fa3da333f3fc,Fourtwnty,,
bc6785435b09eca38ada47,FOURTY,,
9d30bf1ba3d9dc6892f632,Frah Quintale,,
1ebee5b3bcac949e0f3c75,FRAM,,
3332904a28afa1d6043d4b,Fran C,,
a0feba9dc04f522dbed2d9,Francesca,,
ee6c9329b80777cb7e33d6,Francesca Michielin,,
f2e6df885aeb76489925f6,Francesco Gabbani,,
4bcdf52027deaaf4d76555,Francesco Renga,,
0d1d20965573af5c672b55,Francesco Yates,,
2db70773ede0b1b6423beb,FRANCÈ ZITO,,
0b83bc71bd89516efb5751,Franc Fala,,
d0ab7fe6c314f4fe5b6c18,francis,,
e51593be1af6ce431a409d,Francisco Zumaqué,,
04549d2f01081d15c65c1a,Franco126,,
c5c97025a27159b59952e6,Franco De Vita,,
99bfb2359e2223ac8ff98e,"Franco ""El Gorilla""",,
68b5d10332c5b0c4aa3d6f,Franglish,,
f9dc77cece7fa16f6edd2d,Frank,,
808bde3a203304c6aadc9a,"Frank ""El Santo""",,
5d212412df7eb0a30d5304,FRANKIEONTHEGUITAR,,
ef99a7e575495b81a923eb,Frankie Ruiz,,
dae22b5a100947d7b1a0cf,Frank Leen,,
f2df18e8a9cfcc92689ac4,Franklin WWT,,
ca93d27347cd5106f07129,Frank Mabeat,,
00bf7b2909ce4b6e52e961,Frank Ocean,,
c2923e62d7e08016c86bfb,Frank Sinatra,,
78dc1a8e32cf9392c42467,Frankyeffe,,
9a82e21a2daa96c0f481b1,Fran Lorenz,,
cffe36e0ad540a699ee75a,Frauenarzt,,
659544ee92085291c527c4,Frayer Flexking,,
7b8419f19a58b307ad1cd9,FRE,,
664ff207dc9acdaa6c3cf3,Fred again..,,
2c6bbc492163d85022f56a,Fred De Palma,,
742df74374ea1ddcdb73f2,Freddie Gwala,,
5df6ed507c7dac72a502c3,Fred Durst,,
70b06d4e5f9e48e0fc025a,Freddy Kalas,,
299b4dbf4dbc49969efe3c,Fred & Fabrício,,
e849d4bf3b03d909cce477,Fredo,,
720555d3bd454e4155a45c,Fredo Versatil,,
2a0e37caec23287d95c0ba,Fredrik Lundman,,
8d1fdee30a3f0066963fe6,Freebot,,
b1044741d389a44d6f828b,Free Cover Venezuela,,
757dc884265c88fa89e1f2,Free Finga,,
e6f263341aafe0f52d0bde,FREEHAND,,
f4716a20bd7686804142da,Freek,,
c130080750ab49b45d6f92,Freeky Luciano,,
5531903802e61ab37b6b4a,Freez247,,
d19e78ea2a911e6cb08e79,Freeze corleone,,
aa9abcb5c6abcde2a09785,French Montana,,
f064865ed19fcdbc23356f,Frenna,,
4e356f26e8ba6b5a2f6378,Fresh Bodden,,
20e2a7d6ea1019d021970d,Fresto Music,,
6f8bc586d3127ebfa5997e,Fretterave,,
57e09f25eb0b02177bbf0d,Frezza,,
eeb68fb449ca621674838d,Frida Brygmann,,
0f03cde2e723f95e30d633,Fridayy,,
6b529c52c217f0b40950b8,Friðrik Dór,,
8f698ca50951f85e342f9a,FRIENDLY THUG 52 NGG,,
24378cfe983dfe491dcfd2,Frijo,,
a830e5d9e445b176651ec8,FRIO,,
38b2bec64d333345c09e20,Fritu,,
ea3f3edbbe9638cd6760cb,FRIZ,,
8811b3c64e6fabf6a2c4b6,Frizzo,,
89aa457475580560b28915,FRNK,,
10ba93ca45bf007aa42bc9,FRÖKEN SNUSK,,
8169ad5419df96ed7c523e,fromis_9,,
7d6227fa326107cf32be3e,Frosti,,
889b21a1f1897215726265,Froukje,,
d379dfac9d77e1ac4ea4df,Frozo,,
ff6ae81ffb7ea0d662c2df,Frsh,,
d07e32c254935aba62f758,Frumburður,,
6da05b33524d98389dc8d6,FSLN,,
ce13d0e799114208c2c5bf,FT Kings,,
9523c4c27385d3d096d068,FTL EYES,,
8c2b8a0b7d53f13686fe20,FTR Drama,,
a5d74eb2992da96278ec41,FTW Von,,
1a3e7d3ca152deb8db3710,Fu3go,,
fae0171b619912d4e04712,Fuad Gritli,,
e6c64261a5c39042374745,Fuckgize,,
0f0f407ca567fc73cc83d5,Fuego,,
12b75c721e49f921257e79,Fuerza Regida,,
1253ee69fccc013b8ba820,Fujii Kaze,,
064c9cbc3e990ec3d452c1,FUJU,,
b30d06f0e3bb3f477572cb,Fuka,,
7e7e56d267509db593b92e,Fukaj,,
ec00bc989831c6d8697444,Fullife,,
b93874f3c6639e45931ad9,Full Trunk,,
7e682f0801821473730780,Fulminacci,,
4d81093763007e635b31b2,Funda Arar,,
0eaccccb1406455fda23a4,Funky Qla,,
28c8d8690d66ddbfd9c476,Furelise,,
849faf01807dc8214eb1f3,Furytto,,
adff855173c9b92b547812,Future,,
4201a2a342dd2713647645,Fuzion 4,,
94f9a264d3419f1155a474,Fvck_kvlt,,
d76f2c4d6bdf142af5106c,F(x),,
f766019a16d6507c72ffa4,Fy,,
bed9daf9e232a2863b3b82,FYE,,
1eba1cde68d9dc1fd94d20,FYRE,,
7a67246ada53310eccc5cf,G1nter,,
e4af817132ed5a614015d5,G1ocatore,,
6a91817cb9eea7e4c3c17b,G3 GELO,,
c79155c8bd718a1320f532,G.A,,
73d9d5e5f403ba0dc1e021,GAB,,
25c77275d5544c4b211456,Gabb MC,,
b1c447bdce3661dde11094,GABIFUEGO,,
004a11ddf35c0305af136d,Gabi Martins,,
e362341d835106a0ea5378,Gabino Pampini,,
557394cb6c53df7ba589df,Gabi Saiury,,
746fcfc4175cc524b7399d,Gabito Ballesteros,,
ec5e667129261621273b4c,Gaboro,,
306688485c455e3815ea45,Gabriel Ed,,
0660dd4592bf15303002f2,Gabrielė Vilkickytė,,
f6498d468e077792b821cc,Gabrielius Vagelis,,
d2108b42405f19b2e44d3f,Gabriel Jeeg,,
b78be6d0f407483d26ba9a,GABRIELL,,
d897ffc65b3d7b934ce567,Gabrielle,,
132068e8f76e1f87bfd88e,Gabriel Pagan,,
3eb92b7eefb5f092105aec,Gabriel Pizarro Pizarro,,
fc399b28ba28d0c24a4165,Gabry Ponte,,
912aa1b1845151a14bf649,Gaby Music,,
1c383b3cc77da4fabbc575,GACHO,,
edb862513fd2cb9ecf77f7,Gaeko,,
7c3957970c5781d7a50a10,Gaelic Storm,,
c30e86eb05a30e2ce700d4,Gaia,,
4308709ed7073e8a88b0c0,Gaise Baba,,
309f6ad77c9608579a7b07,Gaiteros de Pillopo,,
2e0707ba12dccefaee5211,Gajendra Verma,,
fed7741e5e2c1061807a13,Gala,,
d0a9a06c0f7a441c7c885c,Gal Adam,,
f6e2457c3551897be18156,galaktik,,
0db23d8fc6c8fe54939d44,Galantis,,
f49909663b46703b5d4f3e,Galatasaray Korosu,,
6ca7067d71bfde511e052a,GALCHANIE,,
8f98f239a58ee3cdacf6d3,Galdino,,
1c58e907ded1bd46eff656,Galee Galee,,
fa6569a36d8e8c46c0a74c,Galena,,
b297cc5c4d08d9b42159ca,galeniex,,
e4dfb260b574750937e817,Galin,,
57daca1651c5f39e160dfc,Gama,,
faa16547f3ca83bece8951,Gama WNTD,,
b7edd521f0a08107d3cc5e,Gambi,,
bcdcf443b23c56fbdfd96e,gameboy tetris,,
5a6a2d9927efec7fd8241b,Gamka,,
3317dbd92e42669cad9206,Gan,,
1ffb0e868280190a8da3a0,Gana Kadhar,,
2a5fcbb1f0765f1fd42609,GANGgajang,,
a829d606929513d74ddd18,Ganggy,,
2d9a89819f2472b8553b61,GARABATTO,,
9a92a3965554355b722a7b,Garbanotas,,
b278d0bc86f350a9662afa,Gard,,
6236437e493a951c3561af,Gardemusikken,,
2ccfe252b25ba508eec7ff,Gareth.T,,
7c50edeee282bb391a1be8,Garras de Amor,,
535739117bb819cb326e60,Garycash,,
d90bf7201d91ddb29cae0e,Gary Yang,,
3ddfc242755da3f69dd1e8,Gasellit,,
140d24599ba557668287bc,Gaspard Royant,,
a825989afc2dcafa2822f5,Gaspari,,
3459dac6aa219efe09d064,Gasparzinho,,
5d323c72541ce44fcde2d6,Gåte,,
ddc226226686cb70d42b15,Gatillo,,
d8fe68a74f513d483f727d,Gato,,
47306befdc50c71ef12e65,Gat Putch,,
443b1709ac0bd14c49d443,GAULOIS,,
a12e927a6f4ff05b7fb24a,Gaurav Chatterji,,
1cbf8681b7c4d49687c9e0,Gaute Grøtta Grav,,
d32f8dfb4fd53064692d51,GAVIN:D,,
dd9c386b5e44cb9b346206,GAVRILINA,,
e5e83580675b1259158366,Gayla Peevey,,
e1dd85fc7163746812bb68,Gaza Slim,,
9e7c1ae3a7dfc7c35cdf40,Gazo,,
2ca720d68435acfbcdad70,Gazzelle,,
c85aa07a2427e32b32de2e,GBoss,,
45eace842dc930344a7516,GDA El Unico,,
a7eb8580ef8c9565a8725b,Gdetogetto,,
d76abbf5f676b0a032393b,G-DRAGON,,
c837eb4b60b3e707326251,GDRN,,
15df841b6cf6b408e0b8f7,GDucky,,
af77dbf445f40688b0ed0d,G-Eazy,,
6708aea6cb55c813cdce6e,Gedz,,
474fb5ea1e0ca90f570d87,Geenaro & Ghana Beats,,
a4ea967f5356fbb5cbb63f,GeezLy,,
6ae705f5f10aaf3bb2cc20,Geisha,,
8b4dab1435c275bb3108a3,GELO,,
0b666f64a1e1b9912de849,G.E.M.,,
003b7834b373a4be97ec57,GEMINI,,
3c815b9d1d6cd81a93ba19,Gemitaiz,,
b3f4a07feaf794fc820d06,GEMN,,
7c1ca0edb4bcbd9c27a6a2,GEM-Z,,
1c2a32094f4191cd951e33,GENA DESOUZA,,
4e9fad271a190a9f790814,Gene Autry,,
5e0dca0c46753e37af1493,Generalen,,
a9f1885443faeaf7f5e9be,Genezio,,
e16c1e356363e86a341448,Geng Li,,
2790e9dc07a0eed9bd6e58,Gen Hoshino,,
b525f128823cb4f0d292a3,Genialistid,,
8653b78495170e86c30c7f,Genka,,
eeb7d2cdacb1c842e5e054,Genna,,
22271e95240d7468f07d6f,GenoDa1,,
a852e15cebfa8a91b4e704,GENSYXA,,
f64bc8135a152b5864a6be,Gentle Bones,,
b4f722f9eb76be0e7e853c,gentle jupiter,,
df33e91d32a72b82a070fc,GENZIE,,
84d5912b94404437bd2dc7,Geolier,,
6a886e169fe8502fbc4f43,George F,,
1adad592a98d409370187a,George Henrique & Rodrigo,,
b79b13232ed0c93f3be794,George Lam,,
c1cbe16df011cc453427d2,George Talent,,
d773307971530a4753c53c,Georgy,,
81e952e39c2f2bc46951cb,Geovanny Polanco,,
bc0a0d03df6ff28d2fb57d,Gera MX,,
4722a08c67f1fae04afff3,Gerardo Coronel,,
d4849abbaa71dd785f5d0d,Gerardo Morán,,
4fd4cded7c7a77c14e08ba,Gerardo Ortiz,,
106b97b13e4fd4cd5c99f0,Gesaffelstein,,
39a637eae99aa293c4beb9,Getter Jaani,,
43ed089b7d71bbbf7fd452,Gettomasa,,
e0d7f8c4406b8b4f1b9e84,GFRIEND,,
19af8fb53c352125cb6bdc,Ggoldie,,
c050ebc5021089405e0fe5,Ggreco,,
e8c5b29f4c6c2f13c6736b,G&G Sindikatas,,
15e64332fa6467da336344,Ghali,,
789d9531c41e6586d25430,Ghaliaa,,
94505a72af3bcb1ec86f6a,Ghard,,
88a6b541047b1e9e6ecc5a,Gharvi Group,,
5e65bdfc19c5369b04a530,Ghea Indrawari,,
43a83a620b8bbf1066e6e1,Gheboasă,,
b615d761476561a50c2108,Ghetto Kids,,
401357e57c765967393ba3,Ghost,,
e3c0fe75a608f08ecf1781,Ghost Killer Track,,
9d2fbc22cf5d5439a808f5,GhostyPlaya,,
14c09b1ab838d45a37d200,Ghoti Scale,,
f94a2ae4f01867a525446e,Gianluca Gallo,,
9a65ee43d29beeb173ab3c,Gianni Blu,,
0160ccc69b5fd0610f4a05,Giannis Fakinos,,
b6ae7c0260e697a268d51a,Giannis Parios,,
cf56e79f4d8f5e0f5baa8b,Giany,,
10e1d06bbcd1e92498abda,Gibbs,,
2de64a84e77b11d1322a6a,(G)I-DLE,,
cdcfa17109b936643f2c14,Gigant,,
80e4657e757eeab9c63493,Gigi D'Agostino,,
1de23b9af7570381095494,Gigi Mendez,,
e604c5854fe82f0769a542,Gigi Perez,,
4e322d6e8f5ca1d59c130a,Gigolo Y La Exce,,
cf79b9d90c5d17799e4d54,Gilberto Gil,,
42af9fd1136fd14567bb12,Gilberto Santa Rosa,,
c48ae871f9976e4f32d2ef,Gilli,,
89b3864b08279df5d954bc,Gill Machhrai,,
99094d2c1d37245dd23400,Gil Semedo,,
70bb7a1549b70e6447436d,Gilsons,,
a71cfb176a805ee9f8e3b4,GIMARIO,,
49d44a2d69db8873b1f351,GIMS,,
1d2d5508c2d5cbdb6c4175,Ginger Trill,,
25b76d4f950a5cc73168ee,Gino Mella,,
f8def67dd9ba1645acea4f,gins&melodies,,
37fc7dda7d384ffe8da6dd,gintė,,
2833a89f35a3f51e5dc279,Gints Sola,,
45c37c2e30ce570a73db09,Gio Dee,,
1abfab2c3a40d387b0becb,Giolito Y Su Combo,,
9fcfce8aa60aa5e5fcf25f,Gio Pika,,
35684d6c86f08cb944009a,Giorgia,,
d74ca620b941286ba5f453,Giorgio Poi,,
30cf996c1e7705413f39b7,Giorgos Orfanidis,,
1dac819fd674c7f0715350,Gio Valentinno,,
8f8439bd01556aace5fd2b,Giovanni,,
b6f7d1f12c0e5ea923e44d,Gipa,,
9890cf78dc37b154fad403,Gippy Grewal,,
7cafb995dd204896cc7bbb,GIRIBOY,,
c9f5236f51a843e6688edc,girl in red,,
c52ac81a0ce3d0964b0739,Gisel,,
590d7c443c64b5c867c5ef,GISELLE,,
beda658b10bab7b54bf290,Gísli Pálmi,,
64cb72e956197a026f545f,Gist,,
8c6b4720a89d4839a17a91,Gittobeatz,,
c013fde6ab1876165e4a16,Giuliano Yankees,,
50ee3b4ca0ddad1a4db353,giuzzybeatz,,
99b85af4f05c07f4b784db,Givem Tyler Litch,,
b7d91e135a5e2d4feb8730,Giveon,,
dc804dc02838f4aef0baaa,GIVĒON,,
c748e7a62d8a8feceb3363,GJan,,
475f27c30166210fa7acbf,Gjesti,,
2449fa67d66b9b48cedf2b,Glades,,
6674b2b8d994c3e1b453e0,Glass Animals,,
88ce054dc3c883a1b4aa42,Glaydis,,
2661e11ad1288ba3ca676e,GL_Ceejay,,
26e301caedebe45ec79df7,Gleb,,
e527feb9036b9f4f4e2737,Glenn Jones,,
40f63066adaa3f4d7515d7,Glocky,,
d84d97bf798707b3f419ec,Gloosito,,
344a5aa3f014f015a580c6,Gloria Groove,,
e899ca87b8f54947448a7e,GloRilla,,
2b701984b5fe65fca37c4f,Glukoza,,
8213de6a689923e4550dbd,GM2L,,
2f132c56dae0377a9efe74,GMBeats Degranalo,,
ae4a4f088d6bf5acb9da19,GMBeaTz,,
b6c5c05ced22e7a963d37e,Gmeniu,,
21b63b129f9c31f7f6de49,GMG,,
53845d5f91391b421676b9,Goats Don’t Shave,,
1ba5bd6dc56cc2002483fb,Gobs,,
d5d0708fa33aac5eed92fd,goča,,
3dd349b6a89b9a6f4dc99a,Gocata Kangal,,
3cf667d1e01b6fcf175b4d,goddard.,,
cc526a07836380aea47ee4,G.O.E,,
12a23a9f72ece64241d647,Goel,,
24f94fa200fda47351320a,Go-Jo,,
cd7cbc08eb93942b31859f,G. Oka,,
69bb3ef648716bc6f21b55,Gökhan Türkmen,,
ab07947d63df7b640502fa,Göksel,,
c8a4a234453514c2507d48,Goldband,,
138449bf83eeccdc2fcf5d,GoldenChild,,
45155d3f2b2318155d5035,Golden Years,,
559c16776141348ef22def,Goldgrain,,
e9e07b405dc14279c6cca3,Goldielocks,,
d395bce002545a877d2603,Goldmax,,
6fde254e5bbe2960e246ec,GOLEC UORKIESTRA,,
f22024555a7b8844474fb3,Golfao Produções,,
ef8c78ace9679d3a5526fd,Golfklubb,,
adf6c3fe727cc31e5e2810,Golubenko,,
8b2a9af2833183c952fb16,GOMBAO 33,,
4faa811a0727b8982c636c,GONE.Fludd,,
f0abb886c597035ed51e74,Gonzy,,
e1b5c4d80daa481bf35c8d,GoodFinesse,,
9be93f08a51a622e24e570,Good Neighbours,,
49acfa0558be464b8f5bc7,GooGoo,,
9b7e2dd4a1525340a1afed,Googoosh,,
a01fa75d34553de8ce7b5b,Goon Flavour,,
98e5fbeb7a67f4bdde9f62,GOR,,
f669a76760272df9584360,GORDÃO DO PC,,
cf3637f37eaaf0ebeeac2d,Gordo,,
b07aa1643b7c81f32c605c,GORILLA GLUE,,
473b06652e159bf1434a71,Gorillaz,,
d547eb4b4073b556aea32d,Gorod 312,,
31636c7fa2e10f4ec0f403,Gosei,,
12476f6314f51e9b46e2bb,GOT7,,
c9144f5c32aa3899d13c3e,Gow Tribe,,
9f0c636e175cf0bd27be40,Goy Arachaporn,,
26764fea656395046a33a9,Goyo,,
467d6d42c0cdfa3815e0ba,GP DA ZL,,
9b0c50fdc475bd35864b18,Grabbz,,
5216a5251c53379582e59d,GRACEK,,
625cffc8ab55ff4a3930ef,Grace VanderWaal,,
3900b250e08a1557bbc6c0,Gracie Abrams,,
786473cadf0e6f83972d32,Gradur,,
1b20d63211b8a49fdfc2c8,Gragys Jungle,,
7b1ac96aced7d6360eb034,Gran Coquivacoa,,
5969bd52b55baecae640e1,Gran D,,
53f6483e0ebe963d14ff53,Grandbois,,
3415c01f807fc7afa72505,Grandmasters Neons,,
2e20b0f4d9108b7d5429de,Grasa,,
e19e58aa3ceffcb203377b,Grebz,,
e8de6dfd9ea43f38484736,Greco Beats,,
9d21fce5f0728f3701255c,Greczula,,
a80fe5e6d034f09d526f83,GReeeN,,
c29cb3d1102ea3db9a2999,Greeicy,,
bdb4acd2f10f86412b818b,Greekazo,,
efa3d760c855d8e86c4c5d,Green Montana,,
847acf4fbb1c98f3200432,Greg Kurstin,,
d2857387b65be1b82370f3,GREGO,,
d994383be2f05ea552e27c,Gregossan,,
0259114d6d3113b1e64e59,Greg Parrish,,
e2672d47a5ba158eb1a1ba,Greg Willen,,
a4dcd47a6c33a40610367b,Grelmos,,
f7fce6685839d477dae6f6,Grelo,,
8c2fe7a3f0f24f02e4a4a0,Grēta,,
74b8137db420bd8f951fd0,Grete Paia,,
23c91b99c2dab24d02c650,Gretl Gtze,,
7600de3a942d8320a50f5f,Grettiskórinn,,
a008d28ecd0246ca233c37,Grey256,,
2cf2946a953f15a0431851,GREY D,,
eae15529cc974e63539bba,greyrock,,
783979361a494f3a0ea1f5,Griffin Raphael,,
46e90dcae788191d08a657,Grimaso,,
ce197f21ee0f546c745bf9,GRiNGO,,
7f628ece5401395b129588,Gringo Bamba,,
f6a18f054835c55ca6529a,GringoBeats808,,
4a8ff53355f02d0bc56d8c,Gripin,,
2438e72d0cd2b2f775c1e7,GRMV,,
2c627423657274392b494a,Gromee,,
c391ea427b25a36a878f0e,Groove Coverage,,
4e7f195474cfe52f5ead6e,Groove Dealers,,
a4c0cf9bf5b65c6b5218da,GroovyRoom,,
7c622544d5649a2e8e6acd,Grše,,
8c8797641f403448765eee,Grupo 5,,
0a02591cda2a06cb3a6229,Grupo Azteka,,
3372a1220accda58c571f3,Grupo Cariño De Tomás Cruz,,
525a02ecd8290cd4ebb881,Grupo Decadas,,
211c02c986ff4fefd4147c,Grupo Diez 4tro,,
d184c460f34bde11f2288e,Grupo disparo,,
8920bbc44a3438649b0429,Grupo Exterminador,,
f6f802b8ce16698eaaee9e,Grupo Firme,,
554f22e3c835793ff1bb21,Grupo Frontera,,
284a07433c07801eac2eaa,Grupo Marca Registrada,,
8dd33af740e02df1165385,Grupo Maximo Grado,,
81c14d8a9b7283ac8413bd,Grupo Menos É Mais,,
c4311e424996c042491cb3,Grupo Mojado,,
a80c8d9c67978f4c4ec744,Grupo Niche,,
28eb5ab1552d93789d0c08,Grupo Zúmbale Primo,,
42e210905e4036a6551424,Gruppa Skryptonite,,
abbce903327126296462be,Grzegorz Hyży,,
cc19f0bc02a28a1605c98e,Grzegorz Skawinski,,
a79956b0b2e7bda219d5da,Gson,,
6ed44d231b0a8d9ea774bb,G-SPXRK,,
80219c55dffe0e37e11d5b,Gtea,,
26a9c5c9d126e9d098be53,GTK,,
125c5e36a33fc16e9a3529,guapanova,,
f3f1cf28e6d99c140ad4c1,Guayacán Orquesta,,
b056c47a3297dfd7efa80f,Guaynaa,,
f501876566964328fc3b87,Gucci Mane,,
8349e2fe908641cb3e4637,Guchi,,
56d9c9f0116a0289a79ef1,Guðmundur Pálsson,,
dc69e1a4bbc30b87c055b3,Guðrún Alfreðsdóttir,,
9ec4d9a0272651f3b9edf9,Guðrún Árný,,
0e6c7c6775583c8ab462da,Guè,,
77f061f8c2a195a7cac152,Guelo Star,,
af4dcebfb55690c8d72430,Guerra Neto,,
e0648b0e05779c40c961c6,GUF,,
491bbb867d125f4c7b98f5,Gugga í Gúmmíbát,,
e79ab1519eec6d4df60af8,gugusar,,
a22914116af8bb1a7f2808,Guilherme & Benuto,,
1d2cfe88ff1dbcf77c55dc,Guilherme Silva,,
c4cd5e6633867b91c0f1bb,Guillermo Buitrago,,
84a071bb6586ff9a1214a2,guillo el del gatillo,,
ac0c1032845e4cade1c3b1,Guitarricadelafuente,,
2cc04b3fa854897dc0090f,Gülben Ergen,,
1756ddf20eb8af8a51527f,Gulddreng,,
959ed86b674de95a0f9b49,Gülden,,
6bc08597e85c909595a79f,Gülden Karaböcek,,
cec9a6284679ac3b85b3fe,Gülden Mutlu,,
6d46f7e19735c85d2c1fa3,Guldimund,,
c6157be4dbe8eedd459b53,GULEED,,
ea7d750b8c57ccf9d137cc,Gullie,,
dcb11d7b5bec81dbe8cbd4,Güllü,,
c96d9275b901a3b3453c76,Gülşen,,
f64120831a6b0c451008d2,Gummy B,,
4db6bc9a611a1c3c77f40c,guncharlie,,
470baddd1777b38195ab52,Güneş,,
a30566584259212936c1ff,gung0cay,,
821713fcbdaf26fef18917,Gunilla Persson,,
05c60711bdfaaf8c63f98f,Gunna,,
16a14315ab1b86a793f993,Gunnar Ólason,,
6c5b84407641bef00e3e61,GUNNER,,
d2c1ab299c50d624d85e6c,Gunta Lodziņa,,
c9ebf7d5f59cde1d65c4e0,Gurinder Gill,,
0ce39000cb707f420c06b3,Gurlez Akhtar,,
269edb1456fed206cdc568,Gurnazar,,
8c80a85280e0d206a1f794,Gurpreet Saini,,
0cb3a30c2378571c40bde9,Gur Sidhu,,
ba83162d9b11e6f8c76ee2,Guru Randhawa,,
5a4bcb095f3936badc27e5,Gus,,
e5445b623e6a932dfd9c19,Gusba Banana,,
88067f32dfaccbd765df9b,GusGus,,
2c00cceb47fcb6fece44de,Gustah,,
b0cbaea56f81efcec1d671,Gustav,,
9aa23ba476a969dd3f5bb3,Gustavo Cerati,,
58e8e0e9ca22ac7a9803df,Gustavo Elis,,
1cb1d94c8859bef7ea9c89,Gustavo Mioto,,
b99e074e924a1affff2d27,Gustavo Moura & Rafael,,
c6c2f1d2b920e832a9c5ef,Gustavo Quintero,,
50255af23fdd3d11d90353,GUSTO,,
08f4ccbcdb3802e2591d7f,Gusttavo Lima,,
b6c536c673185b9ce72aa4,Gusty dj,,
5368e654246fb9a3eb9c8d,Gusty Peralta,,
f61fe0ebb51e5778b0bee9,Gutterommet,,
5ddfb1678bdf63d06aa1c5,Guy2Bezbar,,
e11df51806c3b33e543bce,Guy Mentesh,,
39e81750d3a2a21ddfc749,Guyon Waton,,
63b659b5e5d7e9d4a4e8d4,Guy Sheetrit,,
27c466854441fdbb5f730a,Guzior,,
ffa4febb36ded7ec7eadfd,Guzowianki,,
d0cb15aa2d7ad4d2cf6236,G. V. Prakash,,
3097313b6cdd0efdceb38f,Gwen Stefani,,
5e91de8e35f033341030f2,GXHAN,,
471fd40f9ab426506b5929,Gya,,
951abba0896ed2612c2910,Gyllene Tider,,
4144f8fed9e54cdec0d7ce,Gyubin,,
1b1e8833f135555fa98816,gyuris,,
a0f81b3350d2b5e33538fd,Gzuz,,
f0bc6ee3280691dac1191c,h$lil,,
f30bb8a36bf58f06bb1f8e,H4lfmeasures,,
fb14e8ad81e18279beb117,Haaland936,,
33183d6784e25d3efc15cb,Hà Anh Tuấn,,
89900cc837f7692ca31d35,Habeeb Ali,,
e3c70eec62c525e59741ab,Hackler,,
7862e62b247b94c6e7a57f,Hadag Nahash,,
a4730651230dd43cb12956,Hades,,
52155bfaa5dff8c8e19184,Hades66,,
39ab6bbff8a56cd22f58e4,Hadiqa Kiani,,
cf6a8c1eea90b4854f2444,Hadise,,
b2e3dab08608419d0153ac,Hady El Soghayar,,
a3a64f1bedcb5ba20d44e5,Hady Elsoghier,,
992bf996a333e7511f42a3,HAECHAN,,
c67f09ebce87bc953a898a,Hael Husaini,,
c062bb7d4ec7e73db7cc6f,Hafdís Huld,,
ee8150cc0e8f8085112d60,Haftbefehl,,
f1f6496914190a54e1f5a9,Hagle,,
ef86d7a51e986503b3ce48,Hải Đăng Doo,,
8bb0799b5874d0490e8362,Haider Ali,,
cc83f15e312ed3079f61c0,Haidin,,
11d64d121ffd776a4e466e,Haifa Wehbe,,
154ee68ae46a3dab4161b0,Hail Amir,,
1c2a866e2eda0f52c00e51,Haim Moshe,,
ea03498e2603ac6b20ac67,Hakan Abi,,
3adb8e6338cba7148b7f45,Håkan Hellström,,
498734f9e97c358a2cba1a,Haki,,
34c0366d6cf1b9498351a7,Hakim,,
14c985a0a2f0d45c384b3b,Hakim Lokman,,
a9ac50f576aaa81628860c,Hal,,
acc1a3ead26efd5e4ab5c4,HAŁASTRA,,
412346f2a5efec347479f2,Hale,,
4a0d90f22a3b06c3821e87,Half Deezy,,
d330cee6ea71b89d937b74,Halia Jack,,
186010723c9b5a0a0fa25a,Halina Mlynkova,,
3ecaaee6d27de01d6a9892,Halla Margrét Árnadóttir,,
777a23e5e8f638f59c642c,Halla Tómasdottir,,
4b9057cc5baf4aeba30025,Halldór Gunnar,,
d72261a58f8777c2da6598,Halle,,
5acb2383482a79d536d14d,Halodayı,,
9e7556f6a6718a0b539075,Haloo Helsinki!,,
f42a9def54fc359797e950,Halott Pénz,,
16fd20c388393f6f097594,Halsey,,
2021b9d56632d55e5dcb7b,Halstage,,
16af53f707bfb8fdb4b4bc,Halva Priset,,
7ea70aa23f5cc004df207f,Hamada El Asmar,,
5619cfeefaf67ed938270d,Hamdy Batshan,,
2238c7df27f4f9443521cd,HAM fra Syd,,
7102f809eb01bd66352573,Hami,,
2de07879cf5c2282b062a2,Hamilton Rabelo,,
c90c0934d13fa4eedd7882,HammAli & Navai,,
5cf3e9a55586f3f35cfe3b,Hamo Bika,,
855f65a4a53daf40a32ec2,Hamza,,
0a588e6db9b5848618303e,hamza7,,
a1085bf5627796b095b3ae,Hamza Malik,,
ae5de571c92743f7c582f0,Hamza Namira,,
95c00fd91aa4ed78e0a2d8,Hamzawy,,
4dd5a41036da7fb1df274a,HANA,,
046ff44e7b6f8834b7590c,Hana Laszlo,,
0ea0a94b54e902675185ec,Hanan Ben Ari,,
e29a5ce4dd5e60953f70a2,Hana Zagorová,,
ddff4020e4845ec3ee20a9,Hande Yener,,
8cf85900831778a60e5cd0,HANGMAN,,
cc152ac8b7ea11889c47df,Hank Williams,,
863e5568060c50ad088618,Hanna Ferm,,
749816d214821e0f9b0c57,Hannah Anders,,
94433533a22fece314fc8b,Hannah Boleyn,,
79a7c290d4eb3ef637003e,Hannah Delisha,,
2318ac0c4ef8b1a7e0bd62,Hannah Laing,,
a9e55565f86efb86751b09,Hannah Mae,,
db5e89fb6de31566953e3d,Hannah Rose Lewis,,
71d51bfbb20519f356ba89,Hanne Krogh,,
945d427f3e2b4622f0af91,Han Sara,,
e1847babb144a0c3a78a5b,Hansel El De La H,,
da59c31e4649b45c1bce0b,Hansika Pareek,,
c7d36dc7d1d470804b6fca,Hans Philip,,
3ac4d69d3c09f239fb3b46,Hansraj Raghuwanshi,,
225f4e19cc1c10fa626534,Hanumankind,,
be691b089ae644591ff10e,HAON,,
108218842ca5c1dbf8ff98,Happoradio,,
c9df5bfeb61ef92a7305e4,Happy Jazzman,,
e0b8792d0c6532d02f89cc,Happy Raikoti,,
81964ca7e1639ed014fcc6,Happysad,,
fea7c7e1cac124d461bc1b,Haps,,
e95370e530ee41593b66d7,Haqiem Rusli,,
3c14d26d5882e0ca6ac170,Haquil,,
a0a1c2ef0a29ea2ba802ea,Haraca Kiko,,
19d9489e403d4ca8eb9a38,Hard Rico,,
cb9096eb7754627169b0cf,HARDX,,
f05ab67d346707179a80a2,HARDY,,
0ded84b5ba2cbf9bf934af,Haricharan,,
bb5c1310a5b32dced1324c,Hariharan,,
c9cdb8d4f55c3e6341ecae,Harijs Spanovskis,,
f65ea86f914b785fe32531,Haris Alexiou,,
2c5c7372a2c7eef3315cea,Haroon,,
36d18f9f2edbb9ac55229f,Harris & Ford,,
1713b7ea8ecfebdd01eba8,Harris J.,,
d4d0be383e806b0917b5a7,Harrycane,,
376d305ff5f1cc52dba60a,Harry Fraud,,
1ab0b00b1beefbc3fb67de,Harry Kappen,,
5b365710ee3d9e91d1906a,Harry Nach,,
45ebbb129017c1701ce01a,Harry Styles,,
b2d199f3f3363647d79a03,Harshavardhan Rameshwar,,
bc8926295b1a5ae2512933,Harshdeep Kaur,,
2408ebcdb5b5b9b86dce68,Hasan,,
a8a784968203952f682e3d,Hasan Raheem,,
83df8818ca9928931de50f,Háski,,
f9e6c61efbe5d3c344b268,Hassa1,,
38482a5ba610d1c6a102e9,Hassan El Kholaey,,
8c45adc64ad784fab7f4d4,Hassan El Rassam,,
10b6525579cb0d3f451a6d,Hassan El Shafei,,
cbe4986440541b2d21f01c,Hassan Shakosh,,
ed2b916a2662971fa05798,HA SUNG WOON,,
f42861a2a4155f2459e584,Hätä-Miikka,,
98e803ddc27babe4fc0322,Hatikva 6,,
cc0c53f4e0044d137f9175,Hatim Ammor,,
fbf745da67cdffdfdcc08d,Hava,,
3c81b67202f031f4c21231,HAVAL,,
6c48dc785c9950deb8341b,Hawk,,
878c00ae06e746a585ce1a,HAYLA,,
f7d4f99a2940bb74f68629,Haze,,
60e892d9a6792ee107bc0b,Haziran,,
2133af4132eaa1efccdffd,HAZUK FENDI,,
5c92a345e324db02d025c6,Hbk Kdubb,,
cd71f7263e75459fc2c39d,HBz,,
1c83809e4ae9f6e7222dc4,HD La Relève,,
7fcdbaa3796b6d25e4f843,Headie One,,
6e56f394da8a56773678be,Healer,,
40b2877ded79f46950bf0b,Hearts2Hearts,,
2de389e64442ccc1d10b2c,HEARTSTEEL,,
e672653269867a6d327054,Hebe Tien,,
0e9e6841b48f90df2c5071,Héctor Lavoe,,
4862b98d8f7696194010cc,HEDEGAARD,,
46b98e230e4a41b746e687,Hedex,,
a221d0579f521742fe9cb8,Hef,,
888a2b7bb3f3f8dab645ee,Heijan,,
31991cbc615b795ce1886b,Heil Nuan,,
dc58a44d41f1d7bbe9126a,Heino,,
015826eaaef24ed360e100,Hei-Z 希晉,,
e4d6952fc4f31fcf2a0b3b,Hekje31,,
8f5696351d40139b803a68,Helena,,
2f45a3b43bd06855c948fe,Helena Sams,,
90575a307d94e599a8ef11,Helene Bøksle,,
98e66fac0fd3e55ec79f75,Helene Fischer,,
35bf8f4d6a1ea7d6fd0c7f,Helene Frank,,
a8af38164549f5d50dae2c,Helen Sjöholm,,
24bf456d2e32d7532dd6f7,Heleza,,
28b5695acf1ddc461fe5f1,Helgi Björnsson,,
304f8a529799a0cb963e03,HelgiT,,
d31a71c72815b6fec4aace,Hellfield,,
b017b807659432e9fdfd50,HELLMERRY,,
a3810b96a29b7d9ecc5803,helmi marleena,,
8302bdf674fe15f2fe8026,Hemlata,,
e61256ceb0117a6e5ce7bd,Henkie T,,
4793b20ba3e2bdf0abe0d9,HENN,,
86564b1744ed85e2e93a39,Henning May,,
4b86685d3683ffdf4378b3,Henrik Viken,,
04f62bfd029c8eb30575a1,Henrik von Grogg,,
d0215d5bfb256f08a31fec,Henrique Casttro,,
7a0c2e34114d28c3c0703d,Henrique & Juliano,,
a79781e70b52b5dd3dc570,Henri René and His Orchestra,,
179909b745f81f03f177a3,Henry,,
027479c06ccba897332ed6,Henry Freitas,,
e7f5f812800e671f9ce421,Henry Moodie,,
a4c510a0c8ea974021e996,H.E.R.,,
75c6116f1e1f4a5b33f57e,Hera Björk,,
7ccb19d006d70a2295e1ee,Herbert Grönemeyer,,
eac1315c2f71a723cba8ee,Herbert Guðmundsson,,
1bde2c875a514b221dc886,Heredero,,
dbb2d09d6e159ca72cda3c,Herman Lie,,
d9cb9b09bb1f27b6826294,Hermenotis,,
4a96c52c3a43c3624049a0,Hernaldo Zuniga,,
1569f2d7fdc8a67b3250a8,Hernan Gómez,,
50cfb996e00f03b0913741,Hernan y La Champion's Liga,,
7495efa82dc100d3bbeea5,Heronwater,,
2b0c5a21fe9dc32a79167d,Herra Hnetusmjör,,
b7672e350210d5d943015b,Herrelandsholdet,,
956cb010034aa26e7c728b,Heuss L'enfoiré,,
a9ccf287a1dfefd5433c8b,Hev Abi,,
cbc683b5ead13a6d83d8b9,Heviteemu,,
10a7329d051476c66c1918,Hewal C5,,
45d17d82fa40b4307e15b9,heywhosthatkid,,
7e2d99c4b41be381b19ac9,HGEMONA$,,
ad4fa32c51cc00b4eea494,HHR,,
c34476a39b95c36e5cb12e,Hibrid,,
e5405105bf0a06171c047a,Hien,,
6cc515c64eb2bfc2e596d9,HIEUTHUHAI,,
c78677aa371e4054f6fd39,Higashi,,
bb505684a1c1c1fdf650ab,Highasakite,,
d6511edd0ab4372be0d1bb,Highhot,,
456d9b9db321cf0b9aea3b,Hikaru Utada,,
e3ffcaaec63dfa6f1702ae,Hilary Incognito,,
d8ad52432fb9e94cc409e3,Himesh Reshammiya,,
2e2c77afd54eb65c94a655,Hindia,,
58624e16b8a6e77039eaab,Hind Ziadi,,
2a77b23c85dc5c117601a0,Hins Cheung,,
5c7730a68b1f1487a51fa5,Hinshi,,
3d1eddd2babbfa0887de97,Hiperbolė,,
f1548dc271663f6633b92d,HippoHappy,,
d4f48be812dfc072c6a115,Hipsumhaps,,
ef44a526ddf7c739365e0b,Hiro,,
b0a42f7d8e7200f351d31f,HISTED,,
8ea56356e0a20abfa3897c,Hitboss SA,,
6f07f7a0e607f22f822d61,Hit Boss SA,,
c0ba39d7ce6938aa1924ff,HiTek,,
b49bf15e8e7dd3b839afec,Hiten,,
089e02fb1ffd13f627c24b,HITMAKER,,
6a643513941e40f946bb0e,Hitsujibungaku,,
416a251a595d75d6045ba5,Hitta J3,,
ad37f321f5efa61fb8ef4a,Hivi!,,
64b30423dfb9f39938e67b,Hjalmer,,
5e4d4f4935b314fefa6233,Hjorterud Allé,,
69e1aafeccc558d92f93bc,HK,,
0e263ca84d2b21a75167b9,Hkeem,,
0755d829cbc79d87940ee7,HK La Paille,,
11413022a10b086392762e,HKZ Production,,
ac04115b70d080b842e25b,HLH flokkurinn,,
99eb9fca5594385b925a6c,HM Kongens Gardes Musikkorps,,
7ac6f82b149679ea07c70a,HMZ,,
efb6948093bee0cb2e2293,Hnos. Flores,,
4aa8cda3331d4ac35bf853,Hoà Minzy,,
dcd193beffc09333eb9817,Hoàng Duyên,,
63cbf104c28a5e56721ecf,Hoàng Thùy Linh,,
b486a0655587b5f0e2bea3,Hoda Boda,,
9fac513225a844a83653e4,Hoda Bondok,,
d6ae912d9ee6fbe5bc626f,HOFFMAESTRO,,
7645025f0c7f15fa37c4ee,Hoftyk,,
cc19d73779ffeaa9f57264,Hogland,,
86c9cee8ee6791cb730ecd,Höhner,,
9de36fd21dd4ddcf9ed2e6,Hoke,,
869be6f87cc724a889caec,Holak,,
6d323008ac01b941c13adc,Holden,,
7aaaa656728208911ca4dc,Hollywood Won,,
8549c13f98541516a9499d,Holy Molly,,
57c77e075e44ff32208dc2,Hombres G,,
2c8cf62b5205a997dc261c,Homiez Clique,,
28cfcf9c688f8c04f639ce,HOMINID,,
a6dd792ef5a2e3593ad274,Homixide Gang,,
3a3e601c2b37cd048b04f3,Honaiser,,
0952b7ba9b287738329ae7,HoodBlaq,,
02236cddd70d999ce14513,Hoodini,,
372ff4425649727500a669,Hooja,,
dfab6efafe9bbd8b1dc166,Hoppen,,
9b7a8106cbed17c077241d,Horens Stalbe,,
d10bccc1490f84abad67de,Hori Shaw,,
115e371409eb15e4a766bc,Horváth Tamás,,
294b72a1b2b468b69e7471,Hös Copperfield,,
73937a9889e8db019ae3b6,Hoshimachi Suisei,,
fef2a6bdf22943869f8c9b,Hotel Torino,,
9d3d4c179a6268f5593321,Hotel Ugly,,
e0b4b6d203a76aeaccf048,Hotkid,,
257afcf15f2a83ff705d7f,HOTTE,,
c08f59aaee398d05d5511b,Hotvibez,,
e8a9369f1d461a01e85f97,Houari,,
e56bb87f313f803db4c5e2,Houssainy,,
f3c024514b8dffc4bb4e90,Hov1,,
09c6e3086169271287f71e,Hozier,,
b4b808d979070ea64205c9,Hozwal,,
e934bd3114670c6d654747,Hreimur,,
0d2c1758d665447de50e76,Hrishi Giridhar,,
8abdec323eb1da3946f01f,H.Rock,,
c7d3b0d1ca8b01e61ef196,Hứa Kim Tuyền,,
a0bd931a8cb56e5fd137c7,Huan62,,
e7b3e9c8b2451e9bfab983,HubbaBubba,,
2958abef6c76c28854a03a,Hubert.,,
95fc2418689d57fc57e0e8,Hubi,,
07cb803d3364fa3a6e6302,HUGEL,,
d9141c0d37e57aec3e2b55,HUGEPAT,,
9ba3d33dcb2367d2a23bd9,Hugh Harrison,,
7c7c9129d6a71a1dce63ff,Hugh Lee,,
5fca9fe120027bc87fa992,Huginn,,
30468229b6fc4ba439d4b0,HUGO,,
8ed66cda81cd4a1db47706,HÚGÓ,,
d6bfe86862f58ca4c2d70f,Hugo & Guilherme,,
e6c71c3b16965765ac5635,Hugo Henrique,,
f280907a9325b58ef3f903,Hugo Lagos,,
43bfc7fc759ea72bdbf670,Hugo Prada,,
33362a334eccbe1f6bd071,HUH YUNJIN,,
40a1777f15d4bffe947356,Humbe,,
67e718db43fb5ec2f4f754,HUMBE,,
dbe2ad79c61b166edac133,Humberto & Ronaldo,,
800485e3d039426a60f90e,Humla,,
02cab96cffd0072e81e741,Humlan Djojj,,
7ec9f13bce0fc0048f2b18,Humoodd,,
cb5cf9d0a3ccaef88e3c76,Hundred Sins,,
cc0729623b2ae5ea13482b,Hungarian State Opera Chamber Orchestra,,
2edc493fd25773ca4fd875,Hùng Huỳnh,,
bf24bb7889d690dc9aa08f,Hungria,,
210ac8784329f327dd90f4,Hunken,,
73c5053ed6a71ecd7babd2,HUNKS,,
6770cd8a76ecb334356bf6,hunnie gz,,
604c983ef06228ecd1402b,Hunny,,
b205eb126cfd87da8e77c2,Hunter Metts,,
db4e06876ea12838ceaf21,Hunters & Collectors,,
078fb05aaeda019682569b,HURRYKNG,,
a91a9cad8f261d0e5f7f67,Hurts,,
243cc43d991fe8c86818ca,Husayn,,
742a046a0fbd29f864fdc3,Hushpuppi,,
8ecf82b960a2052d2ee395,Husman,,
1e5336468f44b8519d3cfb,Hussain Aljassmi,,
9e71faf33a9a9055608e86,Hussein Fatal,,
3865cadea87e12bfcdc14a,Hustlang Robber,,
164bdc1b9ccaf8050b4d46,Huzaif Nazar,,
e2c2ae8438434eda573f5b,Huzugha,,
58b9601b4f7d04c563d3cc,Huzzy Buzzy,,
9e88c243e0c1531af3354c,HVB MUSIC GROUP,,
82376ba4404e7d2213b6ba,Hver gang vi møtes,,
5922cfb55f22bc09c9a42c,Hvll,,
2a5a88891d37ae59df5298,HYBS,,
4ffebb129dc57e1af0bbcf,Hyce,,
86570338cc59ae094fb61d,HYDE,,
e6d6d60d9f7d12502f6401,Hyde Lee,,
caecb2229abfdd3efd3b6e,HYEIN,,
37691762398c1876896803,Hypaton,,
c38af517a40390b22c3aac,Hyper Act,,
1e538a286d035ce69c0eb1,Hysaze,,
24bc5db7ca3cdde2181d4d,Hytta,,
569299654ef9994f9bb800,HYUKOH,,
c70842dbd120b5c1ca87fb,HYUN SEO,,
65e4fbb0073ed57914c9df,I.A.,,
d4e18a908237c13f75f48b,iako,,
438e6fe5120bf9ae75b3ab,IAmChino,,
bc89aa781b25871a5dafa3,IAMJJ,,
92a16e61c55862a5366039,iam.psalm,,
1ec758eb1a264f60c7b6e1,i am samara,,
245a58a5dc42397caf57bc,Ian,,
22d654d925e8155adffc5e,Ian Cordova,,
53ef972dc0d6778016c7ec,ibbigang,,
63dd0990d1c2c4693d6d39,ibe,,
5b4e2232af4817bdee6b67,Ícaro e Gilmar,,
2e01cd38dff6bf99c674c2,Ice Beats Slide,,
8253f4a67bdfb97a82fef9,Iceberg Slim,,
696396c072bcb9f7bd35dd,Icegergert,,
4d59aeae175928a214ac80,ICEGUYS,,
fc6139b46d807f0fb8d813,ICEKIID,,
8f8ce9bcc5168984e21145,Ice Meez,,
67959b3c4670b928461aff,Ice Spice,,
e20b89cf9869bb39ca505f,Ice Tamarez,,
dd912956b69fb3e5708200,ICON,,
732f356d02bc9550549e6a,Icy Subzero,,
86a1c4852ba03c2f9bf1a7,Idahams,,
a883fd10207ad83fad4992,Ida Laurberg,,
090b1b17a79fb863cadf97,Ida-Lova,,
6f39eafc5ff1ca9ca7bd7a,Idaly,,
070def48ff7587c9c8b477,Idan Amedi,,
b59d796749693edc8e831c,Idan Rafael Haviv,,
499b6ec47ab6269296c130,Idan Raichel,,
99217b01569bcf7d768386,Ida Paul,,
5df89abbae33fa98da355e,Ida Paul & Kalle Lindroth,,
a6251ee4ca3761c382948e,Id Cabasa,,
5c604a51edffeb7dcb1a7e,Idgitaf,,
40fe540d8c290a5d9fb298,Idina Menzel,,
9c9510e85beb2369341b9c,IDK,,
ad55309b3e9b0c46fa73fa,i-dle,,
9595b293cf40d7532796c4,Idris Elba,,
0a7cfe4e8f530b2a6d8fa5,Iera Milpan,,
ca95be06621c1289d961d4,Ieva Akuratere,,
c79f20213051bad86ee9b3,Igo,,
383b79875efd1efa26f8f4,IGO,,
1310e14eaedfed355d2f38,Igor Herbut,,
7e81288dd54d5de7270a0c,Igow,,
e2e29ef0bb8cd60c4f2f67,Iguinho e Lulinha,,
dd05ba6b48ef8ca28ca898,IIVEN,,
f04b7cb2ebcfeb16754cd0,Ikath,,
97353a6f68dec789b5c5e0,Ikaz Boi,,
ee175a809ce2bab8da47d1,Ikka,,
7acc3ef77364ac44bf582f,Ikke Hüftgold,,
b6ec2203a0c8f1c4b86c84,Ikkimel,,
7e67f36055a1b51d6f410a,Ikky,,
b063b318a0265382e0d040,Ikuinenkesä,,
0e945b37401f00adfdd55a,ILAL,,
b452cd17188221f346e8ac,Ilanit,,
47fe20438a24188729aa61,Il Coro di San Clemente,,
2678814b2d48af4c480ca4,Il Fubbe,,
56e981f8b8efd58f61bcfe,IL'HAN,,
ad1bfa5f38cd61356caa7a,Ilian Boyd,,
ffeb4cdefff65fe74d92a4,Ilianna Zerva,,
fbc1976fb517acc7810187,İlker Şahinbaş,,
ba4622d28353e60c3358c5,Illest Morena,,
310e329f4a26e820deaca7,ILLIE,,
edd2b6aeb6b539fefbc7be,ILLIT,,
27c899f5551a92e4bdf6b5,Illslick,,
a92ac9200c09a3d0d15f9a,Ilmond,,
fbfe2ab33434313f546821,ILO,,
65911e1a4850d934bdcba0,ilo 7araga,,
57ef7209ebaaaaecd94cd1,Il Pagante,,
703a6c4467557a2a12c5d2,Ilta,,
d5a92826b7c599cb5521b8,Il Tre,,
6f3fe41c1325d6dde65bf1,Il Volo,,
84bb4ff9bfc07c6611685f,Imagine Dragons,,
f2e5b967bc7788e3d34951,Imanbek,,
dffb2198028a7a00e82bb4,Iman Fandi,,
b674d89b519d921e7e5266,Iman Troye,,
1858be069acf78a4d83f94,Imants Kalniņš,,
2c432fc4e3306a4f0cc521,Imants Vanzovics Un Draugi,,
6dd93a130b27d6583fd700,ImbongiYosizi,,
68e8535e4d2ee7ae62f0b3,I MEAN LOVE,,
626edf4c5a7d3728370b09,Imen Es,,
9ef69f48f751342bb56366,Immune,,
fe345db2378e56564f0e45,Imogen Heap,,
0748142e2fbdcec3f42f98,Imran Ajmain,,
2c39375b372c9ee5368eb2,Imran Ismail,,
e93b78dfade8f2ba752ecb,I.M.T. Smile,,
9d4441e3664a0313fc2ae4,Ina,,
b6cd1e1575b9ce9759d02b,Ina Svenningdal,,
906238fe7992529a433da1,Inas X,,
49241dd076547da833d16e,Ina Wroldsen,,
15177d8315a77e77108da4,Inbal Bibi,,
2ace8ae4d9d8f958adc00d,INBAR,,
3cd5cec651a3ca65629ebd,Incendiários,,
f55cc2d9d7420d88aa887d,Inderpal Moga,,
ffde71003b6afd8879cb69,Indi C,,
0604cac5de0709129ac643,IndieK,,
9feb9a5e9585280ccb43df,Indila,,
2288d4c41baa91df21f978,Indio Solari,,
b9bb40cf8b1b56527d5242,Indochine,,
ee75ddb167ab07a4758c6f,Indraneel,,
b2ef434a9b5fb1e526c729,Indrek Ventmann,,
041cf4f711b785e1b273e5,Ines,,
a62f55c0dcd772661fe949,Inese,,
e668318b76888262bffff8,Inéz,,
3592efa12f1bae3b59d656,Infected Mushroom,,
79490aa1d80126946d4180,Infinit,,
34d7ef49020df3c56470b6,Ingar Bergby,,
7bc226c29cc67c86c91c25,Ingebjørg Bratland,,
cdc97a6fd2936cb21ba206,Inge Bremnes,,
0f61e40b1173ef4f7295d0,Ingi Bauer,,
f96f58930730759d29f72f,Ingrid Michaelson,,
679245099d791f0fa22501,Ingus Ulmanis,,
d21dd342a9062585f0b96a,I.N.I.,,
6e2de69357e2402b649c9d,iñigo quintero,,
198e55be4b695824f899b9,INJI,,
2bf0074bb2c7b5812e9012,Ink,,
304b84d80aa04ec1709cb8,Inkabi Zezwe,,
c647f4f0e527d0c76859ac,Inkonnu,,
a955c6812e91a2235d41c9,Ink Waruntorn,,
002a290c655347c9302030,INNA,,
06c4acb2d26914e498dc8c,Insomniacks,,
e4cb88486cfcc7d877f9ac,INSTASAMKA,,
793f81a86ea2171e4b422d,iNTeLL,,
40399988dc3f678053ddb5,Intense,,
642512783055401c659ec0,Internacional Privados,,
eb4245228ca029a9fc6add,Interplanetary Criminal,,
c9fb3aede2b23aacb941bb,Interstellar Horizon,,
9d1f5ec1b827189c0e0cf9,INTERWORLD,,
d6b3d2a1a184689c7d984d,Inver,,
eedbc40b8163f184614244,INXS,,
017c19ee25feb1f4e83afd,Ioannis,,
d9dd458dd4abf2b890bd3c,iolanda,,
ae90eca45965a374846e2b,Ion Miles,,
0488cbc7cff32882552eb7,Ioulia Kallimani,,
967bdf86efd4a1744bb0cc,IP Singh,,
6832fb0372843580f3607e,IRAH,,
1db162fbf1eb5ae586775a,IRAIDA,,
53eb74546b505b3591f8ae,Irama,,
9c290f1f509272e9ed0ced,IRAXID,,
cfaa13dbd2453c63e9005f,Irina Dubtsova,,
e12dc9307c6f1d86e27aec,Irina Kairatovna,,
e6cf27c666ad457ef95e09,Irina Ortman,,
8ca46607bab43a94e7026b,Irina Rimes,,
1b6c8bc631045c5eb5894c,Ironing Music,,
808dac647fa041baafff34,Ir Sais,,
3be452a402f1de1ba97bf6,Irshad Kamil,,
3970c3569cbbca14a354bf,Irūna,,
ba092f0aca4ee5d510274c,Isaac,,
2682867a004d3b3dc1e429,Isa Ache,,
a33691730194f59ad35c6f,Isaac Sene,,
14f3394149c5b8b1aff1ad,ISAAK,,
f824a0ce21dee5edc6e6d6,Isabel Aaiún,,
61f4cf76a399d3e9ac65f3,Isabel LaRosa,,
f6ac86d24d5b10ad4bac17,Isabel Remartinez,,
ea359c279fe827fd53041b,Isac Elliot,,
1c288d8a7594cbdcf15efa,Isac Pisadinha,,
8aa33a2b540f47ba66fd29,Isadora Pompeo,,
050da088d833c426704546,Isah,,
e24d99fd73538865ed1180,Isaiah DeShon,,
982d51975cab642a81273c,Ishay Ribo,,
f507696fe33123ddd56af4,Isi Glück,,
f726ad8ba0bceae75dbf96,iSKra,,
457e0efad95d264c243d42,Íslensku dívurnar,,
8cdd34d734514bd4df8159,Ismael Rivera,,
2a15d530b930c1b021aa77,Ismail Nosrat,,
6dc1e474f581f2af36cc7a,Isorropistis,,
8751724c9a35da98229f23,isq,,
f335b623a1b197501a579e,Israel B,,
32ceeef91e5af7c159682f,Israel & Rodolffo,,
d74a66235053d80a47d3cd,Issa & Assouad,,
ed7678b7e162b0b608d516,Issam Alnajjar,,
798e372352af9c8b7714d1,Issa sisdoh,,
85eb8c1f0fa42d1af81e5d,ISSI,,
3b0cdc5f02b181bf030340,Í svörtum fötum,,
df7d3376ffd1e1b63099ac,Italian Somali,,
4fd90891ab4df9a2fa56f7,Itamar Mc,,
8a6350f4df1e5f5f5f785a,Itay Galo,,
861dda4e3368d9883c203c,Itay Levi,,
227d124920efe75bab98dd,ITHAN NY,,
d215be408a5e61d50f67db,It's Different,,
3658dfa174e61ab12bb4c8,It's Nique,,
332447062553f512bfe7cb,itsnk,,
a3e0a11297873b00973952,Itzik Eshel,,
e1c0102ce6d8ef56d4e3d5,ITZY,,
aa8cfe4b8f5418d8b2876b,Itzza Primera,,
d4151ccebfbae55e8f7c0f,IU,,
56dde0b8d5dce65e8b428c,Iuly Neamtu,,
53012b56e11b85fa0725fd,IurisEkero,,
32d1e164dd3d2e3ecd8d61,IUR Jetto,,
af282d47571a5ccddb1ca1,Iustin,,
a419e0bfd9ba53d0db9817,Ivan Cornejo,,
d53e56840daf705d5ac374,Ivandro,,
cc4e673e8bd067189e9687,Ivan Espinal,,
019600cebd259dd23081da,Ivan Greko,,
195b23fbc5664c0768697e,Ivanko,,
1c59f336cf151d84fe4687,IVAN LIULENOV,,
842c03a9e9ca627e1ae767,IVAR,,
2f782ebf885c4a14ab07c4,Ivayla,,
0f65dc8b803f3acfa98b91,IVE,,
95ea3192c068c22580f46b,Iveta Bartošová,,
7a68bf8c369fd4fc729f06,Ivete Sangalo,,
73563b1932582af64b3ee1,Ivi Adamou,,
2b9526991bd3d584e48939,Ivo Fomins,,
f8146c20880fcc77e60d50,IV Of Spades,,
5aea7cdf0f3349ac62a043,Ivory,,
9277405e2486a84197bb42,IVOXYGEN,,
cf4b3b0a53fcfb07cc6d3d,Ivy Hoodrave,,
717a699bee2aa613376b16,Ivy Queen,,
8ad355262601cd6b7ea656,Iwan Fals,,
45f97f43d871b6a66e2827,i wanna be a jack-o-lantern,,
d4714859b11bc36704ebef,iwhinky nora birkan,,
c7e6e4361e84b17b42173f,Iyanya,,
2946d65a67894c724f2bfb,IZA,,
b9ec266b2bb28d469d3f60,iZaak,,
f132e1452847896083b0b8,izayahcloud,,
b1c15428454011d469e5fd,İzel,,
0e172d4efaadbb31d253ee,Izi,,
93a38e3beca6ee6a7c5fc3,Izleifur,,
160662c33e821be85e3f4a,izna,,
4352659e38c1b5fa906aa4,Izon,,
ee395239484a2f6c4336ad,Izzy Bizu,,
164f36762e25d86594bc07,Jaakko Kulta,,
7e65e70066a736ed1caea8,Jaani,,
8e1f044a20ba4289927b04,Jaap Reesema,,
f8b6ff8fbba8640c6a08b2,J Abdiel,,
c4e5e4f7690ec5c59041db,J Abecia,,
ec6861e226ed747d3aec35,Jaber,,
ddeb3f745196681c99d022,JACE,,
31bfcd3910b90df830886d,Jacintha Abisheganaden,,
40687c8206d15373954d8b,Jack,,
ced6bcc4a4f04fbc93caa7,Jack Black,,
19cfb5c2f889aab5bf0f9a,Jack Dee,,
b1c7d35d58a78888c32757,Jack Harlow,,
4e221b25f92304a3283220,Jack - J97,,
a9048bd2b1dd5105a01fcd,Jack Sani,,
70924bbbb3c38b6ef6974a,Jackson Stone,,
e40ff4baf10358bf309098,Jackson Wang,,
192ea5a3c6bc1369c268f4,Jack The Smoker,,
ba80e3fc3e2afd696e141b,Jacob Collier,,
5235b0f736ebc106c1f1e2,Jacqline,,
5847adcd879649d00a3d88,Jacqueline Fernandez,,
22bc7b5ab2d025ccaf4cfa,Jacuś,,
c967db5e058b778ca466ba,Jadakiss,,
35b974f56c15b4721d7236,J.ADE,,
39a277385d320e7945ca03,JADE,,
02870db0839f6b542129ed,Jaden,,
46bb23db7b0652fa7a966d,Jaden Bojsen,,
7db02e31dbe32aa4349bb6,Jador,,
8f6dce8e64f34ae218d2d9,JAE5,,
3d3142c11b251ad08ca2eb,JAEHYUN,,
822b135adc6bf9090644b8,JAESSBEE,,
b262feb7caed3350a6ae9a,Jägermeister DJ Alex,,
59c4579d0be2611d1b35d9,Jah Khalib,,
42f3b78dbefa363d95db7c,Jaill,,
2ccd082840795874384bd5,Jairo Jardim,,
13ca1394934b7f5e4184be,Jairo Vera,,
c68493e7f5181950234330,Jake La Furia,,
ee47c19292f5201d428d54,Jakes Bejoy,,
d86ca0aa685b6901df5d52,Jake Shaw,,
aa4ba7e15ba94d817d2a54,Jakone,,
d20f1566048f1d44d26e2b,Jakub Laszuk,,
6c0954862e877ca1c04c86,Jala Brat,,
c3a8db7401f132c7cb1998,J Alvarez,,
7a80746b9e3c40093a51b1,Jamaika,,
8e5accbd75199d9475f48d,Jamal,,
c82f8802ecc8ca032a3483,Jaman T,,
e6f06702c43d31c81cb429,jambo,,
4135cd9381551b619d2e8c,Jamby El Favo,,
78bc155f319ea221938600,James Arthur,,
e1d487384fc1b97718d9c1,James Blunt,,
54be4bdb9171806f8bf1a9,James Bowers,,
79a108b3c475d115c0929b,James Doyle,,
cd03d80f92cd9580ebaaf2,James Hype,,
6f82b5ae92e23efec1ede0,James Johnston,,
d30e531918b2af42546520,James Reid,,
2450b636ff2ffb53438dec,Jamie Miller,,
e61d52eab669945c1e80e7,Jami Faltin,,
ec1544766388146a240f34,Jampol,,
2827fd3e4f44a0abb0a04a,JamShow,,
662580a6797f836ed43b23,Jamule,,
502ffb94981e15a41c49f5,JANAGA,,
6f750b0a8414fade541883,Jana Kirschner,,
d83d407805dee3f8bd1ddc,Jandas,,
ccdf43d62c30c40ca8a02c,Jandro,,
59ed90d5adf601eec61236,Jandy Feliz,,
fa5a7e42bfd20c196ac992,Janek,,
3888f9340ac26aa28f98c4,Janek Ledecky,,
2b8ae883afb9304e4b73f7,Janesh,,
c12cb1cf51ff7c051b1c42,JANI,,
4a573cccbaac982910e0d6,Janine,,
8d8b4f599f40785832ed34,Janine Berdin,,
1b27c55ee4d5a16a996dd2,Jānis Krūmiņš,,
fcf8c1608cf8d76a9251fd,Janis Sprogis & Igo,,
cac30f764a05830dc6cc53,Janko Diorr,,
a6a8033691c765f76c0d5e,JANNA,,
0f16978bdde2c342d394e3,JANNABI,,
ccc3b6e1c59118ae1f12b2,Janne Hurme,,
1cbdf3008376c888bb48a9,Jannika B,,
a7f3f8b5e506fb64966a54,Jano Bocko,,
7c3f30fa59a9f19524b1fe,Jan-Rapowanie,,
0f79cf0f314aab2a850cbb,Jan Stosur,,
0662be73fa8d877294e54a,Janusz Walczuk,,
97a5e863541dc797bbdda9,Jão,,
a58424bfd392df38025a8c,Jappán,,
ff665a53f149d01c5db678,Japssii,,
f976304bd567a00bac4737,JAPYR,,
13eb526ea6f0ae1bfa133a,Jaque Mate,,
fda247d3c91e878e58d87e,Jaques Raupé,,
715754ec459faf72b97f07,Ja Rule,,
65b650fff7036696b5b026,JAS,,
b2bf1b4ea5cee00bcea704,Jasiel Nuñez,,
e2db9e4c407afa2cac65d4,Jasleen Royal,,
48082333ee5c3408f3802f,Jasmeen Akhtar,,
d7f97527559031f81a4fd3,Jasmine Ortiz,,
5d07c93a61cdc2a889118b,Jasmine Sandlas,,
e5161b7e24541ece807aab,Jasmin Moallem,,
c60ca9e975ca406786c3f1,Jaso Beat,,
ab1fb90d06e5a07f1f1c44,Jason Derulo,,
bb59cebcb8c8983eaefa7a,Jason Dhakal,,
2dddedee5063ce1c362cd9,Jaspal Singh,,
3a1b248cf0888ca9776a13,Jaspers Lai,,
b2cd22b647b26a1c6f05ab,Jātnieki,,
1e5c2be11f9bfcd9df44ef,Jaudy,,
ece3641ca59d8d1f16ab16,Jauns Mēness,,
f9a3f73a3731fe7e091696,jautì,,
2993b5b5541be11396c82e,Javed Akhtar,,
4853af2279071c75ef5112,Javed Ali,,
ac52580690d3ac87c94482,Javed Bashir,,
ebfd1ede21c9846630cb6c,Javed-Mohsin,,
2962e89e7fa4cd490e5543,Javier Di Salvo,,
d479f57f8ec854bf881e67,Javier Rosas Y Su Artillería Pesada,,
330ebbba2d51d2603c0d21,JAVVI ELIAS,,
a0de2d262863650db5e29d,Javy el Menor,,
5a1fa5fa7fec159cf499f9,Jawad Kahlon,,
0e912dedd004410f3fc913,Jawz,,
3a81d247b1eaff71ecaa09,Jaxomy,,
5a768e93f3a47a88a56422,JAY1,,
1782b8ea2b1eb3d154299c,JayA Luuck,,
a7c15de2083a9b7fe53278,Jay Aponte,,
746a621f590c7aa375a40c,Jay Bahd,,
054845b3bec5208bedd785,Jay Burna,,
9b11180070fbee149b4483,Jay Chang,,
f15e4e77e191d4bac255d0,Jay Chou,,
46c59e1bfe5e5e240170d3,Jayci yucca,,
557f2576ebfcbdc3a588b0,Jay Elite,,
95133ee9de61c4b3147cb1,Jay Fung,,
6f3665181acb8d76404737,Jay Jody,,
7255c305f50764572a0199,Jay Jones,,
bebb769a0d4f4add1cd03b,jaykatana,,
1efa8801dba5d0db378af7,JAYKE MUZIQ,,
234e3e82fabb5d4b3f1b88,JayKoppig,,
cfa6e3ab73ed1967ed0de4,Jay Maly,,
34969a107c9b1d2a4b96cb,Jay Music,,
e83c03f8d8c34cf5c497e3,Jay Nael,,
0e724fcf43aba98c9d946a,JayQ,,
738a7e8c09653ac317d4ad,Jay R,,
aea6e0309eb8b9ebbac649,Jay Rock,,
a0be5de1ba4d8a49a179f3,Jay Smith,,
a376c483c85ebb58ff63da,JaySynths,,
0dc7b4063fe7ae001d5abd,Jay Trak,,
e8706da472a97f9f601e85,Jay Wheeler,,
bd714723de1df986f282ef,Jay Whyman,,
debe0e3ae6c3ea2c4a1dcd,Jaywillz,,
503de9a57fadb54548bbb4,JAY-Z,,
0e1d8669f75b3a9a410a4d,Jaz,,
c65123b22010c97d3e7107,Jazeek,,
2cf7525029eb3648d911e3,Jazmine Sullivan,,
be5d7040798cfeb91afbd0,Jazzu,,
478471dc980c1d896ff2f1,Jazzworx,,
eae7251e39eca2fd8439ef,Jazzy,,
a827d62dae69d4a7bfe958,Jazzy Avenue,,
01ffa84637308d71fd381a,Jazzy D,,
a9415dff9ce58cbe1dd6a4,J.B,,
02b6698efb5bcf3dc2009c,J Balvin,,
073a886af62ba1ec71362d,JBS,,
4a062cac113d14c6b292d3,J Castle,,
95400426f5f5d2f3824dea,JC NO BEAT,,
b03cc90c455d92d8e9a0ce,J. Cole,,
5d8a583ef8f3fff6361410,JC Reyes,,
f5dc6ff358d48dc838a414,J Daly,,
b3651d40eb52cbc96f38de,JD On Tha Track,,
348f90d3ecf5d0c59f499d,Jean & Alex,,
ba130d83ac422967639e74,Jean Carlos Centeno,,
e6188fa055cb4001f8a633,Jean-Jacques Goldman,,
b68501c55137c70bd956a4,Jean Sibelius,,
7a186a57a10f7cd0f2c9d3,Jean Then,,
5a2e55b49179066bc70234,Jeck,,
70900536d3557d265e1733,Jed Baruelo,,
16481dcc90353468848fcb,Jeeiph,,
3b92d7c34093665f5b5628,JEEP,,
458f2e2e6b3f700b33483e,Jeet Gannguli,,
9857b855edc2c84c5dddfc,Jeetu Sharma,,
21e955396bbde911df51dd,Jeez Suave,,
5293b6584ac28419fb537b,Jeezy,,
3bfe6f7dc1cce0449b4c96,Jeezy AC,,
24899a64214518566d5823,Jeff Christie,,
b4f008f92b6f14650df437,Jefferson Moraes,,
8ec636a1d32c6c1c5ecabc,Jeff Redd,,
f1e1bbac723e2396d8f27e,Jeffrey 魏浚笙,,
d8838e02aa23cb662723f1,Jeff Satur,,
a6d0cd2a429f7cf5b68633,Jein,,
1749a83408081c36d793a3,JELEEL!,,
a4a8e498262dc4df34bd6b,Jelen,,
13614ece123fae8ce7d90e,Jelly Babie,,
e156dc30f0ccee81345a44,Jelly Roll,,
784eac9f266b51121807e4,Jemafusa,,
40870ed524a81f63f2dc00,Jemina,,
ab2563f0461caf78c758ce,Jemsii,,
2084c3cbf0bd4190ab9400,Jeneral,,
65c33c3fe9d4a23679e9fa,JENNIE,,
753795a77a34f4d56e03ca,Jennifer Hudson,,
82f8ac47e2b5f89f43b8c7,Jenni & Juho,,
0d9414a73d6dab152bb533,Jenni Vartiainen,,
9521d1efd920d6e45cbaf2,Jenny May,,
245955ea7cb830ea62a8ee,Jens Book-Jenssen,,
ea8f8c725add60d99209d8,Jeon,,
4f66457d89882f61a8f96b,JEON SOMI,,
d55c4c1c1b26d941dacd6e,Jere Klein,,
8c78ff8d121275b7ee1152,JEREMIAS,,
341a9f6ad081cd63851996,Jeremy Monteiro,,
56a68e9ea03c0fceba7058,Jeriq,,
425fb52813381a0bc3fce5,Jero,,
4120e9a3fc90bd566e94e2,Jerome Whitaker,,
511dbea3360120f80eb654,Jerry Di,,
1bfe351487a7f7efb75b74,Jerry Heil,,
ad4bfd5a1c5de6708d1966,Jerry Lee,,
a6f657b3e1f19bce1c96cc,Jeshy,,
fc6268344c25eea0f59240,J. Eskine,,
49f35f1b43a576e8678757,jesp,,
22f847a49f08e2d76018e3,Jesse & Joy,,
ffbb9a6950edcc03b6b35a,Jesse Markin,,
fded6eb4f176667b945021,Jessica Bari,,
de830e64ec74e2a16ca47d,Jessica Pratt,,
c55c732805fff6ff834f41,Jessica Shy,,
e125ef3cedb3baba68a5b2,Jessie Murph,,
db7095180b8d92f76b61fa,Jessie Reyez,,
b10b132784f46bc9ac20d7,Jessi Uribe,,
3c392df73cfef44df4b3cd,Jessy Angeles,,
8cb33cf3664e002e79cee3,Jevin Gill,,
5c82ad2db7a65158abe835,Jex,,
de7c537f184fa87857a3c1,JeycitoLM,,
09deb85a1ea7125d18bad9,JeyD SNL,,
87e4d616fe47d5416710f9,Jey F,,
40d25b13a258545d8f1833,JeyJenm,,
9d785a7bbfdc25721fb632,Jey Joe,,
093404081e7f8867cd9d0a,Jey One,,
13213623be35f9c5095cdd,Jeyson,,
7f75c0684af867c47cc8a3,JEYSON,,
d0b90fcc1f23889f888011,JEYYFF,,
680ad844033eb490b80a1c,Jezzy,,
46d121a93f3fe9c913ed9e,J.FIZ,,
1ce32d6e1ab62cb0de4391,J. Fred Coots,,
36fc71450523c376f31762,Jhayco,,
998c55eec8c3df015cb8d3,JHAYCO,,
8d5d62dd24f1ae5225b778,Jhay Dohmie,,
4299c502519a93fe593a19,Jhay Foreign,,
a206982e6525de6ce2b32c,Jhay P,,
9357e94ce4045dd0d6fbbe,Jhayseven,,
b7a48ccbfdfbabcfaf2854,Jhaytea,,
fa75e34e1baf8447610a4c,Jhay Wallace,,
7c96c7b2c6f362caec15e6,Jhen,,
f172f872825e23016d2c87,Jhené Aiko,,
38bd7e53abc4bcf9a487f7,Jhen F,,
14b009395d958ac5d237ab,Jheral,,
34f9b30123cb15a78678b5,Jhonathan Chávez y Los Triunfadores,,
d44eaeae046740f9e1117d,Jhonny Rivera,,
baa754360b7ae022f887ce,Jhonny y Su Agrupación Claros,,
c002f07169395a82025f87,j-hope,,
6e4a9b807794f8e4b975d2,Jhosse Lora,,
08e1daf21c6090d373fca3,Jhow Dancer,,
140ca63fad04ed8b6db23d,Jiandro,,
27616d98bb050657ca794c,JID,,
916e6682526fcb0ad52ff8,Jimbo J,,
d0e21690f761d30e0912d8,Jimilian,,
55b6718921836a49860a96,Jimin,,
22cc36e36b61fa51ce95d3,Jim Legxacy,,
e250e8d7eba281d9285c76,Jimmy De Ville,,
567c4e24207353252d7693,Jimmy La Melodía,,
18b424cc4c0d295b8440cb,Jimmy Maradona,,
b1c2ca2ce1a8d54bfe52cd,Jimmy Torrio,,
d7e9c86688a0ddc2bc750d,Jin,,
1243c7d4cb7b1676b8e3c6,JIN,,
ac9cda22fe49027890a7c7,Jinger Stone,,
e110b3edd9a7145e6aa9af,Jinho 9,,
46713b09b277646a870dfd,JIRAYAUAI,,
728b9a0de3ca7915f31f31,Jireel,,
d701756f5776500e7a4f60,Jirí Malát,,
335d99f049ad81a15690f1,JISOO,,
0d77a0ead70296476a951d,Jithin Raj,,
d1c472fdaae6bdb9537583,Jiyo,,
eb9806a56e1e80b69cc9a6,JJ,,
12534a5f0cd791b118eb7e,JJ Hannon,,
a062fc68021552a7cbfcff,JJ Lin,,
fa3746894d85990b786c6c,J JOHN THE BIG BABY,,
0c6e35fd6a3bc7a9c6671b,JJoyce,,
3efd508897deaed1c35e60,JK22,,
d3d3a02c937da2eb23b93c,J. Karjalainen,,
48e5433111c711738bc09e,J King,,
d142f9d3b85ade3b926013,JKING,,
411d3cc0e8f238588bedce,J-King y Maximan,,
6664aba0386362e6f9f443,JKSN,,
c24535684b93b1b0d76ee9,J Kun,,
a25aa587b94ed3a5f42db6,JLC,,
2a4b75e40e5b4f10df4055,Jliany,,
e08e5f451c4512662f90c3,J Lord,,
7d03616830b91f7de75091,JL SA,,
12aa59c724a39193b79b9d,j mena,,
6cd6419dd78ee4ab0476ab,Jmi Ko,,
ed4391fc72cfa7e2d45b2b,JM La Familia,,
4d6bbd36ce0f384687083e,J Money,,
c92faffb5a786c1d52c513,Jmp la Mente,,
3bd59e28e8c7028ca03b5e,JO1,,
d9f8e163bcc6be91b2bcdb,Joalin,,
f03bcc45c56d9bea12ef3d,Joanna,,
067421676b9ec2472e1338,Joanna Dong,,
ed186c35e1038cdcac17a4,Joanna Kulig,,
f8d2dc012f384d70fba639,Joan Sebastian,,
5a5f5f245b84950e9bd137,Joan Thiele,,
a46aaa9f4bc361cfdc0ca1,João Bosco & Vinicius,,
80382f03ad716d2ae5d312,João Gomes,,
0d5adc3e2c67f29bba6e97,Joaquín Da Rosa,,
c0a46a460508d7a7100c4a,Joaquin Guiller,,
38de7dbf4ef625d9c85536,Joaquin Medina,,
7c45118f5614a7bbd45935,Job Kurian,,
6b822f5e3d8b9d1f3ac26e,JoBlaq,,
3a77dd027a4970bb5cf2f3,jockii druce,,
0d50effaf861520c447e29,Joddski,,
3a368818b7341d48660e8d,Joe,,
920c45d6040015e6adc4e0,Joe Arroyo,,
dd18c814af0422811cdb66,Joeboy,,
add6beecca479cdc3214f7,Joé Dwèt Filé,,
cebf391be904f86950f744,Joe Jonas,,
3c53a247be45b53bec1277,Joe L,,
53150484e87e8638e08989,Joel Corry,,
f8931e30745fc30a62ce11,Joel De La P,,
abcf5ad9e891b58038aa14,Joel DELEÓN,,
7a912e38d1b7a5cb4994a6,Joell Ortiz,,
36d7aa21e71094763bd292,Joel Marques Cunha,,
27569af9753dec4f20e746,Joel The B,,
120d57ec4ae6439a53c1df,Joe Mesmar,,
4c3d84ed1a3b1ba0376c60,Joe Prod,,
7d7743d4a3a4662701b9b0,Joe Rock,,
fef0bb747d06dcfe5a29ac,Joe Won Sun,,
d1a1cacafd1ccefd58e0a1,JoeyAK,,
7eaefa789b0450fe12131a,Joey Calveiro,,
12b63bf1ba34a0bcc08482,Joey Christ,,
f5595dad92626f2e19e992,Joey Evans,,
052a1798b9aa6cd968883b,Joey Fatts,,
62cac1a383212053d5c223,Joey Moe,,
8d7f65d0a353f0d04547e0,JOEY PHUWASIT,,
a9a014cf32bc0d3d8b2f13,Joey Yung,,
511330c2a73249c035653f,Johann,,
93ffe5f3ad42d96556dd9d,Jóhanna Guðrún,,
7aa58aee16c3169f3956cb,Johanne Holmedahl,,
c4686f2f838783eca8e5f0,John Carpenter,,
1a6d097328a4a2d33dd620,John Legend,,
fcb9684bfddfe32e9aa627,John Lennon,,
7a8519c5eb305817565128,John Lundvik,,
424af7348ae28ba431ab3b,John Mayer,,
d4e7bc67a5348947377383,John Moreland,,
d0f59baadadd3349e4a9b2,Johnny,,
5123092f864e3fd9a32cb1,Johnnyboaih,,
76f2aef292bd93a4aa139f,Johnny Clegg & Juluka,,
ed07bb427c1506ec5810bf,Johnny Drille,,
80bdb8e77cee98b48a45ea,Johnny Jey B,,
2c07302ae34a990b2aaa47,Johnny Madsen,,
eb6bcf4927ff5a84960df2,Johnny Skinnvest,,
890bc95b330fae88a5bb34,Johnny Ventura y su Combo,,
a618fbb643630c830e0754,Johnossi,,
d9894ff11b63eb4062aac6,John Ryan,,
4070b764cee617e2f0ecb7,John Scott Trotter & His Orchestra,,
0501408f4ce89eaac4a1b9,John Squire,,
23dc1f1b14ce4c7ff1a3e6,John Theis,,
b909e2ff1336166be11165,John West,,
a6ce1a7875b697f3dfb420,John Williams,,
4abff08455108e787d7af6,Johny Machette,,
838d8ee700afe6617f9857,Johny Romano,,
ffc2e5435502cffced8331,Jointjay,,
419ed169ec70b2088c776a,Joint One,,
d9c0f2d7b4741950e0d5fb,JóiPé,,
62a259c52a81019bc1291d,Joji,,
0364808552cd4556db8acd,JOK3R,,
66926491ee880b65969e1a,Jok'air,,
e55318040a854ebdc8d050,Joker,,
3eddea6863c1ab3c13f616,JOKER390P,,
922276fde4bbbfa86d8dfc,Joker Bra,,
127289844f79788b43823d,Jokhay,,
8e30d5699acd4e5eb4a423,Jokrates,,
bfaa04bcb616788222f0b9,Jolagreen23,,
97ea8fb94adc2e0e5719a6,Jo Lids,,
7773e5a32d2474ec7b8efa,JOLIN,,
ac2e354a4cf3b4c7e265e4,Jolin Tsai,,
4fe195f73917395e8a5851,jolle,,
110de1b11a178e6a3b6ffc,Jombriel,,
afd15f40c612d069702a7b,Jonah Blacksmith,,
fe9339327f48e897144e95,Jonah Wright,,
a3d0481d6bae474b2d5362,Jona Lewie,,
c62bf769b571da4d34f2b1,Jóna Margrét,,
cb9fc66aebb22cd7b5a19b,Jonas Benyoub,,
b1fa8c50f6900475ab44d9,Jonas Blue,,
6b6ec31694fa0a2cd1e768,Jonas Brothers,,
812a7205c78b4a8e444d03,Jonas Esticado,,
33838aa89eaf37488a31e6,Jonatan,,
3f94f8ccfa4eb1b8ba8f9e,Jonatan Brox,,
487fbfd5b708d0848ffed6,Jonathan Bailey,,
211537f4f2b94658fa25e6,Jonathan Johansson,,
627294298b13c814a536bf,Jonathan Tan Teck Meng,,
88eb67710d8991c5c2c10e,Jon Batiste,,
8abfc59215725ded6740cd,jónbjarni,,
aa2d5ac873b45f771ef37e,Jones the Ikomboy,,
4a4391a78b109473f845a4,Jon Fredo,,
bb3d097fd2e57bd792848c,Jon Hopkins,,
f832c5d166c41aae0d9afe,Jonita Gandhi,,
60633d98350f369472c21e,Jón Jónsson,,
8661095045c82575fa1096,Jonko2x,,
18f327c0eb1a48bc524d24,Jonna Fraser,,
f21d410bd7c903897df62e,Jon Ranes,,
e006a3abf28eb26a239896,Jon Vejlemand,,
caedf5d4883df0d7dc7376,JONY,,
0040eabc63fc660a64865f,Jon Z,,
1cbdf529f186f816bbe4b5,Joost,,
1a30828dc55834f9be2c9d,Jopke van Dobbenburgh,,
6ea1e24d60afddf388b06f,Jordan,,
e98d3ec22801cff5491b83,Jordan Adetunji,,
92f95526617e7f459c5a1c,Jordan Allani,,
e6314d4d381a87d85dfe9f,Jordana of Earth,,
101d4bd07518b07e52cd12,Jordan Sandhu,,
1b5668b01b91a07b2ba0fb,Jordan Zhu,,
8395a06214c45c27b2c7ad,Jore & Zpoppa,,
f4a1c8901a3d406f17af67,Jorge,,
ac0b09e2ad4eced2b65182,Jorge Acosta,,
9b0ef1f71a4f022fa74841,Jorge & Mateus,,
b480c3f1ac887498c7cdd3,Jorge Yanez,,
2b815e633269d2dbd4b02e,Jorja Smith,,
47b06ff5b4b50412389984,Jorkan,,
f37f5e48ce4ab9a81866b5,Jorsshh,,
fc7fcdc9ba911002e253e1,Jory Boy,,
1be1d20d913923d7f863ec,Josas,,
f8b9c7e7b2c1dfa56520f8,José Afonso,,
c0b3128f8f68a1fb40720e,Jose Alejandro Quintana,,
a0179dfe39de52f826d2cd,Jósean Log,,
42478b0ad44efdb652e8b6,Josef,,
112d4c6744e3801857065f,José Feliciano,,
1c99c2a5d2f899dcff8c26,Josefine Götestam,,
a5567bef73343fa464f9f4,Josef Vagner,,
ee4235f8cdbd612401b834,Jose iglesia,,
c39279d833e60d26695d5b,Joseíto Martínez,,
7e7b4458ce26c16dd53eef,José José,,
21b44657cb504c6a4de2c0,Jose Macias,,
a5b98e1542eb74286e70b3,Jose Mari Chan,,
8a0d597aaf17e980338fe6,Josephine,,
6d1129c1f750388a5318bc,Joseph Kamel,,
83be76a3ced88ee4fba964,Josephlee,,
bc85da928d370c43aaf1b8,Joseph Ren,,
91e2279cd57bb2a12659da,Josh Brar,,
999300d839c474a63d9a4a,Josh Ross J-RO,,
17f0c2715a9a9f1ee4aa2b,Josh Schwartz,,
85b103482a20682da703aa,Joshua,,
db783f58ba172b8949052e,Joshua Acker,,
572c20045027a074b12464,JoshuaLife,,
a8c74105eabf6f75ee7cd9,Joshua Robbie,,
b9ac526833f4d6eac68522,Joshy Tripp,,
59afcad1b769eeadf87fdb,Josman,,
069b2c8402e3f3577d4629,Jossef,,
479b5f1a941ca850eb23fb,Jossi,,
913d28833e3691176b9350,Jossimar,,
daded1b46cb5adf8a55e96,Josuan,,
4888308438fb968173ae61,Josua Natanael,,
606f02a196ecbb8454198e,JOSVA,,
28f884a43b2fb688d8788a,Josvani,,
6e11c91f43984345f2ca2a,Josylvio,,
d378edb86fb7e330d445d5,Joszko Broda,,
206938a454e56c8767903b,Jotadejuan,,
7f3920c34b354542954278,Jotavê,,
83761e86d1f46ffed584c5,Jøtta,,
8bd0ddc787867b8865b01c,Jouma,,
375b06b70e34a9943fc749,Journey,,
8529281558bf9122f32ebf,Jovani,,
ec8b129dc2f09ac4c950a8,Jovanotti,,
60f0af4d679cb499f37650,JOVN,,
9e1f4d2b8a4e27cf9c9076,Jowell & Randy,,
fb0424b738800ec3e04e76,JOYCA,,
581549d89bc8c2a0d83fe2,JOYCE 就以斯,,
fd0e54faf514f7563ccc33,Jozels,,
1587e80216e8e4456c6713,Jozzu RD,,
2142701ddcdb7bcbd1cecb,Jozzy,,
878eb6073fe77882a45b98,JPL,,
85b9c57772891fe40f9b37,Jplu$,,
ef94783f2b0eef9aa68c0c,Jr.,,
442a4e4efb4c345e18e864,JR.,,
239fb9d0c9f22eaef7f6f5,Jr Clark,,
8aad7ae999c33c61303fbf,JRK 19,,
602d2281da6571a47e4f6e,JRMusic JayRicky,,
64e0536ca380f441fbe616,JR Player,,
bc6c8dda9f0ebcaecbc111,JR Torres,,
5bc06f5800d415cc95e134,JS,,
10f8c51f0f567c026c17eb,J.Sheon,,
349e6e94c61cf33b307338,JSOL,,
6719cc844f73cd38a7afa3,J.Tajor,,
fa8100722b9215a0f9bf69,Jthekidd,,
b0faf567c2db9c44356dde,Jthyago,,
d36e057926dd7c5e2641ed,jtjtjtjt,,
176c144cfc9285298703e8,Juan Caoile,,
3e7422bb0d000890bfc0a0,Juan Casanova,,
d498af57683d9f5d3936b9,Juancho Rois,,
7d247b2ef453543ae420bc,Juan Duque,,
a81d69f837a1aa0bcbc9cc,Juanes,,
31aed1f5aaef673bd826b1,Juanfran,,
ca9569d239b2cffeac8374,Juan Freer,,
c9bb6147914365af87b112,Juanjo Bona,,
e21e0cc0a0970021382452,Juanjo Morgade,,
63754431b09c333ff6fc94,Juanka,,
51805a1f18eb9dec355d73,juan karlos,,
f1e8a8fef1b9b64a390056,Juan Luis Guerra 4.40,,
6582e5c0b7f5a7e2630071,Juan Palau,,
56cbac9a84787935075018,Juanpa Salazar,,
fe6b6e83557d2e4bf97fc8,Juan Reza,,
f6a452a1ce9cf2e008c3ca,Juanse Navarro,,
1878675c55b010b7197fcf,Jubin Nautiyal,,
6aa5c70fa391c95ea66a50,Jude David,,
15a380cec1b53d5d1286ea,Judeline,,
da91f0a616728b57765746,Judika,,
9bd47ec8cd88502ef3370f,Judit,,
8b9d2b84b14ceef6a9e71f,Judy Santos,,
661714b7805ec50094a87f,Juepak,,
ccdd22b47d4c516cdc9f23,Juf Roos,,
30c1b7ac53e297a622e1d6,Jugglerz,,
efe8b088b68cafe157834d,Juha Tapio,,
597230f69ab2e0fa8843a3,Juhn,,
b62ad612a8ad45faca9f4a,Juice,,
e2db598f4fa9f7fa459fb3,Juice WRLD,,
45f806abaf3c2218ad25ac,Juicy Luicy,,
8a1666bb08de7966b21214,Juju,,
9458c098aec8102ad6dd00,Jukka Poika,,
64c7c8c216eedbb8d0a2cc,Jukka Ruusumaa,,
89bfe812606640f3a4026d,Juky San,,
a2866cd6efaa65c92278d4,Jul,,
9d495f91834f74ab8c169a,Juli,,
7b1f9ae869f3817cf63fef,Julia Michaels,,
48479971fa37fe8d0672df,Julianno Sosa,,
b236d2672cd87b3b47fa17,Julian Perretta,,
20b92c9268a8528338967e,Julian Sommer,,
968702b860e610798f658d,Julia Pośnik,,
89566d0138b4342be1f882,Julia Wieniawa,,
2964815d03a032c8ca37ac,Julie,,
5a82d56792e5f92aa859d9,Julie Bergan,,
2e9e256f8c66f978c14f96,Julie Doiron,,
e876d419a3741fbbf0f794,Julien Doré,,
bfcefaea6ffa0c9cdb2667,Juliera,,
d79118c7d904330c739d25,Julieta Venegas,,
a282b74adb7726c007dde9,Juliette,,
1cb75f97cf348ffd3deec2,Júlí Heiðar,,
faef71095f6ec5e487e7f6,Julinho Ksd,,
076cb623bc95b4c1ce72d3,Juli Obregon,,
3b65cd14b0bb3eae95fa4a,Julión Álvarez y su Norteño Banda,,
9ea7968961ed82ebcf457f,Julis La Melodia,,
a31bd19053af2632b2f63a,Jumis,,
04d7c29b30a06a99585545,Jumpa,,
ac3c95f2bd08c876715c72,Jumprava,,
f8090dafe15a07f36d2932,Junaid Jamshed,,
aff9acadcbe190d90c3704,Junaid Rehmani,,
103fbb530834b591b599f9,Junainah M.Amin,,
863e7d2405c8ef74859eae,Jungeli,,
82b4cfddb071a425e2210e,Jung Kook,,
4ddf4cb005260f1c5b21ad,Jungle,,
d754d4813e9c8e5d36d27f,Juninho Vitório,,
4547f8865b529680d4a06e,Junior,,
886643a0afa5f50d830d56,Junior Caldera,,
f86d444b9173bbfca6de87,Junior H,,
650de121dc5ffe73a1f031,Junior K,,
1b13a7d1bd8543d04f18b8,Junior Prestige,,
291b02b25fbb9789119d23,Juno,,
712a50a059844be7fbf4c7,Junoon,,
b0a4494f3120960f08729f,Jupit3r,,
d84b88bdbff27b58a4bffb,Juraj,,
4da198d88b69c7527f58e3,Jurga,,
b56dde284784148d3512c2,Juseph,,
55234462d56b0da4289646,Juss,,
811c8abd60c0240893e2ab,JustaTee,,
1edee814c3927c5eb56a8a,Just D,,
05e1b86aef8554f8ed6711,Just G,,
d485fe15c842e5dd2ffa04,Justh,,
8cec7d6c891fc360bfd61e,Justice,,
ed483a6881cf908e060134,Justin99,,
d1e19f97bebfe01d2a51d2,Justinas Jarutis,,
e37ab144ade1e4492dc01f,Justin Bibis,,
24b9298a187e48162094bf,Justin Bieber,,
3b920f4d01c08b66ec3b09,Justin Braham,,
cc25f81b9c598cb0804056,Justin J. Moore,,
1a31827351247161344648,Justin Quiles,,
1629c2fdb3159e4ae19de0,Justin Timberlake,,
03f1d47da5dd8226ff3c71,Justin Vega,,
8b04b6a8e8857155b39c0e,Justsesomali,,
4d81f39c97944a8a823e98,Justyna Steczkowska,,
927df104a93e69a1ebfe80,Juuna Chill,,
30eb594e22f5a4bdde3f62,JVG,,
2bbbfc164420bd2643f092,JVKE,,
8fe3272f7301e12607ff1c,JVLI,,
4fede255a8c1d323a56e4c,Jvson,,
8201bdd025d8c284af360f,JXNV$,,
61c179e4b7acf3d9167bc6,JxW,,
f162d280a701d83942f82a,JYEUHAIR,,
c0b3f8be26815bdad7e94a,Jyotica Tangri,,
477309b90110b7e95aa043,Jyoti Nooran,,
95526c4e0dbd1bb3e85330,JZAEB,,
d5c607f200bf8056ef838e,K2S,,
2c729497d91709de6bf1cc,K3,,
68781aa825b4a16aca32c0,K410 Kid,,
6d424f6f774a8ff1463bd4,K4G,,
3e2ddee9e1269008a191ac,K6Y,,
709960ac3b085407d9b9a1,KA,,
9d544c4b215e50eb2f4eda,Käärijä,,
678962d7a782f61acf627e,Kaaris,,
411cce7431bbd9d9b05e4c,Kaash Paige,,
09b1fdf572ac16d238c063,Kaavish,,
b24ef99fa9ffd3c9f5b796,Kabát,,
098e5fcb64515732869947,Kabe,,
96cf7cef5141643554f952,Kabed,,
616295b37c54d15021d64c,Kabelo Sings,,
6823c85af825d2d7f06346,Kabin Crew,,
7268008fb7bc3b8548f932,Kabusa Oriental Choir,,
8755db603a19620d6d6b97,Kabza De Small,,
1fa3c4b80d1dfa1eb98dd8,Kacey Musgraves,,
5b6be24995984b0f8f4f9d,Kacper Blonsky,,
cb4859dfd76f69597a5d6d,Kacperczyk,,
2ea9f63509704feb52c416,Kadu Martins,,
cf5091e99588358d21ca9e,Kaeh,,
fb9cad26a9977e82184ebe,Kaeme,,
16aeedcf4cd92aac66a916,KAESTYLE,,
5f8c17d042d4f19de2e5dc,Kagiso,,
88d842ae6919f35fd3a17c,Kahitna,,
acbe453a9289989efe3131,Kaho Hung,,
efba35d0e5b6039994ca83,Kai Angel,,
3345141b51034bf57ade38,Kai Dinh,,
096640d9c7d45ae1656344,Kai Đinh,,
9f15a54ffe4983e33ed8bb,Kaifi Khalil,,
cb0290ac0f6c5fd93d85d5,Kaih,,
7c8ddf3c5b5cbcf17ee603,Kaija Koo,,
a7b502cc55027532496dfe,Kailash Kher,,
e98e476af2fd988c68b766,Kail BRL,,
cbbda32901ad4528aa7286,Kain,,
9fb618e525ff7da7cd5fa6,Kaio Viana,,
8d93d6fe6d386dcb83f458,Kaique e Felipe,,
56426667330f2083397f46,Kaist,,
f87b70f9555b92a0e42645,Kaizers,,
5f48ad7cdaf01c988046a7,Kaizers Orchestra,,
ce060357623fa86bb1d8a9,KAJ,,
39510cd14102f2901dbaa3,Kaja Gunnufsen,,
fbf204df404f212c590089,Kajtek,,
0098f9f623139fe20042ea,Kaka,,
75cb060f21df883525d26f,Kaká e Pedrinho,,
a5bfee1a52ffd876204413,Kaka WRLD,,
338f8471aeea2a9cc0d72f,Kake Randelin,,
19dd1947a95454ccaf223a,kala,,
935cf6fc308d92c3c1aa5d,Kala Bhairava,,
ddf5000bed6a50456c2226,KALASET,,
5a5e1fb935a6f8768ccb1b,Kalash,,
ec63a6bddddecf0929633c,Kalash Criminel,,
c49ba56b703ebf90c8038b,Kalben,,
2ad1455abf4bdf4555b2b2,Kaleb Di Masi,,
7d5c19453be312bad5e615,Kaleb J,,
bb843bbd7d7bd594fc0879,Kaleen,,
383abb5fc7f00f4745676d,KALEO,,
0e16f5edcf6016868e6184,Kali,,
de997912b4ecf44ae99ad3,Kaliffa,,
2d2ceb378442e39ef35b67,KALIL,,
89a93df4b2fe28ea901bca,KALIM,,
eae89ce52de2966a965ddd,Kali Uchis,,
4558141791f71323b44334,Kalle Lindroth,,
6cee64a3705591f9ac91b2,Kalliopi Mitropoulou,,
5ecd4231c8d5f4ae3c6343,Kalmi,,
36463ec563ae1b0c2d322c,Kalosha,,
ad32cc153af81ae4d572d9,Kalush Orchestra,,
d966fdfd1187d0cd4b3d40,Kalwi & Remi,,
2707f0c8d47ea43ff291e7,Kaly Ocho,,
40e23b4e2e1f8dd9a62ecc,Kamal Khan,,
509519eb498cb64cdd62f4,Kamasean,,
4c7c872d9330ce72974e59,KAMAUU,,
0d563787bee5149dfeb3dd,Kamelen,,
d7cf3b948adfeaf4bba057,Kamelia,,
652944af0af7341e8bc463,Kamer,,
f81150487534a6523e42bf,Kamikaze,,
b9e94756fbe0526cf34410,Kamilė Gudmonaitė,,
80ff2252e82fea59dee6ae,Kamla Devi,,
566296f5e743084cf7c421,Kam Nasty,,
3d1afb3a929b231cc76dbe,Kamoh Xaba,,
184e3a1635fc59e554fee0,Kamo Mphela,,
1843241eeb915da5cac445,KAMRAD,,
17d36ce949e289d8a67c0b,Kamuran Akkor,,
a5fff22701c21cbf4e0103,Kana Nishino,,
ba68dbb0aa6b2322e996a0,Kandráčovci,,
2b3fad625d212b77214bee,Kane,,
64084c2482ecc747fd7831,Kane Brown,,
c0abad7ed901f80d0920cb,Kane Keid,,
4e96d5d60aa393699a6858,Kanelo,,
9c6f7a2c64a6398fa916b6,Kane Rodriguez,,
76aadb9f5ac9b0f5326beb,KANIS,,
e644701de9857ec8ee5976,Kannoa,,
582923cedde4594897a1d7,kans,,
fc8a03569e667fcfdc7b8c,Kantong Tungngern,,
729b332d2a1c3f90bc1265,Kanye West,,
c102805fbf35aae123e49c,Kany García,,
fd5906b92ce322e03c75ac,Kaos,,
f0f8b53cee845ff4915534,Kapelmeistars Group,,
e9bbdfa3bc88218b2d1c54,Kapitány Máté,,
f046b5b673b475acd9347c,Kapo,,
3d854042d621a7349f4a03,Kappa CT,,
57b3fa7ba519b6d764bb46,Kappa Jotta,,
b02d1082a04225cdd02fcd,Kapteinis Reinis,,
fa85615455e6fb3d8e60bf,Kaptur,,
04ccf79754f0c6a6874111,Karakaz,,
cdc31a5eedfc32ac006e5c,Karališka Erdvė,,
9affafa4a6b438bdfa6de6,Karan Aujla,,
250e5f0c7c238d2c33e467,Karavan,,
237d7467cfe352e3903229,KARDO,,
1f26bdf6172b93de534061,Kareem Kalokoh,,
439a6926867f74d4bf6cc9,Karel Gott,,
d635f2eda49a21e6370197,Karencici,,
217eee33215b2da498c764,Karik,,
d58fd814af4f1c22cffd75,Karim B,,
4dcb557e7da097d877b132,Karim Cristiano,,
6f014ce0ab78d6565b9dd7,Karim Osama,,
b0e8a3d7b0f5004fcb918e,Karina,,
8da122f1b8515af01177ba,KARINA,,
535b051d38dafd1c0d5b32,Karinah,,
480760ef8a9cca9923dc46,Karita,,
3f429c03f7cf980bd53984,Kari Tapio,,
cf23f69daddc30609412ce,Karki,,
bbab7694d7ad395da55f50,KARLA,,
05654fd47abadf6cb8c425,Karl-Erik Taukar,,
e5ddc8d89bc8cdeaad0ffb,Karl Killing,,
6181a07f4458c395481d7e,Karl Madis,,
39d8180ecc2094829ea8cf,Karlo,,
0c54c00e7a59387dff5ac9,KarlSon,,
b3e6ba04ece8a9e479e111,Karl Wine,,
cfbc31b1cf022a829ec854,Karly B,,
22cced1becefe9c18e4714,Karma Beats,,
2561d65c3426a313d276d2,Karmel,,
e6381de7c9962f54c42ccc,Karmen,,
225fc856c6b25350144c03,Karnalh,,
03ee45562711b93c717d5a,Karna.val,,
9b8b3bff9093dd34056ea3,Karol Duchoň,,
adeb2079bd9c711f320a85,KAROL G,,
2036bb6120869512359ddc,Karol Komenda,,
97bb9eff8c74ce81cb8304,Karol X,,
b02cc61f294f5bc2c3390e,Karpe,,
7c31fd900cf9448c60fcbc,Karri Koira,,
e2b8e86910f501c3a08947,Karsten Glück,,
c2c1414779bce005deb3c4,Karthik Netha,,
f4b6f9412c887f15081338,Kartik Dev,,
d2cfc2b67c2e359df3af7d,Kartman,,
cad82a95c75945b18998b2,Kartonii,,
4f16c880eef58451005c72,Karun,,
5b06cf69aa2805be66a451,Karyn White,,
5ed39c4cc3d41f6abbcde8,Kasalla,,
f9f6cc024f393c5f4bfd1f,Kashcoming,,
304b48562aae432519195b,Kasi,,
7c2ac3cd65b8a314381a78,Kasia Kowalska,,
5dd90762987cad8f70fe65,Kaśka Sochacka,,
31963d137a5283dcd3c759,Kaspars Putnīņš,,
fc2283d958d8f2d4ce4505,Kaspiyskiy Gruz,,
04ec6cdf0f9373b97c4d9d,Kastrācija,,
b20156ad0ea903b61c3d6a,Katannah,,
352121b6913b6cc99b987c,Katariina Juselius,,
cf34f954f05b5e95b8e315,Katarina Knechtova,,
5ef892ae4ff4f432cf70d9,Katarsis,,
f90bac3ff7ab82d9a201ca,Katastrofe,,
3ca3e0ede5ec17256c1c00,Katažina,,
364834d8010406b5cc8ddb,Kate Candela,,
32a680c908161b9b8177a3,Katerina Lioliou,,
146f8a724bc14139e29f5f,Kathel,,
5bb45fff6a76405762a507,KATI K,,
f00de995474856a948c6e6,Katja Krasavice,,
152736c463fcb737949591,KATNUF,,
546e22a549bbcd57b480da,Katri Helena,,
dedadadcc1b6d93ca75cd4,KATSEYE,,
3c26adb30bd19e318edfd1,Katteyes,,
95536729a4e4565410b070,Katya Lel,,
f1d8600d9f87477783ec1c,Katy B,,
f273e8985c1ccf881041fc,Katy Perry,,
aead8870b12014ba0aed29,KAUKUA,,
e9675f09753f445ac55d25,Kausar Munir,,
136d37abfba8ba8f11ff99,Kauta,,
3593cce1bbbeb250621176,KAVA,,
265d8c2115900239ec0a90,kavabanga Depo kolibri,,
13200cfba0547e7ad14648,Kavinsky,,
ceac7cc919a3298395d1ba,KAVVO,,
9ce357fac7e32b396c7b63,kaw,,
6ac38d465bffe5f9924a20,Kawe,,
d80a9964d9a11d710df7b2,Kawtar,,
f52c8534a05c98d5985fb5,Kayah,,
6fe3794b1f06c3fb835261,Kaya Imani,,
040bee5414da518f6c76a2,KayBlack,,
31a1da421d1a30e30e839c,Kaycherlow NLL,,
d26065c7ab70c3ed572e6f,Kay D,,
0a31813a1a4b510b1cc2f3,Kayen,,
b99f48620f85d5ac885323,Kayk Lima,,
30bfd0452ccd6a11977be4,Kayra,,
a561408fdfc58d0766dfae,Kaz Bałagane,,
3589cd2d46e4a90074f4eb,Kazinama,,
e7cf195618f5e87739f157,Kazior,,
305dbc1f3ebe8aa152d38d,Kazybek Kuraiysh,,
42b0aede1764a162dbe6c2,KBP EL ALIEN,,
34f147479ebe3bafbe7dba,KC Chopz,,
e873e464131dbe854f40d7,K.C Driller,,
33969c67d0a9a69d9b6ec1,KCee,,
89944736325f1f1c200509,K-Chante,,
3aa5fb2bb989527ad9e735,KC Rebell,,
afbe444a035d6aad3834df,KD DESIROCK,,
a7a579083434329c905df3,Keane,,
97a93c1961f14a7db1a5db,KeBlack,,
167a226013100532dacc82,Keem Shaka,,
8e0e72376a458f06aa0631,Kehlani,,
602769e64723714037c6c7,KEiiNO,,
b9568ef9fdb342da65bae0,Keinemusik,,
220e98a4e252e1fdd0a824,Keira,,
3aeaaf6335df1a19438804,Keiser Augustus,,
c6482821b64dc0358a7826,Keisuke Kuwata,,
e01cfd40d01502516c7c5f,Keko Musik,,
37c49abdd6e2328c731555,Keko Salata,,
9c28aec650fdd9bcd52576,Kelian,,
23c00ea6b54166ed29efca,Kelly Chen,,
c058e3f83be67cf520f5ab,Kelly Clarkson,,
9baa05e72fb5f1df5328b6,Kelsea Ballerini,,
949c9adbf9286ef72918a0,Kelvin e Gustavo,,
0c4cb8e03b3c823da7bb51,Kelvin Kellz,,
a18ce76f2771bef632b1f0,Kelvin Momo,,
baf6b9c8d4011ddb5c0ea6,Kelvy Pablo,,
1307d9922e05158106e4a0,Kenan,,
f9163e0e14abeecf218d4c,Kenan Doğulu,,
659191fb18e8ca40af7e33,Ken Carson,,
ef71f635970c8cc2489434,Ken Darby Singers,,
9ecad38adfae0b596aa6d5,Kendji Girac,,
4be627711ee0e2a94ee665,Kendrick Lamar,,
6c7c8174698da3cf818da5,Kenia Os,,
9743be1f67906bd10e868a,Kenia OS,,
c814290982d002dcf206c9,Ken Lane Singers,,
9048a69ccd4e427bbee344,kennycarter & yung dexn,,
be5566ed1e8c93234d47b5,Kenny Chesney,,
6a50e27878ecfa5804d7f7,Kenny Die,,
7f50aafc65b164fe574406,Kenny Flex,,
89eef1cc26137bd5c774f7,Kennyice,,
ae108462d685c9ee065c4c,Kenny Man,,
1a3846528cb88b5a197dc4,Kenshi Yonezu,,
4bd4df5595c00de7711c32,Kensington,,
564f10260067a9b0c8d8e2,kent,,
296a8bfff941a118a26f65,KENTUKKI,,
4fc7037acf198453a2386b,Ken-Y,,
649373514ace3f617c5f79,Kenya Grace,,
d158e4a3e9778716c3948c,Ke Personajes,,
5c834d25391c32b9be1568,Kerchak,,
8b17e5f857ece1039c142a,Kermit,,
afe8521108c6269b10029d,Kermo Murel,,
52313d6c47a5b14070eae5,KERO,,
2643f5a50eef4e6b497e9e,Kerocan,,
63cdb8d0bc587ff9ddaba0,kerocanfırocan,,
cb1be271ae03531b37ce1e,KERZA,,
8e35ce399f79db5792f2c2,Kesha,,
c64667b716966381df7d9b,keshi,,
f6b27e8c5cff6eb6d14dce,KESI,,
51f3f06ba165525dad13da,Keskin,,
0438ed9534eff3c874b7f6,Kess,,
d0601a394aba39b78c1c90,Kest,,
2f483b8abd4e681f88790c,Ketama126,,
8cccfe296f0199042a80d4,Ketill,,
55f7f06ec33f3b72c4760e,Ketioz,,
d1ee773827214f9f0d7108,KETTAMA,,
a04a282a7a87425b051b3e,Keung To,,
f1d1a4f7d274b91b3e26e1,Kev Cartier,,
f1cd318e412b5f7226e5f3,Kevin,,
b1d060d08a72d179d0b9d4,Kevin AMF,,
e43b07afbf4be258258922,Kevin Bury,,
55e6ea9d6c1c7cf35e3733,Kevincito El 13,,
0265ca03d281d0a8e98aa0,Kevin Gates,,
ca07b7f6a1a58ad64f1fa4,Kevin Ice,,
9019cf4c15d26567ddef7f,Kevin Martes 13,,
77393329f2e8fe87fc29e9,Kevin Montero,,
9a4de8f83b6bc908ad6e37,Kevin Mopao,,
70dcb1bdad42267fd8b978,KEVIN ROLDAN,,
4792fbab6b205bb087353a,Kevin Voltro,,
a3cc57f4f07867cb044f2f,KEVVO,,
e98ca8d3cdc0275dffe663,Kew,,
e74443a94b85f0f25f5691,Kewtiie,,
3b5949e0c26b87767a4752,KEY,,
b0f3ed13e60c3c2772b567,Key Kelly,,
66c710d81c3b0208d49e84,Key-Key,,
4ee3626f00bde54f7b8cde,Keynote,,
0224df3d734715b2ec05f8,Keyviem,,
b3bc9062466f52acc6ff8f,Kfir Tsafrir,,
460d26b02cdada81ed1d0d,Kgold,,
77307f591b95e31b876378,KG Smallz,,
025e3117aa6608ae43a10e,Kha,,
255d42be8e8b98ad7dcad4,Khadija El Warzazia,,
7803ca064e6588048327b5,Khaid,,
776c6e437b1ad713e1c918,KhakiKid,,
323b1603ea7c00cefc18d8,Khaled AlHaneen,,
6b848703fed157525d6f58,Khaled Almuthafar,,
a1e251be4335423c0e8b74,Khaled El Hanin,,
0cbac85a14d7a24a0f9f61,Khaleel Mandel,,
2c3f093c9d550eaace3b02,Khali,,
56696684b9456a2eea26d9,Khalid,,
6f6127e5e73e2f24c91a31,Khalil Fong,,
1c40a4e5db98015ddf8955,Khalil Harrison,,
b9972f46c1e52797d66236,Khan,,
f9331167756f9f44925e5e,Kharishma,,
27d4d776913a3ebce5cff0,Khathapillar,,
58bfee8015dd2efca93ae5,KHAYAT,,
6c71573f84a34bcca415f7,Khay Be,,
832b425668217f75f1906a,KHEA,,
e7bb68db61b6172b580dc4,Khiem,,
94e93eb2a42dd7d444eecd,KHOA,,
92b03f3572458923c24ff6,Khrystyna Soloviy,,
932f00f0866cdb5bdcf80a,Khushi TDT,,
6a05139a8ff76580052666,Khuthuza,,
33240f6924ab9c5b5b2f5a,Khuzani,,
ab99f8f1c87bb63eee8ddc,kia,,
d8c40dbc3fee504091d294,Kianush,,
5241e55a094d903438ab5f,Kiara,,
b5e442e38773152b0da175,Kibariye,,
533cc2a42dc0df3e748014,Kid Astro,,
2b8ccb2f6ffbe20ccc1db0,Kid Cudi,,
6f0e2e4820b37fb3f5d306,Kidd,,
633d30108ee654f3977a46,KIDD,,
d500e26d0844b0a748bc63,Kidda,,
f0e90ea8d8bb8ecde440b7,Kidd Keo,,
46f3c55890c43a9b179035,KIDDO,,
7254e4c14727a0a459d8b2,Kidd Voodoo,,
9a9d4a19fcb770b21a778e,Kidjaywest,,
9768ba38899473a5a01ede,Kid Kaydence,,
becce9b1e2180b3040e1f8,Kids Choir,,
8bd03c01669b026a6cf5e3,Kid Young,,
1eb717b4414bb0968f4509,Kid Yugi,,
0915423e70fe06d73f3722,Kiełas,,
44a0ac17db2fe7757bd252,KIID,,
ad123c9a312e138baefe64,KiiiKiii,,
3017dfb937a8e8ae8c7ec5,KIIX,,
d80a98a07b2656ac5aacb5,Kiki,,
30532d555634628ed95331,KIKI,,
8f1cbd759a9d97e3c832ae,Kikimoteleba,,
30af65ecc083cd614cd9b4,Kiko el Crazy,,
db6eca9f70a3c4d03a0201,Kiko Rivera,,
d6f07d92f5f42b83cd7e44,kilemger,,
e50ff9727aa2b3399c9582,Kiliana,,
7b10b50c2fe1c0ffba3ef2,Killa Fonic,,
c6d83e8249696bdb9449d9,Killemv,,
54db10376979abcf6fdad4,Killervybez,,
96fa51d726461bed2cd02c,Kill Eva,,
6dbfe938b0d571fb97d405,Killorbeezbeatz,,
5822d4806251a4068c4b30,KILLY,,
7ec802c51127ebe25ef1c2,Kilvertz,,
990f74e7e874fe3a0caabd,Kimbo,,
01465d47eac177cb53dcf7,Kim Cesarion,,
a7a7ba1cbd680dfaff104b,Kimetrius,,
0760f96ab4e3df38d7d098,Kimi,,
8616db56ba30b97c689e3d,Kim Loaiza,,
69eabf6ef1268a12c27212,Kimo Eldeeb,,
49b68ae2f3d2c9ee6a4ad7,Kim Petras,,
ad910c248fbe85c146fd25,kin,,
e3cd481e8bb157f7e946a9,Kinderen voor Kinderen,,
455395cc947fffec37038f,Kinderlieder Mitmachfever,,
06e9d5a7484172366a09c3,Kinderliedjes Om Mee Te Zingen,,
3d2da08c5e1ccda37cf6d1,KindlyNxsh,,
719ef271d38a388fd7b2bc,King,,
86c8f10651b69b8b110bdd,King Chad,,
b220996c1705b8f2413c01,King Fara,,
0ef279d0222eb6386f467e,Kingfishr,,
bb2279259e6b1b5264e862,King Gnu,,
61950f80d495160b28a820,King Khalil,,
bfd84554716b94d670ffa0,KingLee,,
6b8a2edfc8c024fa5ff6e3,King Moore,,
5bacdb9f4944dad75e9fed,King & Prince,,
cc8b7eef77489fb675eebc,King Raylon,,
b4efa76298c7837c35ce7b,King Salah,,
05ba734783ecc35698e113,King Savagge,,
7bdbb348ac72753cf2a71a,King Serenity,,
fcb0168f1ec6be9e2b3fba,Kingshort,,
ff32a6b4cdd6d1bf53fb8e,Kingsley King,,
8d54ebdcd4f13bc5b91bed,Kings of Leon,,
57f7daa81c9413d191071b,King Steve Benjamin,,
9c2388b87e701ad8aeb258,KingTalkzin,,
caf5e734873f4a87a3c0ae,King Temoso,,
58e4b4d513e7dbf2b98969,KINGTO,,
96f633d34a2e3201f3aff0,Kingttana,,
39929de0b4cdecca55eb2f,King WaveMusiq,,
5fdc81ba628a698d03539f,Kingzy,,
70ef44cf5a2c9d96714f87,Kinny Zimmer,,
879b7171d2540835ef1915,Kiño,,
e98c517a0a75b9366722a6,Kinza Hashmi,,
6afde7135d6d6654aad843,"KIO ""El Historiador""",,
2f08e5fb21f4693715965d,Kira7,,
e5da1fdc5fbc8dc28c2543,Kiril Kirilov,,
4ca03ca7bad17573a22bca,Kiri T,,
0928d892a8325b18fa6adf,KiROT,,
3ff20a8e3d52d3ae395df1,Kirsty MacColl,,
c8fd5187a6560b829e0a6d,Kirz,,
40dee2cb9433c41ee54880,Kisé,,
617f15958f24011aed7496,Kiss Kevin,,
06fa7759be60b789e04bf3,KISS OF LIFE,,
0fc59080289bb23a3cdbcc,Kit Chan,,
8b1fcdc1b3072d47d5c3b5,Kitchie Nadal,,
0e7cbc2923f6d4fb6424fe,kittiesloverage,,
cf281ef58e12359c80d0e2,Kitty Soucre,,
63cb17144992d989591da7,K.I.Z,,
1737465121b6eb7d495274,kizaru,,
2127357977caf20708e904,Kize,,
7ad91259515e574ebf6af0,Kizo,,
3b5814960aed942c1ed22a,KizzaPing69,,
ec923be0c786546b9a05f9,Kizz Daniel,,
986f41feb6d4ac7a802d51,Kizzy,,
c169f9e6f6112284af4d47,Kjartan Lauritzen,,
32f05736b3b420074e86ae,Kjuumanis,,
16e4ef534cec559430e07e,KK,,
fa3a467379b883f0914a1e,K.Kash,,
560fc6209f7e90fe9e2906,K.Keed,,
cb1a3b1d274a49531a4a30,KKevin,,
2cdf39603fa0a047370657,K Koke,,
eed93a98539d2e3caeb73e,Klamfyr,,
387e76b1fdf118b2015124,Klara Einarsdóttir,,
29486432e180245ed500bc,Klara Hammarström,,
be613f9da41ffca7f9fb06,Klaudy,,
b3d5b708ec2b8443a2a9dc,Klavdia,,
85995733ae2181c0e3f7e1,Klavdia Petrivna,,
9f0fc80719f42c04122035,Kleber Zuñiga,,
b453d4f13d7416c9abd503,Kleine John,,
732abaab286c8ef3763963,Kleks,,
993cdf80c39d03a35a26a2,Kleo,,
681499d983c3e270aac17b,Klessinha A baronesa,,
58b0f99abe6db804b4a2e4,Kleyton Souza,,
dd480f25b31ec27223fee2,KM,,
13a17384b2632eebdb31da,KMAT,,
e6cae0869206028fe54e1d,Knak,,
8530cd65e0eeca2aa3cb76,KNEECAP,,
fd137bb00aa0f4736a0b6b,KNEKT,,
109c7d7ad4ca26581f1222,Knesiyat Hasechel,,
603423548efdc5afb8db72,Kng Fuego,,
a744cc67839092689a7b1f,Knīpas un Knauķi,,
d419a5427a9fb437a9eec8,Knucks,,
1cedbe57b8f680b781bb03,K.O,,
8c6e240f0dc6b4dcbd5a3a,Koba LaD,,
f8ab26cc6ca8025413db20,KOBAYASHI,,
d1d3382482d3afbc624103,Kocchi no Kento,,
c38e31502394622bbdfd3d,Kodak Black,,
75bbafea001c4d7988f2d4,Kode.59,,
4e2141e2a9a54e4acb70ca,Koen,,
de6994161ef87cdc95591b,Koe Wetzel,,
d9a20dd70aa164e321d9da,KÖFN,,
01da8afbbd5152804dfb59,Kofs,,
2aa09102716b2f3634cb33,kohver,,
9b37a00b7e1c5afc37efd6,koira,,
37f47b920f97d3d16238ad,KOIT TOOME,,
5468b034071fa0cf593e46,Kojo,,
8df74fd6a58ffb93c0ef84,KOJO,,
bcbc1712c592c30fff22f5,Koki LS,,
567aa00c2dbfdbe2f27d09,Koky,,
4ac2b49bef65b33f128aa6,KOLA,,
95e53af3c4104696995847,Kolja Goldstein,,
94feb6329278ec9c6c7f32,Kollár Dea,,
633fd64a596dcaa1758cec,Kollegah,,
7bd0b10da5ac467199a7ff,Kollinz,,
f3ce4fd52e9f7933ad2fa3,Kolo,,
3c64ba9b3131450008fa33,Komal Chaudhary,,
96b281e4044fbc531ea0f1,Komander Ground,,
439ea016438ed0ded6ca77,Komataya,,
79714ec005ad2a47cebcac,Kombinaciya,,
aea409fff4a3e4276c0cb1,Komiat,,
d78f0b451edd4b5c0ca3cc,Konilo,,
6e55c8f1af9646ada8d52c,Konstantin,,
f48b652cc3e416cc648470,Konstantinos Argiros,,
6db5bb99ba794c67025a8c,Kontrafakt,,
14f5885244029b50af5eb3,Kontra K,,
a72312086bc61f89558e81,KONY,,
8b8b3c33f84e6aed386851,konza,,
f9a4f741eb158751c0a3d5,Kookies,,
52efeabd92d5c7b3ab5315,Kool Savas,,
5c5975b6107f2f71a25c8f,Koon,,
2abf63a70773ed95ca2f78,Koorosh,,
b83ec7773c2411b3d30694,Koraki,,
af5c796397a2e2988bb85d,Kordhell,,
f4225dbdd71c5f48a4ed5e,Kore,,
73f2b9ad80693506f5fc6b,korea,,
125130b711e633bf47f512,Korelon,,
bf4ece3a538b32addb94e0,Koresawa,,
02cf902bf3c9f1ba998640,Korin Allal,,
d0f97bb5fdb5d082b6eda0,Kór Öldutúnsskóla,,
eec2f8dcd2a9deda721d1e,Korol i Shut,,
f1d3e08d45363e2aa857c3,Kortez Krtz,,
47c65e83d32fd4998f80be,Kosior,,
5e6cf7097a25efb116e932,Kotenceto,,
bd6b5ee51557f3dfb08883,Kotim,,
45a55471877cd97fb1dbaf,Kouz1,,
deb2ddda4c600ac73d107a,KOVV,,
d582918911110b5e0a1a6e,Kowshik Saha,,
e28d6262bc1c171c83564d,Kozbara,,
a13279873b076da5a951f0,Kraantje Pappie,,
c151e94d8d0cbb5635e4fe,Kraftklub,,
d897c4226d05060fc93c32,Krakkaskaup RÚV,,
eeb98ba637b8bf66dfd0b9,Kranium,,
efd9dd10611820a52782f2,Kravz,,
4d3402086b537057ea68e5,KRBK,,
026da40130c457b8c00055,Kreamly,,
0ac2d233167d95e92c7e8a,Kreizy k,,
aaeda2ad4d7f7fd2ff68ea,Kremily,,
3d695cb06d026e91a533f2,Krezip,,
e36ddd979070e576953750,Krick,,
199804de3719d44ceaedc3,Kriipsu-Uku,,
d5ab4a75e180e7833e19be,krisbee,,
4616efa01079d2ab56a5e7,Krishtall ZHS,,
a8d53b8648ff2a544fe21f,Krisko,,
26071b9228ecdc1c72225a,Kris Kross Amsterdam,,
f60913bcb22d6e874eee80,Kris R.,,
13b4479bdca53b0f084666,Krissy,,
cf6db726c84206ba66ab6c,Kristel Aaslaid,,
f9b2b960d537ba69db43c8,KRISTIEE,,
ee4c58512c0ed663d9dce0,Kristina Dawn,,
e2cf2e1e9b143301f479fe,Kristín Á. Ólafsdóttir,,
d42818619b3fb2cdbcc975,Kristjan Saenz,,
34dcb605cb6bb2dfd6541f,Kristmundur Axel,,
1809fdae63fce07f0ba9c5,Krobbe,,
9d24e339440980bec250ce,Króli,,
fe9c8387ed99749eb5e1b9,Krolly Music,,
a77d0d740426fa819952b5,Kronkel Dom,,
616d6879195335b2a5179e,K-Rosif,,
a6f5c159e8d1a0741747a3,Krtz,,
6abbde8f0ca12144a4e9da,Krúbi,,
4d6f776b58e003dd2543b3,Kryme,,
21e090349e7404e290d3ea,Kryštof,,
70b267c4b3983f09640d11,Krzysztof Krawczyk,,
76e830f96f1e952ceee768,Krzysztof Zalewski,,
d252182a19369c41404193,K. S. Harisankar,,
e3d74a4cabc0e737d26bac,K-Shine,,
0f6f790fc01a13a822a658,KSI,,
eadc6dd05291b8da39fa8f,Ksix,,
69cf6cad7c2a94ededd386,Kstr,,
c064ca033aa7ec2b80520a,K-Syran,,
91f469b286434185287a07,Kuba Badach,,
807f8ad7b9b11fc64ce806,Kuba Karaś,,
ed08001f4edb0c8f58847d,Kuban,,
eb225c2dfad2170973cba6,Kubańczyk,,
a1c5def67cf5b5ccdfcc25,Kube,,
6e977dc9be11b965299d61,Küberünnak & Karmo,,
5b45d06ef150b1f261c6f0,Kubik,,
6295ad68b76e393d937e73,Kubilay Karça,,
6ada2933dff774ee651df5,Kubi Producent,,
16fff8ff99cca6ede4aab3,Kudos,,
3373b6ff89d9181ea239ab,Kukon,,
13f9e13a0057d11bcdfc8e,Ku-Ku Band,,
18d3ed1a6388e047b6bdcc,Kulturaften,,
8317a4dc25ef36f67c355f,Kumaar,,
f5175f57cf9dd317d2db65,Kumar Jitendra,,
56627f35759c6d52014967,Kumi,,
169afaa83ed5cfc8187469,Kunaal Vermaa,,
76f9d2b943d7a4fa87adcd,Kundo,,
9128dc18b6ece6f3320ac6,Kungs,,
a92d99140375f8c0233a0e,Kuni,,
4a262d176b3dbb356143d5,Kunmie,,
83735bca26ffa5f405d34e,kuqe 2115,,
b2675cb5e4e53692e58417,Kurapica,,
b82110e8ba979a3fc22a75,Kurdo,,
69165a0d31c7c9b6fd8d9b,Kurt Kadillac,,
78b6028a5bcbaa266fc1b3,Kurt Nilsen,,
52333fdaafbf726794d5b2,Kurts,,
5d8582eb6f4ef71a01ff82,Kurtuluş Kuş,,
fc5d40bf2533c33eab5640,Kuselofte,,
1f749243c61555854c6700,Kusha,,
503ba029b68349d7ccc7f6,Kushagra,,
75b18d958d87c31e084a03,KÚTVÖLGYI SÁRA,,
5fb47496a0b0c32a83555c,Kuty,,
b049603d935c351fe1a997,KUUMAA,,
f807534a410c8003e411bc,Kuun Đức Nam,,
ae313127c9ea0c6fac0617,Kuv507,,
b69b63b303a32a010ef3f3,Kvāps,,
6f79b69a07c5d663f530aa,Kvng Vinci,,
ba7b9541380e98826fb3f0,Kwan.T,,
2b3d41a9f8293d1e925749,Kwate,,
2120c562ed4e7d0aea6574,Kwesta,,
3ef56556048adaecfab1ab,Kwiat Jabłoni,,
24cd3d585dd09e470ebda8,Kwiish SA,,
17bfb6eacafecf8d3d7c0b,KXA,,
6cf18ecc3bd095064617a0,Kxng Shaggy,,
41004b561700b305fe6c07,KXXMA,,
7da94a1e953a47e5f1a212,KYANU,,
23919184423727509865c3,K y B,,
3163477472ec725d0f0d7e,Kygo,,
00aa3c48b6395fd1217016,Kyla,,
82afc925f8b31d65a05b11,Kyle Alessandro,,
d85cfc403ed66519b6ef34,Kyle Rich,,
3e6043efbff34d0ce6ffdc,Kyle Richh,,
36eefe4461133b2b9ecd3f,Kyleswish,,
749aee19d94d404107bfda,Kylie Cantrall,,
ce15694c1c49213bcb3d03,Kylie Minogue,,
33d388be7940b7aa3395b2,Kymppilinja,,
6bad6acb49c725199c0acb,KYOTO,,
2a72ebfa5313c7eba32cc5,Kyriacos Georgiou,,
0437c5ab793c046496f8c9,KZA Produções,,
82b20ca4a694598d8b5be3,KZ Tandingan,,
36c28bae5ed46a370159ac,L2B,,
a09e37fd45542795736bbe,L4desh,,
40632f7a54de30d90705ed,L7NNON,,
1727e9c63203045919a940,LA$$A,,
a52c13d8367ed69be96a72,Laaawwd,,
b322f19fbe10d4fd823d8f,LAARA,,
9442dac463d9e84381595c,La Arrolladora Banda El Limón De Rene Camacho,,
055698fe9785598baadbbc,L.A.B.,,
731ed53dab3048bb4233f3,LaB12,,
64c5702b538a1e88845871,La banda de Carlitos,,
92b89a6e7faa27ac52bea0,Labello,,
8f678604028c77595d3583,La Billo's y Los Melodicos,,
b923904990cdd156ab136c,La Bocha 12,,
5c80c1ec1b3ab9d2900bee,Laboratorium Pieśni,,
c0cf685748573cb4823286,La Bottine Souriante,,
0be1414a8fe60e9614c446,Labrinth,,
bceb385ffcf3b511ecf1fb,Labvēlīgais Tips,,
fd5bca5b8652dcec6f01fb,LACAZETTE,,
93fc3509dc470d3523879b,La Chica DJ,,
77e7542116f07d64070b75,La Chine,,
1b9a0e73cdd3f11534ed76,La Combinación Vallenata,,
43c34e820c1ff34bb5bf8e,La Combo Tortuga,,
5d282a54ee7c9b8e290a89,La Contra,,
5f20f50ee82115beefe7fb,Lacrim,,
23fb7b0ded7f29e38da078,LACUEVA,,
deaf58deccc2318fda91ec,Ladaniva,,
07601fb2f4266d31b7821a,Laddi,,
79f02bbb050c1f71eaa946,Ladele OTM,,
740439a4245bca7260acc5,La Delio Valdez,,
1bf4b1b01bfc543816a027,La Deskarga,,
5b8da488e5aa90eba39e69,Ladi Adiosoul,,
69df3007ffb4cb52baf126,La Dinastia,,
d5a03c96e0f8e5531c23c1,Lady Amar,,
acc4999cbf84bf445cbc13,Lady Du,,
09488a6484f973a64d1a68,Lady Gaga,,
8fb9af4a739120abd6e440,Lady Redneck,,
8dbb1abec63462d8a54f3f,Ladysmith Black Mambazo,,
a02baadd59f4bda212447d,La Factoria,,
34720c83c9d5c63fc094eb,La Fève,,
296fe6c9a403eea5d00f64,La Fiesta DJs,,
056e315570fbc54ad7bfe3,La Fouine,,
8cc3cffe4fd94fae22604b,La Frecuencia,,
44d065a5272587a825a0d6,La Fuente,,
6165755d4e449147cff474,Lagbaja,,
7e54384557ad7cf62f9308,LAGOS,,
fe238ddc70fdbe990ad0c8,La Gran Banda,,
c6092053835017be97593c,La Gran Magia Tropical,,
90cd956a59da5c160ee0f2,Laguna,,
036dae8f01655485605555,La Hasba22,,
4f8e1b07b02f7ff96fb215,La India Meliyará,,
866dfad9b23b53eb6f95f0,Lainey Wilson,,
1b6fa7dd24a5970d53139b,Lajere man,,
6e489f22a6af70cac56890,La Joaqui,,
e4a8f2e1d3b16896682013,Lakamura,,
026eb684649fdbb9f73b6d,La Key,,
0b1bb63ca7001fdc928ca9,La Kikada,,
25438e4926a737d709ccd7,La K'onga,,
b9a364f1120ac2863268a1,La Kuarta,,
796d60b5631ea2f904dbeb,LALA06,,
01e3d7d08c066886baff2a,La La Love You,,
a11759cae64739bc554d2e,L'Algérino,,
ea8a81c73a97154421b732,Lali,,
aab00dca4a91748889854b,Lalo Ebratt,,
9cb93167d41f71f6d677d0,Lalo Rodriguez,,
7875f06dbc4a3ed1ee4121,Lalo Y Los Descalzos,,
567b65b27f83c1df102b6b,La Luz Roja De San Marcos,,
e5786bf4490db400fb2915,La Mano 1.9,,
b9d07e82b14d4b4f3f7984,La Mas Doll,,
1d3fa235fb7f5f017d57ab,Lâm Bảo Ngọc,,
f86318343b832144b1c495,Lambo Drive,,
6e7a2f28fd2dd0f90bea60,La Mega Orquesta Del Don Equis,,
dbdfeaa18527c1cfff6e18,Lamin,,
cc1e3a4a210d2b2d92fa83,Lana Del Rey,,
389e85b943749b6b690dff,Lana Grace,,
47835c3a2cb7428c6c04ee,Lanberry,,
ac63a7aba09f31e13247ed,Lancey Foux,,
315eddd29281d2113f5fe5,LANDOKMAI,,
cf8a30b1fff31a967bb30c,Landsholdet,,
e3a3a304c97693138ef129,Lanek,,
a4a18b80acd6fc0e8091da,Lange Frans,,
226d381e501c01533691fe,Lano,,
91fe30e470f647fb980eed,La Noche,,
169fb0570e76d09ddd97e2,LA NUEVA ESCUELA,,
fe89720f1f997e90e7e901,LANY,,
8213b1b8757808e34379ea,La Oreja de Van Gogh,,
29cf61e6c06b4b0115ab38,La Orquesta De Ray,,
b01e6ecdf7be8a98ca76e0,La Pantera,,
cf691053af00ccc76a4500,La Pardo,,
7c2985a009e736e9093685,La Penúltima,,
390c7cc9fdd7d8f80a2162,La Perversa,,
c8f9cc5cec3eef1e43dba0,Laqshay Kapoor,,
f14e054bc4f249de241c80,La Quinta Estacion,,
bb857791cac51e27dc69a2,Lara Liang,,
c16d3747bf72a40f065f01,La Receta,,
2b00f1ab03f7d599f72835,La Respuesta,,
950b0fc3255c620dcbcfe4,La Revancha,,
a8ef0aad9df58c9203e70b,Larisa Dolina,,
a871a1c8f88ba9af1be465,La Rondallita,,
4debfdb23bf13d11084b5f,Larry,,
84d2484301213998be6657,Larry Gaaga,,
1f609ad222c43b737bf354,larrylanes,,
6328b9360f824482bdfd6c,Larry_vibez,,
11786abaa8785590e58270,Lars-Erik Larsson,,
63e225b202cadee87a0b23,Lars Vaular,,
13feb46d0c25bb8f9d1c73,Lars Winnerbäck,,
cc74ae78cd6df04daa416b,Lartiste,,
8c1d137bcd0056eb135037,Las 2K,,
de561192b88fb502e449b5,LA SAD,,
14606abe76a1d617756d4a,La Sadica,,
dd11ec500736c863df597f,Las Chuches,,
2f3f1a6faa58ce31e256ba,Lash curry,,
4549f72a068207b993c84f,LASKX3I,,
8bb61ce95e8e6f61d3a8a0,Lasmid,,
8efcba66b9c35e660bbd02,La Sonora De Tommy Rey,,
aaa43ec67a31258d0fdb9f,La Sonora Dinamita,,
acb18339f267c0570abfd8,LASSE,,
f48c7d26da98af9fbaa3e9,Lasse Berghagen,,
559d66ecd2b31b93464a66,Lasse Stefanz,,
57c9b9c47ca1d9e07f7a39,Lasso,,
b8d7be9cb75dac90d4eee1,LastBornDiroba,,
7ea4bf90ea84e36a23e94e,Last Child,,
64ac62b9d4fb986bb431e3,LaStreet,,
f2249921bf6fd0b43380c4,László Csányi,,
c7c11477b6e4f989c9395f,LATIN MAFIA,,
c93e76e88dfdaa2411b6d1,Latinnites Music,,
60923b534bd6546d6c6ae3,Latino,,
159e0dbc934a75f11d3817,La Tipica Ra7,,
6966ef704546e86e8f1a91,LaToiya Williams,,
2fd0a73fa5924ef0704f11,Latrelle,,
08978505ff171fa94ffd34,Latto,,
704e60c28e27bf253645f3,La T y La M,,
4b01aa9ca972d9e9b96406,Lauana Prado,,
2bfa81c65c7aa7ff33a6f6,Laufey,,
43daf9b4dfe60b48c72e4f,La Ultra Morada - La S,,
f244d316c23280ee70e35c,La Única Tropical,,
6ba6f54ee7f1b835087ccc,Laura Pausini,,
60fedbf9859adbf2fa7df1,Laura Põldvere,,
ed0fa7b2a75e3b7b59f4ca,Laura Thorn,,
09c585f174351fc6ed1420,Laura Voutilainen,,
1d198a2ee0cd212d9037dd,laurie.,,
98d288c155c79ba7ca1a2e,Lauri Haav,,
1db4bf6ae90f1aa6ea9b40,Lauris Reiniks,,
a946c7e818a663e7fdde06,Lauri Tähkä,,
fb7fb19001f71f28f03e24,Lauty Gram,,
5d37177f3fc58ad4cdaea3,Lauv,,
1d18fe2cdd43a72d46421e,Lava,,
0541080e0ec9712291f335,LAVAREDO,,
d6f40288fdce5d3cf11c2f,La Ventaja,,
b68237ec2dbe939d0e3374,La Verdad,,
74aa92dc00d158cb600b97,Lavern,,
079e0f01f562214a08cc29,LAVINIA,,
25a7165e485c250df46091,Lavrans Svendsen,,
916761fa51386115400aa2,LAVV,,
0341d79aee84777429b03a,Lawd Weezy,,
3d3c603782e5286fce8b42,Lawrence Oyor,,
6bef3dfb98887322c1e0ce,Laxmi Dasa,,
9a0f6f2a7073a6f8f5dfba,Lay Bankz,,
7b4296c2a37cddfd8a0211,Laylow,,
e73ef143b6119a5e533c47,La Yumi Rd,,
64151996ed883948b1d9ed,LAZAR,,
5065a5f63e87b102af0308,Lazaro,,
bbe4594727fdd47ae89e6f,La Zowi,,
971678e6597b080a310898,Lazy-Boy,,
fec17755a87c6f5ad8980d,Lazy Ed,,
5d87876b293be4e5c4f6f3,Lazza,,
dd90d659232c4eab9564cd,Lbenj,,
5818aaaef212986e045eee,LBI利比,,
be7b7ee2d7490a84f443ce,Lboy Bsc,,
4acfc60daf676293f0aa21,LB Único,,
e001efffdb020460720f4f,LEA,,
a44ac2e01c2c2e4db8ec8c,Lea Dali Lion,,
e1d0bbe910e3eb4d973973,League of Legends,,
aa253d422855cc6ad2bbab,Leandro Santos,,
b555de428a2f08d1d70ccf,Lea Romea,,
b870a96511b58360837e1a,LEBIGA,,
8a715260651283a36dc511,Leblanco,,
13d186145d424d037b7a10,Ledi Ais,,
f230dcec54eb486220dbd6,Ledri Vula,,
d7bcad5e621378fd8c1aaa,Leehleza,,
25a873b0eefb892f3bd703,Leehom Wang,,
eab075c2f3e8459fbad501,Leekthough,,
a6a2c4e08e88ad8306643f,Leellamarz,,
ab87ffd678fdaef81eb147,LeeMcKrazy,,
dc298ba26f0af9d2880abd,Leesta,,
d40a46d990c13ec7ab5631,Leevi and the leavings,,
686d52e9d08d55a9daabd5,Lee Young Ji,,
e57eaf71bd2460b8c9154e,Lefteris Pantazis,,
126a954cbebeb22c21b3a4,leftovermax,,
162626fb9d2307307b5959,Lefty Gunplay,,
45888817a417757229e6e7,LEGADO 7,,
bf6c80651b049256e41b95,Lege-Cy,,
fb429c532f360bceaf9a4b,LEGZDINA,,
c418291a2f37ed2c7082f4,Lehakat Heil Ha'avir,,
263d3441e67db71e4caaf8,Lehakat Heyl Hayam,,
2cb45e219a0fa7a14e3417,Lehakat Sfataim,,
b610a9d60d0c6f909d8196,Lê Hiếu,,
88de58a383ed3240a58f8c,Leire Martinez,,
3b939d83e59e39f05ab579,Leiva,,
0e89fa1a66fa13b4793c96,Le John,,
a393c641be475c6bf2c08f,Lekaa Beats,,
5c2ea14071a3c69fc21083,Leka el Poeta,,
18a811e27b3e5936292822,Lekaye,,
fa3f1a91bae6d3765e35f9,LEKKAZAN 3rd,,
88ad9026eb5541361bd83f,Lekker Stylist,,
0488ac67f91876add37939,Lele,,
70ece2d66a183cb91da9ee,Lele Adani,,
15bf15694c83d028bbf0fc,Lele Blade,,
fd00b36fc547aa1ec2037b,Lella Fadda,,
c19858d657949c02ce30e2,Lely45,,
d0b25a707899d8593c24b3,LE M MUSIC,,
3a10c37f8896d82e38feb1,Lenier,,
3982841789c36b04654a24,Lennis Rodriguez,,
0f61bed28c961728f0ca7f,Lennox,,
209763172950c55dc10c01,Lenny Tavárez,,
5d1c86d0bfb9c69a3f8286,LENO,,
5f6d1fe333e4d58263306a,L'Entourloop,,
b74cb44d76a1558a856a62,Leo Bash,,
2bf49b740a420ba948e203,Leo Dan,,
b95fa269cb20c54c8f0509,Leo de la Rosiori,,
ece6fa25850dba5bb308ed,LeodoKick,,
85f358ac875cb5eec81940,Léo Foguete,,
b9f27e956dc1367ba32609,Leona Lewis,,
dad0b59449c75b13b6a8e5,Leonardo47,,
ce4e144df4fdd598d5fe20,Leonardo Aguilar,,
747de6510b27f203cda238,Le-one,,
9e2f1b1004d955278e1ddf,Leoni Torres,,
afc0dc63ba3b6f0d2d973e,Leon James,,
38f5b67329b78934a1bf3e,Leon Schuster,,
8bb27b032106d9841d8671,Leon Somov,,
45217e4d7485255aff29f6,Leon Thomas,,
f9164c8965110bb13af4e4,Leony,,
500e92b5b65042d85ed950,Léo & Raphael,,
8b409565ce4d6739777327,Leo RD,,
375f3c2c0ad91509e37863,Leo Santana,,
6559783970de97d052e573,Léo Santana,,
178a6dd29c7e9083219bc8,Léo Souzza,,
15f91d5666e55682d871c4,Leo Valdez,,
46a1e0d37e0b20255093bb,LeoZera,,
9cc1b715899607260df9ac,Le Rat Luciano,,
5d21593767e7507d476091,Les Cowboys Fringants,,
3683cfb6470d812bab2a40,Lesco Zizou,,
d5a9d9970a8e889c9ea575,Leśny,,
4be5fe4e4ceea5c61e1db7,LE SSERAFIM,,
ed13d853d7a1ac87986874,Lester Blandón,,
cfd0b672ad4650832d18c6,Leti,,
1b53ede1a538915a6ab1a0,Leto,,
dec14b7afe392d259c8b6a,Letty,,
dcb35f85f8fe50a1d3b0ad,Lev,,
0fabc1be060bc64c318044,Levende Lys,,
7fa95e8b8076e450d89f19,Levi-Äijä,,
efda217651d380eefb1027,Leviano,,
4fdc3860aa8cf789ca4f0e,Levi Heron,,
4e5d5a44edfb91141d96b5,Levin Liam,,
a01c79399e84e56664a8e3,Levintone,,
54cdd17a0a09bd1fc67974,Lev Leshchenko,,
2373be1f1793436c4615cc,LEWI,,
cc99b55308159bd13fd45e,Le Winter,,
3de460ff5cd4c32ee88b6a,Lewis Capaldi,,
8570ca5cba2b0027f80286,Lewis Fanney,,
52d13cae8e803b9901c6e1,Lewis Hanton,,
7a6e6d93ad5369bcf8b32e,Lewis Somes,,
d0b049420de2ad1643bf19,lewloh,,
976472a144efa6a4b849b2,Lex,,
aaa89d79844a124811535b,LEX,,
3fdae469073e50e1704817,Lexi,,
f0d70a97430e685ef00be0,Lexi Picasso,,
ff6b4562800fe856658efa,LEXMENDY,,
007e5ebd9c87cc8b88ca33,Lexus,,
92cb64f1133d15a219da95,Lex White,,
0c1cdfa712788c8726b932,Leyvan,,
0b86cfd04b3da6a801a6f4,lferda,,
2184c9f4bb72bd4c1d4964,LFERDA,,
e235192687507058ca4551,L-Gante,,
2b9645dc7a42b738ac9fa5,LH,,
c1e44b8cc14f0bb1155e38,LHAM,,
46b16a3cafd600f1a3a21a,Lhast,,
02fa05627eaa24d664f01e,Lh Da Produzza,,
504b7dfa3b28e0ca7c5bfc,Lia,,
db976f89334e1034ab1e0a,Lia Kali,,
b528aa3920f531a59d2566,Lia Larsson,,
12f9cf2ffcee18e4740d83,Lia Lindstén,,
29d669aa6bcf1dba73d171,Liam Gallagher,,
29e2c43f3ae5274f2338ec,Liam Hans,,
48b00680ea251b04ffdb1b,LIAMOO,,
813d243fd2b29d8a2c902c,Liam Payne,,
f9c6f45f7a1a5a3f15380e,Liamsi,,
0704b789e39b87c56cf628,Lianet Rivero,,
bf57db33ee811ab99e8ca9,Liaze,,
1b815872843ab93564284b,Libardi,,
89b311fb38bbb5e35c1b2b,LIBERATO,,
fbaa23bd8a171ba202cf4e,Libianca,,
76859496d703ec02cc8fa8,Lichterkinder,,
6c07e3ae53d534cb2bf26d,Lida,,
fc2eee8c8ca0c6f9f95746,Lidanza,,
02c83131c584452c013694,Lidia,,
0eeb5a95d3c32d5b11fa9f,Liepa Mondeikaite,,
574e25b83b819d636c49a7,Life Enhle,,
123abfd2685ecd83006a36,LifeSwisa,,
9914a0ce04a7b7b6a8e39b,Light,,
7eaa530891096c62fde1ab,Liil Jay,,
fc07f0bd69f20e041fc0ef,Liim’s,,
2a5df7d61c411bf87092a9,Liis Lemsalu,,
3368991f4bbe8c77477a7c,Lijie,,
e28262fa3d67e61489f725,Lijo George-Dj Chetas,,
8871cb1ef089b8fb4c7a2b,Lijpe,,
e2b3be9b1e9f56c8702571,Likeboss,,
b9abcb5551d7c38eba34b0,Like Mike,,
dfe6743299cd169aad2349,Likke Pêhp,,
e5e09fa6a4356d4c09c68a,LILA,,
5847129615bd8fbb72d402,Lil Alex,,
43943d685368d985ca2a57,Lilas,,
c0d914ca77c865d5898815,Lilas ir Innomine,,
60520db589b1276946a0cb,Lil Baba,,
793e6c5196533d7841d01b,Lil Baby,,
11d1d84e65f5e5b7a4c350,LilBing,,
217a5c6e2f614e7e36f733,Lil Binni,,
cc28526112cea54e472519,Lil Brayann,,
4c5f6378eb22a7632517d9,Lil Buca Near,,
0a5df45f63dbd66331071f,LilCagula,,
38c8032192c6705f9467e6,LiL CaKe,,
90d924e3d67356682ab841,Lil Clove,,
f20d0de76663beefa328e6,Lil Curly,,
333642553ecd6e84b21c61,Lildavid six,,
1e24b20edb227a5b9b9723,Lil Durk,,
c20a74c1d828045098a968,LilElli$,,
073ca4761ccce4166ae76a,Lil' Flip,,
ff536df3e5591dc533f8c0,Lil Frakk,,
06afc043351bc36848abae,Lil Gnar,,
c20c804ba594c09907ab64,LIL GNEEFF,,
e4e36ebdc199945186e294,Lilithzplug,,
3f00eb5c4a9576c3a575fa,Lil Jay,,
e245b3b75673f7c3833226,Lil Jolie,,
257c0111c5eb728d827d91,Lil Jon,,
4764599772adc2fe579480,Lil Kesh,,
d2caa5fc4a3094ccddd540,Lil Kleine,,
7d6a5a1f72e712ebb8ff5c,Lil Koni,,
d92ba36fbaa5eae5ccb61d,LIL KRYSTALLL,,
db0a0c30b6a8c354d8201f,Lil Kvneki,,
e72ed17107f63d8334d15f,Lilkyz,,
4e72ebaa2951a127d1dc2e,lille Caesar,,
0cea29c087d742e2fc4083,Lillmusic.in,,
5dd97e9ffb4c13eed28663,Lilly Wood and The Prick,,
0599d29b65347b4a248ad3,Lil Manzi,,
6f059026af361dc40ac82b,LIL MORTY,,
bab7aa3af2340586a4dabe,Lil Mosey,,
b7e46ba8ee85d06bf96dba,Lil Moshpit,,
3c5a65d7734c23bfd7128a,Lil Naay,,
7e509cb11cb80b81068f34,LIL NAKUR,,
369a62db2c071e0dc0bfcb,Lil Nas X,,
9bbdaf5f040d5518afd918,Lil Nay,,
aa29e53694101fba2ba1ac,Lil New,,
34e6c6944260176063d7c1,LilNeya,,
6520ad1979ca9024b837c1,Lil Nil,,
5e253ca7050a624f2b109a,Lil Noby,,
2594b8e1f68c163d56130c,Lil Peep,,
00d84a815a29096a69c683,Lil PoP,,
f2017abd32e38a6e6a615d,LilPu$$y,,
56e5b6902d648e00cef7bb,Lil Pump,,
c17b6d0359cca0e505f388,LilRizze,,
9ad33580f3c75173b73e0a,Lil Roy,,
7137dd2a35ae8f4c9a60f5,Lil Tayer,,
b5d0d908701faa73280bb3,Lil Tcios,,
7f5162f19979e468499c5b,Lil Tecca,,
7764335a925544b4b23bca,Lil Till,,
ac2a8876e8cf0b9c38eb29,Lil Tjay,,
0afe1226a5a75408acb57e,Lil Uzi Vert,,
dd22f64f359fe152dd70c3,Lil Van,,
62ecce73e8f5b427fd4516,Lil Wayne,,
f483a9900269c814265fcf,Lil Wuyn,,
2091130a4d477503b34294,Lil Yachty,,
7e1375936794f3708dee45,Lily-Rose Depp,,
a4022dffba58ae502464cd,Lil Zey,,
7fcceca3b189f3c8f8397d,Limitlxss,,
b96de4fc96a1d7d91221eb,LIMIT NALA,,
d1b40656265ec8b4ce88f1,Lim Young Woong,,
c20637d119bdb8e16abac0,Lina Guessoussi,,
3510a9ed732c454b2f0eb9,Lina Maly,,
739d41084a4da458491715,Linda Lampenius,,
1b136f2a0b046f5e8fc70d,Linda Leen,,
4074350dc7a0c40333bb49,Linda Martell,,
584c4a3a39fd19598477bf,Lindi Banushi,,
d7054d46c19ae4128c5973,Lindo,,
18d8935da57af3a6123ab8,Lindough,,
97786804f90b43d68d5a7e,Lineath,,
7895877de60d51dac02d74,Lington,,
95b0d692afa594250eca41,Linh,,
abe32512880293fe647925,Linh Thộn,,
2bc77a689ea2535c612734,Liniker,,
96a1f887ecb92121a1bbdc,Link do Zap,,
c11deae89867c2b1c52086,Linkin Park,,
67e5f076c3152a4ab749e1,Linnea Henriksson,,
583e2db840a16ed720e0f2,Linni Meister,,
3bc4df9d45b329be39780e,Linus Lopez,,
e6deda0af61d202fbc138b,Linying,,
c8f61021689343ff01ae10,Lio,,
bb393ea6cd5de64a53d33c,Lion Ceccah,,
8cb906ee7ec3513ff2344f,Lipo,,
65345c09f914e15ced874c,Lipta,,
0091a3bf5771fe6bbe6d4a,Lira,,
57c704dfa6713b2c7dc6d4,Liran Danino,,
b53498bd12b21ea2ebc7af,LiSA,,
4b3f3945e087a0dd32f56c,LISA,,
899dfee803967a7516fe87,Lisaa Camin,,
9622c65d007a563718b2af,Lisa Ajax,,
a11f3199163acb55986767,Lisa Lopes,,
a0fb05bd35df55fae99db8,Lisandro Meza,,
b4f9263f0da8f6636352d5,Lisdoonvarna Crew,,
47b19400ffda590428ea87,Lisek,,
08be2f0c41f44430d0d558,Lismar,,
6674ba2eff6561d6fda858,Lissie,,
278ce406b002775c38ccad,Lithe,,
62673e6781af3727448b89,LIT killah,,
41963d6239660bc3b9b43a,Lito,,
2d3f29ab009681574bad86,Lito Kirino,,
3cd351acfe69519d3aaa5f,Littlecrumb,,
2fdd850ede18d4e431790a,Little Homie,,
2127c1134dc3ae7575ee06,LITTLE JOHN,,
dd9490a06c806767f21dde,Little Simz,,
64e3b3d54630e41850c1a5,Litto Lins,,
c3c6730eccba74e3ca3d20,Līvi,,
55d76300f9b11897be6515,Livka,,
53b004bdf47616dbbf2428,Liza Evans,,
11c3d38aad7b68841a33c5,LIZOT,,
2c16b194a0d9037002e9ef,LK,,
700920d5ddae38f2aeb3b5,L Kimii,,
b974973b339c161a542822,Lleflight,,
94c62024b551f6146359bf,L.L. Junior,,
79d1c799fdc467b057dca7,Llona,,
8fcc40d6dc6d3c4c4242db,LMEN PRALA,,
c9e25e381536f96d11e63b,L'morphine,,
e827bc5fdec7b9aab106c5,L.MUXIX,,
e8f3d23465fb2bccac44d2,Loaded 3X,,
053c3b9443919054c42fe7,LOAM,,
ce37ecbf8b5149939c565d,Lobo,,
7ec7ea13f65558ef657cf2,lobonabeat!,,
7e56b67e5cd0da7d7ad641,Locko,,
979d3ab6ac0c156ebfb33e,Locky,,
d3a4b5515d495d14f25ac2,Loco,,
9a555b4008f238a4736f31,Loco Prieto Oficial,,
c882b8c3f673e640989489,Locura Mix,,
b70c93fedc514af9b69949,Loeil,,
da2e3d60ea781b4c053991,LO-FI ROOTS,,
4cf24bd78da69d6c1be14a,Logan Martin,,
b6e8c727284343fb267d94,Logi Pedro,,
57ebd308218655ee7372c1,Logos Timis,,
b70d522e255a925c651116,lohleq,,
e3cee9c0941b8be72e562b,Loirin prod,,
9b7e059e4f9defeb476c50,Lojay,,
0e6e8dc77f7be9b0cc6a7a,Lojzo,,
69c7f0106b946f697bdab8,Lokolil,,
432f50e006e401b7ecf7b8,Loko Loko,,
37d36b2ad5231b73cf8857,Lola Amour,,
9749e041c8742a76d4c7c9,Lola Indigo,,
2dd90909b6196ea0649ffb,Lola Samartino,,
a2f4b1e5f1effff51ccd77,Lola Young,,
d66d611eb79bd6804c990c,Lolita,,
afa2450c2493a14f5cf5ad,Lolloflow,,
fc01e5fdbd57c93aebebbd,Lolo OG,,
2cfdcea0e2eebe5f95b1e3,Lomiiel,,
11e3164bc29a21daeefa06,LOMIIEL,,
c7f082dd2d143ef6ff1373,LÓN,,
ed124b6df7eea677e0c157,LON3R JOHNY,,
91a639a716be2dc4b58caf,LonelyStash,,
88f9cfb6f35cb500c57ecb,Longlive,,
daea0aa8785d47c621a549,Longus Mongus,,
7001a1f134a91d5522b8fa,lonut cercel,,
8ee7b9b50fc69bfc055b7e,Lonzo,,
ac34e63cbe8ef51396ab1a,LOOJAN,,
4ee54d1ef6cd569a33c196,Lora Karajova,,
f7ce938e242913939fbfd7,lorche,,
f6391d6adcb4ace83b62d3,Lorde,,
1c9ee4a721c839dd5d6dbb,Lordeyang,,
750544de72d46973182457,Lord Huron,,
2b75affb18c06e95ab6845,Lord Johwn,,
df440be27f25f856e5bbd0,Lord Panamo,,
9c7e8b066104d99ff54311,Lord Siva,,
5e92b757c18e5dd1644cc1,Lorean,,
ddf4cc5c232d3ba10dd0d5,Loredana,,
b9de4747322bf823b9f748,Loredana Bertè,,
e30962f5a19206a919707c,Loreen,,
0d2dcd6fcb7eeeaec7a317,Lorena,,
263a9f373ee1ca189b3b34,Lorenzo Gabanizza,,
4894f9ca223b9b06872786,Lorine Chia,,
c8052d9a1c55a1d2a265f7,Loris Cerri,,
d53172f21e2205222c7ccc,LOS 4F,,
a172885c6e04313dbaf42d,Los 50 De Joselito,,
73e3e2c4b9492a60d3a44a,Los Albirrojos,,
16495341b895d686172d04,Los Alegres Del Barranco,,
acc0259ec25a652029f9de,Los Ángeles Azules,,
fc269ee8bfac90c1b89a46,Los Ballers,,
bf4fa3120dbe9d0c3fe933,Los Bukis,,
9148934ce05010b44bd99e,Los Bunkers,,
c2e330acfbcce35f1d85c0,Los Cadetes De Linares,,
b908eb89d9aca803c164cb,Los Charros,,
a973f6a7def3c0ae8ce245,Los Charros De Lumaco,,
cd347afaa41e049b9513fa,Los Colosales De Ricardo Cepeda,,
b8b489f38342943a5f791c,Los Consentidos,,
5107e953ac2ab708d3e3b1,Los Corraleros De Majagual,,
c321b3a623086ebb8acae3,Los Cumbia Stars,,
a06ae86193638df30209cf,Los Dareyes De La Sierra,,
8d4d496b400f9ecec36c0a,Los del Fuego,,
380e0d3396a098a66f0860,Los de Ramon,,
096c72644aadfb65f1677c,Los Diablitos,,
c665ac09edf24a260dee5a,Los Diozes,,
aba04b0528a6f5c0292657,Los Embajadores Vallenatos,,
4c9677cc9f706e4f70f7fe,Los Enanitos Verdes,,
e81c60c056868f6ac06eda,Los Esquivel,,
74beb1289248b6ca1fd820,Los Flamers,,
1b77c6879658f88a4fef42,Los Fugitivos,,
a10ea14a2a1033fc53fe9c,Los Hermanos Aicardi,,
05cca450265464792b0c0a,Los Hermanos Campos,,
3abc72cca51594bd40a727,Los Hermanos Flores,,
94f18313d0b09e89c01155,Los Hermanos Lagos,,
0235f523ff4a87524f6934,Los Herrera,,
9fe6893b6232248527cb51,Los Hispanos,,
150ab1b77ec9a69a696f22,Los Invasores De Nuevo León,,
5c6966577385abd9a978f5,Los Karkik's,,
bf6642e2901ef1732d11a5,Los Melódicos,,
d141b6bcd6166e3ebe733c,Los Mier,,
1cfef7196839e2b5f4e2b2,Los mismos De La M,,
6da4bcb039018c8745bb2c,Los Mismos de Siempre,,
262f9fdb3682ad11f8d88b,Los Money Makers,,
1fe07b3af29ace549ed068,Los Niños Cantores de Huaraz,,
5cf9da319733a692e410aa,Los Palmeras,,
3ed395b36b76a8045729a1,Los Patos Feos Inc,,
d26038e1172668b1a0378f,Los Pibes Trujillo,,
60dcb395e01143b10b3ea6,Los Piojos,,
c4a5864dafd9707da56fe2,Los Pleneros de la Cresta,,
73d130afa67686b153e026,Los Reales del Valle,,
8bb2d49ae9e60343d2917a,Los Rogelios,,
edf6965f7c3b81782d3a71,Los Romeros,,
ba52e118a51a674b4a5cc5,Lossa,,
6411e8fa00522efa1c6463,Los Socios Del Ritmo,,
5298d66d2003a2508d58a1,Los Sufridos,,
8ac80eb790d554be9db106,Los Temerarios,,
fef567f948e11043042a10,Lost Frequencies,,
62b456407cba79fcff236a,Los Tigres Del Norte,,
b028e8abfba8481fbb7ff4,Lostlojic,,
088bd283b91d8a21d40a4b,Los Toribianitos,,
1b1cb482a22d4a35c6a940,Los Trovadores de Baru,,
317928af9a303385f3014e,Los Tucanes De Tijuana,,
71c039040959b8711cfc09,Los Tulipanes,,
44d5aeed808677219f672c,Los Tupamaros,,
8973ad01ad3b2e777ce56c,Los Turros,,
3735ae8dc77183ae7c5ef7,Los Verduleros,,
daced5059ccd2e86f53f47,Los Vikings 5,,
44795263e9b4888b9115ee,Lotey,,
4cf4592d049cb2abbbaaf6,Lothika,,
434ad853b68c44ee09c85a,Lotusx,,
910cd6bc0a5908a0d07721,Louane,,
799f1175d353aeb0c07a37,Loudz1,,
c70dc19a75fe7e0abc2975,Loufi,,
fa171d947fedf064c0f591,Lou Garcia,,
4b4ae7efb28057914c8e18,Lou Hoàng,,
b91c1e88a82d0729fa6c8d,Louis BPM,,
36975f72e4eb20ff5d44a2,Louis BR,,
df51214cbb13be6d33340d,Louise Attaque,,
ace1340251dd912bc4a5c6,Louis Producer,,
1dd0073611fe2fa2e727ef,Louis Sab,,
ae4cd2728619826b9fa9a5,Louis Soliano,,
a57ff8e823626733c55b62,Louis Villain,,
6ecc8d4b358d48cb360877,LOUKI,,
357f0e14f3fd014d7ceb11,Lourdiz,,
b6abd438a258d8c902059a,Lourena,,
a633cd553d2c232ef2e413,Lov1,,
b9fe694397cfc048e0c93b,LOVA,,
5b2870bca437afd20f7e32,Lovd,,
61d63d71dd5bf205f03226,Love Funk,,
759e26e1e5a94446f905ca,lovekillsus,,
65f68e18be76207ef56d02,Love Music,,
beaeebf77c98e587359a5c,Love Power The Band,,
6a52918c8959dfd793e8de,Lover,,
3e9f55f268f6e5955b9d38,Løv Li,,
d702f02dd193bf82732729,LOVV66,,
f1f9ebb77038a4e1b7fe62,Lower Mansion,,
17762035ddffe475e0d504,Lowfeye,,
7f0a9c6c2ec0c2cd9be4b8,Low G,,
058fcdf29c6d618cc6af96,Lowkey M30,,
f40a3aec1e5dd092e5d0f1,Low Kidd,,
d744a028c7fbf2cf3e0fef,Low-Red,,
20468bca6482ddb6f2f280,Low T3mp,,
dd8a7bd2ba431e01798ba5,LP Lproducer,,
4f6256012e6582ea483218,LSP,,
a9eb1a93c73c55b9db5938,Luana,,
4abf424b1150f3c35ee78a,Luanne Hunt,,
ba40d3fd094acd25759d9e,Luan Pereira,,
ecab9d8e82878f56505bef,Luan Santana,,
8d8cbd854bbae84308cbfb,Luanzin,,
47a7e4a0d4aabe8e80b5d8,Luar La L,,
210859d21d32d8cad669cf,Lubomír Lipský,,
13feaa6b9c1669de7fe018,L.U.C.,,
84df46d474beeda058d999,Luc1ano,,
d8d57fab1754239e352c26,Luca Agnelli,,
0c3f31eb7c379db1f52eaf,Luca Brassi10x,,
707a1d93df5b6061dd17cd,Luca-Dante Spadafora,,
c3d41bf5efb468a1bcce53,Lucas,,
356eeca40d6eed4480bdce,Lucas Burgatti,,
ee66f8d0ba75975ed59daf,Lucas Rocha,,
57c2f413cc795620d47e2f,Lucas Rodriguez,,
4e81b00c6f94e35784a382,Lucassi,,
6c8e82b7e0ac6a27c3df51,Lucas Smith Lab,,
829c9273877851c4f606c4,LUCAVEROS,,
a7a1acf7981207c6dd8a75,lucawts,,
41de03a14339da010f7208,Luccas & Rodrigo,,
ef6bd184158d302307de2e,Lucenzo,,
522cd9d4a565b7f4a4275f,Luchè,,
41ddf3985ec1774e931066,Lucho Argain,,
7411c0f8d7dc7775a28cda,Lucho Lambis,,
f31c222d7cee5479baf102,Lucho RK,,
d9fe0478381f08d6850be7,Lucho SSJ,,
3b1fd128bf68bf90b58ad0,Lucho Y Rafa,,
98a5cdaff1305f6c97bc2f,Luchy DR,,
63917423a5d5463a519a15,Luchyval,,
ccf749dcf7aa6920edb4f9,Luci,,
67e26aa03c79d8420046b4,Luciano,,
4aabd618f1b3dbd23795ae,Luciano Pereyra,,
fd8f75ad0be5d73a970d95,Lucianoz,,
393411db2762614d87f81a,lucidbeatz,,
124c6e5a18beff14964743,lucidrari,,
529eaebbe4aff856c81f0f,Lucie Vondráčková,,
a4a80b3fd210d0c2b27635,Lucio101,,
77761fc177f0300b844247,Lucio Corsi,,
5c5bacab33b863d33a31d4,Luck Ra,,
9c8d893cab8a7b0f877508,Lucky Brown,,
e34dc9a3b05aa8f9605a6d,LUCKYME!,,
1501c937c35710dda0d5ed,LuckyProduction,,
c555eff43b97b8f68314cf,Lucry & Suena,,
52e4254ed44319d02a4e05,luc wall,,
f72e3ed859c7539910c575,Ludacris,,
c3e03dcf70e4bae3dc4e9c,Lu de la Tower,,
057555465c79f75719d187,LUDMILLA,,
a5f67dc126cbf9e04506b9,luhhtaz,,
7959383d88474a270d1e53,Lui3o5,,
8f58fe78bf209813d552e9,Luigi,,
0409a23ca414ca7b1f2f84,Luigi 21 Plus,,
d6f73200bced82e34ea97c,Luigui Bleand,,
f4d5181f33b92fa25eac83,LUISA,,
daef6f675eba204e18cf5b,Luis Alberto Spinetta,,
460fffd26a22c2c2a9a5fc,Luis Alfonso,,
cc1f5b7f7c8d76ab41e7f8,Luísa Sonza,,
82e5a0f2262face2113591,Luis Brown,,
d131fe7a97494b9cfd4afe,Luis Cortés,,
25f32ab082c216ba43d3c9,Luis Enrique,,
0cbf7617fa59cca4fa72f5,Luis Fernando Borjas,,
c1f8e4754e3e92b56396fe,Luis Gabriel,,
9bc586c854717294c75247,Luis Mexia,,
89cf822db294a9af9bb533,Luis Miguel,,
a7a319368f3a8c8741e35f,Luis Pastor,,
6cd693c314672b988ac961,Luis Raul Ramirez,,
a693c6d82f1de239534dd2,Luis R Conriquez,,
77a37361da6415fd549737,Luis Vega,,
b0701a45dd31952a97df02,Luiyitox,,
3b34ec1d501101a4f9f11c,Luiz Henrique e Leo,,
eea737a41116883ed6a61f,Luiz Lins,,
b7b8e61068e5529120307f,LUJA,,
7c0d3182cb014a8424ce20,LUKA POETRY,,
5ea890b5fb54ce23c5167e,Lukáš Čunta,,
063c469214eeb6dcf82103,Lukas Graham,,
fd837ea231275934c8b827,Lukas Leon,,
ddd60dd67cfc84b13d74ef,Luke Combs,,
3707324a313379034c8d5d,Luke Dean,,
a8ea06cde1614f0edf3e47,Lukku Láki,,
e2a6bac71c56da8ed5aac0,Lul DreDay,,
7e015e3ed1406722800478,LUNA,,
fe28bf98074f73f6175ed1,Luna Cristofanelli,,
d1d018b2b2e306c7ce4e41,Lunatic Malik,,
e69df7ce18dff6649adc08,Lunay,,
9802828f46119b59ed7673,LunchMoney Lewis,,
76c95a134c2f242fa755e5,Lune,,
cbe171597ea1a4818cac10,Lupe Borbon y su Blindaje 7,,
c758c1d71903e8793883ec,LUPVS DEI,,
40a9cff13f1b6ef8a92521,Luqman Faiz,,
e307996e8a8b2b07796781,Luqman Podolski,,
09e22c3b2a94ab80dfdae6,Lurk,,
f0620b5ab130bcaefda21c,Lusho,,
8af29853c711926daaff3a,Lustrum U.V.S.V./N.V.V.S.U.,,
e24f8d3eb86c696c124e94,lusttqwe,,
0c6a4a163651b3bd3b6068,Luve Dubazane,,
a22b56195fec98ccd4d0c2,Lux27,,
7b8c0c2a34b93980723490,Luxxo,,
5c280c32698eb9317a52c7,Luyo,,
e9a19613b6cd222121bc2e,Lvbel C5,,
74b89e35fb3ddd965aaf4a,LVK,,
8eeb47fef5ddf53f3eb10b,Lwah Ndlunkulu,,
b4b6e894569917b9ca2210,LX,,
af031ec5b0e571822c64a7,LXNGVX,,
3c1d9ad8529eff0beb3c8e,lxver.exe,,
9f0f4590e1f0e21cfe232a,Lyanno,,
5ed2ce73ea6a1c6910e4c9,Lydia,,
dfd3ab8d37531e69a9b3aa,Lyente,,
f5ad342faf013b4b373290,Lyfrix,,
be5f0fda7a9cca87ed5ea4,LyHan,,
5ba24d000854865b633a39,Lykke Li,,
3762c02c8073d56e5dbc2a,Lyna Mahyem,,
937832bf2aaf916fcc2418,Lynda,,
925a870cca98dc8ef33f39,Lynyrd Skynyrd,,
d359f82ddca0eb80c5b63f,Lyodra,,
78fba5ba0479f84dee7037,Lyon la f,,
427a58224f7d26b810076e,Lyrical Lemonade,,
8807759cc04571b545d3f8,Lyttä,,
d091a0571f274ee5670e7f,M24,,
3666ca794ad5681135b06a,m3gan,,
6ec517be9b2d0c9d8e8d1a,M3NOS,,
9d95c2670325f2c4fb9393,M3NTRA,,
2891e1875946056fd0ed57,M4RLBORO,,
0001db53d6beb3b4a3ef2d,M4SE,,
b5fba0d26dde89e66c9f45,M4st,,
fc1df6307a9c4971569997,M6,,
8b48f5ac7933f3d2e2ee85,Maan,,
07c8df2857b03b15f73ad4,Maanu,,
d41c5d925a6010a31174bf,Maare,,
4c35dbe2651167a9c3d19b,Maarja,,
9a3b1b79a0d734a6aeada2,Mabel Matiz,,
85620590839bd84c127ff4,Mabotho s,,
6f4cbca98fda9b10d9b7c2,MACAN,,
dc324336117dc0176ed3fc,Macaroni Empitsu,,
44fdd40faab9d1e36343c1,MACE,,
e40dbabb104212218fc39b,Macfowlen,,
9ccde9d1ccbb564b8320de,Machiot,,
bbeed85bedf6465862ec6d,Macias,,
7434502971257ca493243d,Maciej Skiba,,
e716e18a047c250c8fb5bb,Maciej Zielinski,,
65d8866f505a7b92fca085,Mack eaze,,
542245ad90f45e191241c9,Mack Eaze,,
63d05293c62dfff9d332e9,Mackie,,
1ecd6f6082dd8281e9c503,Macklemore,,
e7415d7d7d0689403c9685,Macklemore & Ryan Lewis,,
f60cdda9bdcaba116f7274,Macky,,
fcb1b6101c828d0edd1bed,Mac Miller,,
25d26acd3c8fb55168365d,Macuto Music,,
6f4aa7f0c6552ac1ce7d7b,Macy,,
2b8713f4b603c6b9d9e8a1,Madame,,
3f60e06785de358fd42e16,Madan Mohan,,
b4f089c6cf7e9bdc21c532,Mad Clip,,
eacc107c0a3cbfc48a8efa,Madd,,
8551d9042765fcb1f22831,MADE,,
68e7f0b842934e53500f56,Madeleine Peyroux,,
8bb9f21f06dcd77ad0fa9c,Madeline Juno,,
80e19d696bbb21f4aa9b24,Madfingerz,,
08d9b52fffb1468dbc8f75,Madhubanti Bagchi,,
7110ec7d2e718bd9deb5b9,Madhupriya,,
093c78d97de81b284241d1,Madhur Sharma,,
d640a1cc3d1b426a8f92d7,Madihu,,
41084537afc680ed7670aa,Madison Beer,,
36718962080f5562120a40,madk1d,,
914bd9c4f22e0ed3b42f89,MadMan,,
64527f63aa766a0196df21,Madman Stan,,
d65030345721ae997ba0f6,Madmatic,,
7dc4e2581480c301945a82,Madonna,,
2d5a9c87467d4aa6856244,Madrigal,,
06436c48cd8d7d824c37bb,MADRiiNA,,
eba5a2f78134b110d696c2,Mads Christian,,
0fe21903a8db968a33a5e9,Mads Langer,,
f1f3c9629de55443de745a,Madumane,,
f4325dd8dde22aad78e9b6,MAEL,,
583f250b8c1526e69e2486,Maelo Ruiz,,
d8fd177f8ea23e456626bc,Maes,,
91bb6b7e00d1190910f456,Maeso,,
2bca033f5764271e524d2e,Mae Stephens,,
14686f568e4ca26364df8f,MAFAQ,,
49657ee4dbbd19a49d147e,Mafeo 13,,
c078890d0e90e5a2aed3fb,Mafikizolo,,
3b9375615eae07102a5091,MAFIKIZOLO,,
25f8b7aacf5cdf4846e316,Magasinet,,
40fefcc9cfebec8bde07cf,Magdy El Zahar,,
8ba2743336526156e2f0f6,Maggie Rogers,,
223750ad058602fd67a696,MagicBlack Records,,
527df656dc9918c00f2186,Magic Juan,,
b003ea4394aaa7034c0c14,Magiera,,
3fd23ee159c724a189c9e4,Magixx,,
ae468f51576976ac963778,Maglera Doe Boy,,
a821a4160ca0ebc4ea2f03,Magni,,
fe00883f981c22ca548f39,Magnito,,
3d966d51640740db47f4c9,Magnus Uggla,,
8ce2475d0e4bd5cf37398e,Magone,,
6da19458c33e7336518702,Magzim,,
cce51bd285c5414913f8f7,Maha,,
83e7958a341ba7d0ae7d5f,Maha Ftouni,,
bbf7b00446b6f676cce957,Mahalini,,
1470ca144cc053aa93fd45,Mahdi Rasouli,,
fc8a872bc9cfaf9df6043a,Maher Zain,,
dc3529979a08a33cf03b9b,Mahesh Babu,,
62fb01412f803e3c78fd60,Mahmood,,
942fdc26e3149cfe5c5f2b,Mahmoud Abdelaziz,,
e48670be425abd6c23f551,Mahmoud El Esseily,,
e81d059e87c850c96e2769,Mahmoud El Leithy,,
f4c4e519da85f8f1897a7d,Mahmoud Fadl,,
3b3e4556e02fbbc3f87e44,Mahoota,,
e0dbead841f1d5ce46ca3e,Maiara & Maraisa,,
dfabc165af7012af27e1b6,Maiduk,,
7acf6180809ea187bedc50,Maihuen de los Angeles,,
a83fcca5072862e41eaec3,Maija Vilkkumaa,,
2ac16d10a4904cb3706ddf,Maikel,,
183b4f66b823cccb2fbd55,Maikel Delacalle,,
dfa2d36cb8bc341ec23af1,Maikel Supreme,,
2c892751d43b540c3fbf58,Mainstreet,,
91d82cfab21cc273711200,MAIQUINN,,
2fb4b73c80b8b86d9abfa3,Maisak,,
68153c8c0999b91bc4bdf6,MAISHA,,
139bd8f829dcf420f7ceff,Maiyarap,,
7898dd59d5f61ad7bb2898,Maja Ivarsson,,
ae3808367b0dfeeafc17d6,MAJAN,,
1fb1b8b67a2e4f1a44d971,Majed Alrslani,,
2efb66b6343cc01377c384,Majid Almohandis,,
f9aef45061a007a6e9ec75,Majka,,
ef3876a948cb43d0a627d0,Majki,,
2bde5552213203ff924760,Majk Spirit,,
4ff7ef928b5f49f8f35775,Major Lazer,,
d2c873f9d6634f82742d69,Major RD,,
b222d524122708f2187bf6,Major SPZ,,
a8e780597313481fd6d530,majtis,,
93df62f911ed04fed3eb31,Maka,,
22d21ef55239fc22c89b0f,Makar,,
f25371fa30fea856b5ba79,Make Believe Love,,
e40c6615a6d4bff2e66f38,Makhadzi,,
1d5a3cc395d7056cf80db0,Makhadzi Entertainment,,
928b4157406823e005c138,Makhanj,,
af4f389539adb3bbbc9b9e,Makhekhe Jr,,
30ee9043032b9b8c96b692,Maki,,
ca79c65a6093c344bb8bf7,MAKKARA,,
803da03fa14ae4ae3a5aac,makko,,
22801b04ac2b2d9b3e4f58,Mak Namara,,
dd265dac822e8d42560f5b,Makolipo,,
456cab281b31ae4623255c,Makosir,,
c23da0d26bfbf2586ce7cb,Maksim,,
9e63bfb5a220800f3367a6,MAKSIM,,
1faf6b84e5331825ad4b0e,MAKTUB,,
ae33fa237296bd5eaa3d03,Mala,,
085913b939efb6282c98ef,Malachiii,,
b7103e4e6db9c9de94e132,Malandro,,
db957911c042d148a5d090,Malarz,,
40dc543be2d08eba4c5651,Malaysia Vasudevan,,
fc5642e579fdd84268ba40,Malcolm Todd,,
590248208742aa4630b4e3,Maldy,,
b420e4c748343f85c55d8e,Małe TGD,,
e90c93ceb8ccdcdf3b797f,Mali,,
accf44f0d8da8f77f23779,Malik Dalasi,,
dbe72f7c949cb755f10c69,Malik Montana,,
646940e28832a73f5ead62,MALIQ & D'Essentials,,
499b2b1117bcb9b918fdd7,Malito Malozo,,
ee1aa63fd10fb114aa639f,Mallaury,,
644b2d2f19a5c9a96add0e,Malome Vector,,
c3e9b93d8e28f13fbf39a6,Malos,,
d8bd502f8f4ab6cd1e42a6,Malou Prytz,,
3af8849252e90f85b7c65c,Malte August,,
482b48abcfc7c7f85c1c9e,Malte Ebert,,
8c5b8ea2f957eef56e1c23,Maluma,,
26f0ef2d347323bf510440,Malungelo,,
18979dc2a6841ae0bd595c,Malvin,,
55bad7d8c21befea74f1fa,Mama Crow,,
10b77357c86842b65956ff,MamaRika,,
25a33f07b80716f227c63e,Mamat,,
75bc211258541c749998d8,Mambo Kingz,,
c12e14cc9831e413159629,MamboLosco,,
38c26d181caa5caa5a108f,mammaðín,,
4a80401371cbef56f5b6f3,Maná,,
3e14871e736769f0fce9fe,Manal,,
fd909f11bcf640ae1ba69c,Manan Bhardwaj,,
c46878a83ebafb4f9305c2,Mañas Ru-Fino,,
afc3c1891fdc445053c5a8,MANBO,,
c173b4f2600426e055bd3d,Mandale Flow,,
1ebb6f8596fb4921c6ab50,Mando,,
a4c5ce28fe836e0bf1bb61,Mando Diao,,
499bc8466eca1f34fb58dd,Mandoza,,
09874799397576b0f82f6b,Mandrage,,
d742c30c553e8cfa0c896c,Manele Mentolate,,
27bae7b5674b636691c02b,Manele VTM,,
1319fde32d62c708bfde86,Manene,,
c76dd34367cd5a84abfbca,Måneskin,,
9e3bce970a8f24a04e2f12,Maneva,,
95f8c2da33b8930f8d6fee,Mango,,
efcf354e118cd694064dc0,Mani,,
7f5cb74af5d7f4b8220073,manifest,,
2a2b00e6047e523446d0bc,M.anifest,,
3d0884be07a57c9dcf3a3e,maniken05,,
8b3dddeeeceba0f0715dbd,Manim Vaqueiro,,
cde876cf0abb8ab70c2456,Maninho,,
96ecb8ca2d7b3ddfa7c8ae,Maninni,,
9433fc55a7ae520ef1e281,Manjeet Mor,,
edb935c4e21a63c1391882,Manny Flaco,,
a39345135b6cd0e30539dc,manny monie,,
b4e8cc3192cd8d5cb3e7e1,Manny Snow,,
570e385975a970669d0981,Mano,,
0c9c6c01bc49eb54175355,Mano Brown,,
2b9c5c4c9e9facecd16d80,Manoj Muntashir,,
2b8428635c3e2700adcef6,Mano Pará,,
767d77d868ea8bb09c91cc,Mansheel Gujral,,
148282c51523ba1ba8fc37,Mansur,,
86a35adba583a683cc6b7e,Mansur Ark,,
fbd602410b933cc8fc587c,Manswess,,
2190694367c957148d2e5f,Måns Zelmerlöw,,
2d5070cb136d4cd8f418bd,Manu,,
67c77644abafdc329aef30,Manu Chao,,
65314e903461a614229ea5,Manuel,,
c90124fb577028b7f8af8a,Manuel Medrano,,
ccec393abcb1d382b4b6b8,Manuel Turizo,,
6977d6902d0e86f8ad15d9,Manuel y Abdiel,,
0364e4d7e7d2b0002fb293,Manu Manjith,,
0261cb03657d9737bba34e,Maoli,,
940f23d459b58ee0db49d8,Maoly,,
0c4e0e09cef630f42b0ff5,Maor Cohen,,
1a08c45534f021228c4f93,Mapa Negro,,
196293e3a3b7d6d2a7fb8d,Mapei,,
7096a09e986d256faefdd7,mapt0v,,
452bfc69ae518e1926670c,MaqamMusic,,
ce0cd4d8c83ab6011b74c8,Mara,,
7697a5657f1c3b527a9069,Maracaibo 15,,
23f4eb0f0d4db600602451,Maral,,
caeeab8e887c27858db461,Marama,,
8c06ea9d62f415e2e3e8ae,Mara Pavanelly,,
92b5134648a8e753796bcb,Mara Sattei,,
186c951b226c96bc8adf35,Mara Upmane-Holsteine,,
a5aa61d7b6b9a167582114,Marc Anthony,,
4ece6ee6ba60acc5c9a020,Marce,,
0173e428b096d3aebe5868,Marc Eggers,,
5bad2d0dbfcdad4ba36bf7,Marcella Bella,,
4458ef737b690932f90b4c,Marcelo Markes,,
b882691bc40a82766b4866,Marcelo & Rayane,,
9e17fab70232ba20fc0594,marceu inovadora,,
f4c9a23baf07bd3609f0f7,Márcia Fellipe,,
e3ac17cd201336dff213f8,Marcianeke,,
bbe676d279e9283194d54b,Marciano Cantero,,
14587ea47e904087489efc,Márcio Silvestre,,
aac9deb88eca2e9f798f38,Marco Antonio Solís,,
5a4235887591b02daff4f9,Marco Castello,,
fe8b47d92154367f28c93b,Marco Giubileo,,
27809b42c86bbc9cbc1c4f,Marco Masini,,
618823f12581a6a7a380cb,Marco Mengoni,,
c943034f3bd3f3139b1b03,Marconi Impara,,
6183a86d6ff60c9a925332,Marcos Baroni,,
d7fd30f931260ed05a1f03,Marcos & Belutti,,
0d9fc7a8934e02eeebea70,Marco Schuitmaker,,
653f8ca6c3410863e07aca,Marcos Villalobos,,
d52c9bed466364cbf2dbb8,Marc Seguí,,
d581ba005f4c8c9246a602,Marcus Harvey,,
dd5ad262cf0c4c6f112a77,Marcus King,,
61ce900330c67bc8bf4f65,Marcus & Martinus,,
a8232b396308283d3573a2,Marcus Playing In The Yard,,
d28508621637b8bc0117ea,Marcx Brass,,
79d2867f969c32bb690e0d,Marcynho Sensação,,
d992e3cdd4fa0b184a5332,Marek Ztraceny,,
117b50b38f73c0c31dd26d,Marek Ztracený,,
5c406d6cc03be79ffa40af,Maremo Violin,,
11546aeb91752706b37668,Mares,,
0513a3da7ff53b1aeb4224,Margaret,,
19540a95864c60062bd552,Margarita,,
a10c9f4be1bdbf732bfd64,Marge,,
c00e5c0e1281861f34e597,margiiela,,
da1ca10e3118add93e147a,Margola,,
fdf2bdd846dd54867b660f,Margrét Eir,,
d93499ebc76160125e0188,Margrét Helga Jóhannsdóttir,,
ca68d114568d95d7a8cc13,Maria Becerra,,
01eea74ed5d73f8152cb7a,Maria Broda,,
05d9e188226de635b00525,Mariachi Azucena,,
aaeab13f04302f0c5aff25,Mariah Angeliq,,
5ccb5e1e3afe302846bc69,Maria Haukaas Mittet,,
cffd871aac30737a97a534,Mariah Carey,,
53eba7c4ce9757b0bea85e,Mariah the Scientist,,
0bb24909410e225c6c8f96,Maria Ilieva,,
f8cb67fabf56b7a7052eec,maria kallastu,,
798f6f3f77fcd5cde5d8ed,Maria Mena,,
cc8cbb6ced37fb78bc26aa,Mariana Froes,,
1a369b297aacaebe40b892,Mariane Bigio,,
7e686180e174bcb514ce1f,Maria Sur,,
f749ba36dc353dffeccc12,Maria Tomba,,
420613db2b732f7cb836f4,Marics Peti,,
879eb8aa505a968b831812,Marie,,
0b958ac0bc33e6beb85b81,Marie Rottrova,,
12b0838246036f31368ef9,Mari Fernandez,,
0531190669b33be75cc7e4,Marijonas Mikutavičius,,
5bd88d921fb5117b14e0b6,Mari Kvien Brunvoll,,
189823284f68f1148dba2c,Marilena,,
3da163afe978a29fb5ba30,Marília Mendonça,,
7037fb5b77157515f8e040,Marília Tavares,,
b6efc9e97b889a05cd446f,MARINA,,
4862e4bde34cba8fbe5a23,Marina Kastrinou,,
bf88747cd37165cb5b792d,Marina Maximilian,,
f380e8d9a1d5e27076ec15,Marina Satti,,
9357e4f80714ab4484f486,Marina Sena,,
3b7aaf7811498f2d76cf26,Marina Spanou,,
801a61583a73f5c3e28d34,Marine,,
010191e98c92266d9f9308,Marinica Namol,,
1cc477616bb182e87ec728,Mario,,
6fced20de27caedfd2e05a,Mario Dracula,,
508591f1f8a6cfaeb30cf9,Mario Riera,,
964a4b6977b135a0895135,Mari Pokinen,,
3401860633d31b1499a6cb,Mariska,,
a60b1b063e79805f6a85cd,Maris Pihlap,,
57db2cdf023807ff7cc10d,Marissa Bode,,
3e423fff928149fbd7904c,MARIUS OLANDEZU,,
9d09473e3d2b0fd11901a0,Mari Vee,,
50a599b8b034f42c444adf,Mariza,,
2e3a1c682dc09f36610ab8,MARK,,
eee4871a5fc341b3a78fe4,Marka Akme,,
5bcae65662898e6d395806,Mark Ambor,,
4ae791ea004b8af193b9b1,Mark Ambuter,,
7afe8cb0dd0092ce3d012b,Märkä-Simo,,
7b48cc615d34943119f1d5,Markevo,,
0facbe27dbf917687700bf,Mark Forster,,
f2c2fbd67d4105c2392e1d,Marki Margiela,,
9b2364fa79d76152ddb48b,Mark lira,,
396ffbcbc8f01d6730f326,MarkMate,,
7a2df5ac764bc2ee72a11c,Marko,,
da725f4e3e8bc2a177057a,Marko Damian,,
3aef4c3049ec8c17deb4eb,Marko Glass,,
f137e758f85f9fc9a44590,Markoolio,,
3f6bad87e0b21b913cdb57,Mark Ronson,,
404bfdcff4fd25c84b68bd,Markul,,
153194f19972742e2c275d,Márkus Luca,,
e6397a6073f7e4c5d92b91,Mark Vank,,
859780ea545ed01e22673b,Markz,,
6e539e493308bb811fbe52,Marlo,,
c86516abe8219e8f3b638d,Marlon Hoffstadt,,
a58ad54f46c6c0b0746083,Marnik,,
64ed07bfb31182e2295fac,Marnz Malone,,
2a689a60e928868f63c51a,Maro,,
1b9f51f8c880e11b96f766,Maron Birnir,,
0462eb2270f36ad2d5da74,Maroon 5,,
71fc8f2b5a50cf60024dee,marp$,,
7c3a66bd1c15e1323ab6b6,Marquinho no Beat,,
ea33fb3d9b2f94e7f6f213,Marracash,,
a350631d0f0d761dc0ddbb,Marseaux,,
97d6e0a3560d39f8a3ad83,Marsha Milan,,
dc9d9e4ae29f85418cb2c6,Marshmello,,
d52460e7b29474a1f0d73d,Marsimoto,,
9770bef87b8e55ec297d95,Marso,,
06fbcfba272fe990d3fc32,Marstein,,
00170eb34efef4e1aedf49,Marteria,,
aa9d96375e1fe00a877a51,Martha Logue,,
257257fee39954aed79c76,Mart Hoogkamer,,
9fe003660c82966c27d89c,MARTIAL BRAMAN,,
81d6f316d169150d0e8733,Martin,,
a4d29a87a27e1e6803c370,Martin Brygmann,,
a9af75c1d9b6d69f37f9f8,Martin Garrix,,
c73527095e6961c6060156,Martin Hazy,,
31b454670213a75325ff12,Martin Lilleberg,,
8408d900646ae859091001,Martin Lora,,
9d9ac4c18f134f49bbbac4,Martin Morero,,
214bcdd27ede69ef7a05cb,Martin Smith,,
9edef4b7ed600ff13cf973,Martin Urrutia,,
9cba5125b94807e9e6e3f3,Martinwhite,,
ef3d9b30ed4ea780e82e90,MART!N,,
7db16a4ce881aecec2bfeb,Marvin,,
5026fa87d199ebede27a28,Marvin Gaye,,
786a16e094651b616052bd,Marvi-Sahiban,,
fa624d78ffcb4290a70c68,Marwan Moussa,,
53ff3249177aaf125d863e,Marwan Pablo,,
e39e74fb4e80ba656f7736,Mary,,
3e2eae05d47d7a7bba8086,Mary Gu,,
0daafee45fc7a606186954,maryjo,,
bbd518d751ff9d8895a3e5,Maryla Rodowicz,,
7d954903d531bccebe3aed,Marys,,
7e5b06a712a1806ac4970b,Marzi,,
76981b9616aa2e19b31f47,marzuz,,
da2095b287cd7add01d639,MAS,,
ef62b5a4440283137d3d6a,Masdddho,,
d386d63c190a2971723176,Masdo,,
68c52c49d8983edeb5a488,Masha,,
11044cba62eb9ebbfdbf68,MashBeatz,,
99007decbeefa4ed7c36e1,Mashudu,,
5411eaeaf3701d46564777,Masicka,,
03dd2a375167a7e55bc32a,Masinga Sgqoko Sembongolo,,
0172498d07192f72442954,Mas Musiq,,
19819b153eb0990c821bc1,Mason,,
f9728b6efe3a32a67814b2,Masoom Sharma,,
42424b115132b86de26d52,Massimo Pericolo,,
27d1496bdbce5af28b31b1,Massimo Ranieri,,
3f75d500c9a42717a331cf,Massiv,,
e2ad32dace4ebdbd96bae0,Massive95k,,
7a804620f11556025aeb99,Master KG,,
ab7ab5f0224a12cc2477a3,Masterkraft,,
50b0e5aef4f9b3fd0e7331,Masterpiece YVK,,
13f76a248e4dd4102948c2,Masuda,,
357742da3f7a2fcec0fcff,Mata,,
bd6dbd478904d0e1b0df87,Matej Straka,,
efd7aa54a57d566c702727,Matej Turcer,,
30b28052ca6c90097404bf,Ma'Ten,,
f26659d096ef70029e63c5,MATÉO,,
f0f99abf1d1548112c0464,Mateo on the Beatz,,
32652aedce58a4ec648d80,Mateos Nps,,
f1de05821c09ba45bb537e,Matheus Alves,,
b1f3ce027496161699265b,Matheus Fernandes,,
9f872e8dcdceae7e5698ee,Matheus & Kauan,,
c7846bd5e1ff75798cd624,Matheuszin DJ,,
131bd7d55d9022cff7f838,Mathieu Hauguel,,
60bf0afd6fad5434608a75,Matias Damásio,,
a579f5f4ab54a003ca6b3c,Matías Valdez,,
453860255c3744fabc2ffd,Mati Bomba,,
51f9e64272c8c9ef709b2c,Matiflo,,
356f41d53b85ca2fc28901,matiorzel,,
e8acf07000347012b221b4,Matolale,,
387eeeaebd227162dddb1c,Matoma,,
c6c859a43ae7869ce1d796,Matt Champion,,
ec4d5946c0c7d4cfa04dcb,Mattei,,
8fbe4da073b7f033c3f946,Matteo Paolillo,,
841715b6e0b0a458b49e4e,Matthew Schultz,,
38114244aa01272561738c,Matthy,,
44eb50688fccf8d99b11cc,Mattias Tirmaste,,
b7c4401980899f75ed29df,Matti ja Teppo,,
13021ab808f8cc0ef9f8c7,Matt Sassari,,
adbf0ac2b58bea615592d1,Matt Sebastian,,
57a51941b007aafe1d35df,Matty Valentino,,
f2fa253f0383c94836fbe4,Matuê,,
45eec650317c6c09603399,Matute Boy,,
bd4a8cf77404539704c3fb,Mauku Sencis,,
f83cec7cff0604fac65017,Maureen,,
3a40539b7f83ba978d6577,Mauricião Afroage,,
fc994671cfb451d88ee181,Mauricio Rosero,,
c08573329cceaeb6560924,Maurin,,
0ca95110289e2234699865,Mauro Dembow,,
ded5b14addafc5b703f1fa,Mauro Rosero,,
cf31bc8a5edc476cd99076,Maury,,
8f4736a729924a23522b48,Mau y Ricky,,
add0474f7aad978a08f780,Maverick Muji,,
e3135d70738e38072cc611,Mavi,,
5374e66f7173b1a559b3d9,Mavi Gri,,
be1a4783cf632efc2cc3bd,Mavo,,
3fc4a6593864ec7e6d5523,Mavzer Tabancas,,
6ffa2f58dda769481fc1bb,Mawar de Jongh,,
8cb6b8dbdf7e6693d2a7be,Mawelele,,
b2950714b7b2149dc5a0ee,Mawell,,
2771f374744bcd0599ac3b,MaWhoo,,
26a4b44a837bf97b972628,MAX,,
06ee13d729748e92851118,Max Awers,,
c35387bb021bb2203c720c,Max Carra,,
12c284512b6fc17b28cbf6,Max Dean,,
ce3b3527fac01c7e2f6b3a,Maxe,,
28699656cfbae2988877dd,Max e Luan,,
3327ee78b27d8e8f65c720,Maxi Alvarez,,
5dc294a2a7d800a113e382,Maxijonez,,
53fdaab60e2ca218fc4443,Maximizer,,
2e538a92fd304762d0741e,Maxim Schunk,,
3c357dae43e69eb0add741,Max Korzh,,
e8a784ca4502128830f893,Max!m,,
7c3d99a53c4ba41f3a4a94,Max McNown,,
1e2583772a834fb4085699,Maxo,,
dea8f602abc48da8a062cf,Max Oazo,,
9f58a8c29a47b40e7227a1,Max Pezzali,,
662cf3c699377a0efd10bf,Max Raabe,,
5493d7958ee37ed68344e8,MAXTAGE,,
8bc2e9364142703a35e56b,Max Tobias,,
ab622e1e237fb9f65c9795,Maxtract,,
c026548b7fa4b1f772f2f5,Maxwell,,
8901d8f9c4c1994fd0b35d,Maxwell Purple,,
e868bd8ab8cad26f74c32e,maxxytren,,
195fbb57ffe7449796d234,May,,
ad7d835c6a46cde6868f85,Maycol Rosero,,
05b12a9d317568e88bde0a,May D,,
6540d16d6f44130b992c2c,Mayday,,
65f5d2657bb074aa94243d,MAYDAYs,,
3d881b283de9d55188dc5e,Mayk & FlowMan,,
f3e9e89b572e1d372279ed,Maykolu Nadir,,
34a8891df559c780ca2c64,Mayne Eazy,,
6442460fa391ddc6672c6c,Mayorkun,,
11a9d90116d78fae6e7464,MAYOT,,
985960240d33ee29079c05,Mayyadda,,
845460819ae874fc3c0224,Mazais Zaļais,,
9c37007a0aab0fc35f59da,Maz Univerze,,
a3208176ba1af155ff47c0,Mazzey,,
8d8fcc1abd550c5f25dbfa,MB,,
ac436fe03571a25326a93a,MB1,,
5c09a7f144db4f20ee3703,MBK MONEY,,
8176a8bfe1aedff48fbf4b,MBO la Nueva Forma,,
f8bf79a72fe39bbb2ecb52,MBT,,
37d6911aadea2d400fe6e9,Mbuxx,,
6acc13ce5b8b71b6f6b037,Mc 2G Do SF,,
bf906cdba2856012eefe69,MC Apšaude,,
96a55d1f1bcef5879541b8,Mc Artisan,,
9c664c7fa06f1bf5ae6399,Mc Brinquedo,,
481fb8d27872b6f7442e26,MC Bruna Alves,,
a87f2c0fb6e58d053b59ab,MC Bruno MS,,
41b6d2a5d084acb00c62b8,MC Cabelinho,,
a1be8564806f54d45dd181,Mc Cabrall,,
e861641d31e4cefbc1a360,MC Cebezinho,,
494470656b94ac1f1abd01,Mc Cidinho General,,
8d228412bb27ff0136a244,MC Cothiê,,
0f2479efd94a2e3920e61a,Mc Daniel,,
3d3324766e49c1dee11ac8,Mc Danny,,
943e68be6580300478399d,Mc Danone,,
5aa5f1773cfc14392acafa,Mc Davi,,
729690347eb96da558db63,Mc Debby,,
86a272a6a00f94730722cc,Mc Dena,,
dfe385fd4f31c60033e297,MC DH da CT,,
afba03c603a6e14aca1375,MC Digu,,
d4168867826d357d4230df,Mc Don Juan,,
b415f627eabf657e876224,Mc Dricka,,
409b4b3fb14a05dd012797,Mc Dudu Sk,,
912c0ac7cbc04ef4f57cc2,Mc Duzinho SP,,
d7fc57f10001e832858796,Mc Einar,,
f356a44f25bd1df31fd54a,MC Fabinho da Osk,,
7c97a766c1f84086c015a4,MC Fahah,,
155b8fcf41fe6f755f10d2,Mc Fidelis,,
915fcdf11e898da638566f,MC G15,,
3740d3dc873033ee8bbeb6,MC G DS,,
5434281868d50975fbe7fe,MC GH do 7,,
6428e53c84b5246e98937f,MC GP,,
93fe45aa39dfae0b130be1,MC Grüber,,
099d57f8bc3a1f392d0da6,Mc guizinho niazi,,
781d269c7702d8794bb179,Mc Gw,,
a4c30aac7c3b1df98d4aae,MC Hariel,,
56edf08fbd8b88b0b56aa7,Mc IG,,
270fe271229c8910d63967,Mc Jacaré,,
f8994629c4917ed371ffb5,MC JF,,
491a9a3fa921185d5f9e04,Mc Jhey,,
4a01ded3c5031254388d7a,Mc J Mito,,
6711ac8a87bf94343f65eb,MC Joãozinho VT,,
28988473aa803d61c55624,MC Jvila,,
0b817bfc50b0db1cf7ae7e,MC K9,,
630594e578f5abadb3794d,Mc Kadu,,
66230c549efe2ee351ad36,Mc Kako,,
4c54c20bff79807b9e2345,Mc Kevin,,
1795968bc4128540186a36,MC Kevinho,,
a67dcb1936a42d0ac9028f,MC Kevin o Chris,,
71e3edc576570c42d89ad2,MC K.K,,
a723fbb503fee9261335d2,MC Koringa,,
e25984021c6741c4ed8063,Mc Kresha,,
533ab76c0bd4f18e742109,MCK x Prod Gaz,,
742cc7b1c806a68d1c7671,Mc Laranjinha,,
e63d53555b1c6cdab84237,Mc Lekão,,
881c05a9920f7bf6a5e1fc,Mc Lele JP,,
d9123e547aa400104f4a6e,Mc Leléto,,
c8d0fd1687d083df48c246,MC LELLO,,
5b81cde3de728f1ea33345,Mc Leozin,,
44ff0c298a2de8e4cdfe72,MC Leozinho ZS,,
7fcc56eaa778b2a6a34eed,Mc Lipi,,
3324c3edf0c9373d1a9377,MC Lipivox,,
4bcd2eb34e6998cbf5b647,Mc Livinho,,
76930678d088829fe7e70c,MC LONE,,
e2f9e0fff0dc1a4db57df3,MC LT_SP,,
ba3c0e07fdd7bc083bc76d,Mc Luan,,
49255ab8bedeb1f2d77ea1,Mc Luki,,
b207c1518c1ddc6d2c4f9c,MC LUUKY,,
a851647ab0ed434e2988c6,Mc Magal,,
2d457c534837de4d4599bd,Mc Magrinho,,
0dcc66d60731cfe9dc49e4,MC Maneirinho,,
8e819e905a24b162070e93,Mc Marcelo da Cj,,
5c429fd282b6aee343241e,MC Marks,,
59be15e1fb668e4f4b2b9c,MC Marlon PH,,
1506194580bcd68a609f39,MC MAYAH,,
e5d380a8e4154400b03085,MC Meno Dani,,
2ea2642349565231e75a69,MC Meno K,,
45d72a1903a38f6a19f06a,Mc Menor DN,,
b30e047741bd29583626f5,Mc Menor Do Alvorada,,
32ce9f6f1cb1b0180c6f49,MC Menor JP,,
ccf0e3b4571143cce46334,MC Menor MT,,
c628874cf271520395bf8e,Mc Menor RV,,
de9b0602b9963a6e71f899,Mc Menor Thalis,,
0f3a781fe6a90a874ac3f8,Mc Mika,,
f98ede54c05b029f129b24,Mc Mingau,,
b1b849842856fe6128af52,Mc Mininin,,
44c954277930ef7fed5cb5,MC MN,,
52932ff60bdc16d3906ce7,MC Mölakas,,
17351d74f7ff92cf2452e8,MC MTREZE,,
e52ce6f6d654c637051e28,MC NAHARA,,
f65e71210fd53d950d00ec,MC Nasci,,
637fffc0bd063cb3847a1c,Mc Negão Original,,
1fd9d0133629610b0ca50a,MC Nego Micha,,
7d4c68bf3fbcd8106c3051,MC Nito,,
42f9aee26ef63cb4c3753e,Mc Paiva ZS,,
c4ad0bcc800587d14f4da1,MC Paulin da Capital,,
e884b11238eb3979827f6c,Mc Pedrinho,,
ff4dbdb8210090c524c5a8,Mc Pelourinho,,
5ff4de6d77e9cbe21b8414,MC PH,,
7b7db91602c3441386e3d9,Mc Piedro,,
58d5c49d7e0d359a40bfbf,MC Pipokinha,,
68124036a131863966bfc7,mc pl alves,,
2cb945f97f7ad2e4451c58,Mc Pogba,,
07c62000cd08d7eef6f492,Mc Poze do Rodo,,
bad147f4fae55d8ad075af,Mc Pretchako,,
7462030f68c1522d8394be,Mc Rf,,
906e09f897ed0f2e7cb1c8,MC Rhamon,,
61cf98a9208c62180ffe27,MC Rick,,
b774d75e6e2ef109b3cc6f,Mc Rodrigo do CN,,
ac618359ba2c01d48585f3,MC Rogerinho,,
81d53e19b50627f7f7f4a6,MC Rondom,,
96ec88e3d55ac254c50dd3,MCR-T,,
3493d5adb4c07e3e44a1b8,MC Ryan SP,,
69a5e17e41c6d2b72dc954,MC Saci,,
1884dd3790e352c24c1e3a,MC Smith,,
1e3815be2908e68724bed3,MC SQUARE,,
92cf95d5c0c9fd157ced56,Mc Staff,,
da06fca269d142b27c3eb9,Mc Ster,,
c9a4fe47733c13e7eba339,Mc Talibã,,
e5cca025d8a8b5fc1cf0ca,Mc Tato,,
8c92620404a051304db077,Mc Th,,
6ae407d69f077afdeb37c3,MC Thaizinha,,
0f0131deda3dfc85e5b113,MC TH DA SERRA,,
edf68f1e67050fd92cc3b2,MC Tigrão,,
eaaa551e047c16facdfb50,MC Torugo,,
be03605d1972bb6ea0427a,MC Tuto,,
5fe32a19ed27d446d5a956,MC Vine7,,
9308d93901a4be2243bc10,MC Vinny,,
eb17a0a78de30d3dba70c4,Mc Vitorioso,,
837b10289013f246770070,Mc VN,,
66b414fd22bc970222efc4,Mc Ws da leste,,
0625407e2c64c66e2f033c,MC Кальмар,,
dfe61dc582517aef1ad9cf,MC 張天賦,,
cdd18e812995b3d800d681,MD$,,
6191f8e7b4d05d85dfb4d2,M'Dee,,
e61bd5d31964922f9b65c3,mdmx,,
e92019111ba4b61673a684,MDU aka TRP,,
3f29166d151d8ae5622253,Mduduzi Ncube,,
d8c1a167bbf603c61dcc53,&ME,,
5c2170fea57dfb2ff8dbe0,MEAU,,
b12f7f6f2788bfde08d4c6,Medhat Saleh,,
fda3155fd668f5c6355a01,Medi,,
b2f34a84efec58e90b0bfc,Medikal,,
a2579de70254b8fbc9116e,Medina,,
24a2633ce8b2d268f58877,MEDUZA,,
a39896f5fc3b24794a01c6,Medy,,
731c43e271b46640275a30,Meece,,
0fb2680e3c5f16705d9c8a,Meezy F,,
52d5a837a7370aa54c46ae,Mef,,
26967572bb3ca12540bd35,Megadrumz,,
bffedafb0108089cb59591,Mega M,,
a559ddad53f5d72c134dd5,Megan Koffe,,
b75e6a3a46a853458f1c6f,Megan Thee Stallion,,
9b7a713760d6fc5846f39a,Mega Shinnosuke,,
88b15982584de4b01ffb5c,Meghan Trainor,,
a21ad3835b77db5d4d032f,Megot,,
bf5bc1572da8fe6cc70f82,ME:I,,
30f68a5ef3f1d5bc3949ea,Meira Omar,,
82d69a4ac7f9d484847a97,Meiska,,
811c5d5e7d5891fe0ccd8e,Mekdes,,
616089705b0c4edfb6293e,Mel,,
ff2b91506fa5f0289c92c3,MEL,,
a0248b1e581865cb63182e,Mela Bedel,,
14ac26f4c70c15e4117a55,Melanie Thornton,,
0ffc3cb3d0cdc8f65c73c2,MEL GRANDA,,
28d60eea3ab4d473fe25be,Melike Şahin,,
1c5dc105189bbc296e28e7,Melikols,,
52b0221a80e19af274f876,Melis Kar,,
69c46f2ee577fd60da2a71,Melissa Horn,,
70ca7f477f7779593f6a99,Melisses,,
b0d7d8c96dd6a898796f3c,melix,,
c1f2cd40fa0089a9ad5e6e,Mel & Kim,,
50044573d0be042adf53c6,meLLo,,
c4055192a7f0d653d32dd8,Mellow D,,
de2c1745bbb3c062c51da5,Mellow & Sleazy,,
09485c93d2da00cf63cd53,MELO,,
c5fe036d51afe7c2cf7a20,Melodie,,
ce2f3a5579d231b3b8f8b9,Melody,,
1f3e4ac05c3194ee3027d7,Melody Alex. Patrick,,
c5eb8cf382d10f9386b2b4,Melody Records International,,
c2c1719e9ff2a30d137976,Melons,,
861301c1de488c4de786e6,MÉLOVIN,,
1a1a006c653095c8e7d959,Melow,,
62a4986e7775f3fe1e13c0,Mėlyna,,
5573a14e7565c8fe088c31,Membrillito,,
b390b1e64521726ab44acb,Memfismafían,,
ceff1606f55137dbbe4c1b,Memphis Cult,,
1a94920fec713faa9426e3,menace Santana,,
6170e9b41e77f04a245d0f,Men At Work,,
05c46a609b9c9b8bd6cf40,Mengyelejev,,
0bf068e6f117182e5fbe02,MENJU,,
d0b77ec52bc6ee31c4536e,Menor Queen,,
024e0c903885d1b58c97d3,Menor Regresso,,
d435ceeca5c184e7fc1a21,Menor Richard,,
3b3671461dedf292961454,Mensa,,
10ebb8b85ea30ca63b38bc,Men's Tear,,
09f0b4da243f1ae8db5d59,Mente Fuerte,,
57a11b7fd15f2e1d2323b3,Mentissa,,
1dc4b6eb344ba4afa2f01c,Menuets,,
e72931469e68118330b206,MENZI MUSIC,,
660c03c2ce3a8600e85dd9,Menzo,,
59d71d1f4ef789ef6b9141,Meorey,,
29ba6a99edef2ce2f47f62,MEOVV,,
34dae487e31f37aa746332,Mercury,,
b54571d88dc8fafb4c4d28,Merek Supraboy,,
a9070c2fd3ecb06a5683b0,Merenguemania,,
df12d838f23b7a1fd19575,Merengues,,
f0e57fc56db39c8047a540,Mergui,,
6da8524c990262a39f6213,Meri Deal,,
7d4e863dd75357ebf4bf92,Merilin Mälk,,
28d00136989c453c1235e0,Merk & Kremont,,
943f62b85c5b0508d9b65a,Merlyn Uusküla,,
3ed7dd034e8b1c342abba6,MERO,,
adcf7dd29ffce723ba99ef,Merro8,,
bdd995cec1e2c2448b56c3,Mert Ali Aslan,,
6b635ebf6d31be18c4f4cf,Mert Demir,,
aecadb4c3d7138a606742b,Merveille,,
73465f5a0b4e1294ef04ca,Merve Özbey,,
2260b669d1c515bc489704,Mesa,,
cdfe2040a65ec9a950bb2e,Mesijus,,
bc7f6453688538f4d14565,Mesita,,
c568a6cdcc447ae6034424,Męskie Granie Orkiestra,,
75d3bc3200859ca956d5bf,Messi,,
5c7c6f094616ed615b7057,Messiah,,
3d5ae736a2fa6e87d97c5e,Mestiso is back,,
64e775ff14951094110756,Mestizo Is Back,,
e9d9667c16322e09ba0d74,Mestre Nano,,
aee982cc7c5625e8f1bd17,Metejoor,,
2acdef1e2d0b915c5355f8,Methodical Madness,,
df2ac64a1a2c4c4b604d02,Metro Boomin,,
70a853317ea84e2ce93214,Metronome,,
0cdf488da47e2cc93541ad,Metropolen,,
4b673ef9d9869d2661a128,mew,,
2e6b2510201f2d731a5d97,Meximago,,
6519f81b0e92d6374327c3,MEYOU,,
fb602d874fd4b6e543215d,Mezzo & Hertz,,
ba2a034f4d913f87fe07ca,MG,,
381fbee436d7134230a580,Mgarimbe,,
0ad971a931aefa3510fdda,MGee,,
9b4dc29c17924a68a04815,M-Girls,,
0e14d45c430806127d2a4a,mgk,,
3b5b587b64ee64a351fcb7,Mgk666,,
9c1143fd32edfd5e50ba8f,M.G.L.,,
316c2ba7ed0aa920a5d621,MGP,,
d9f8d7772c9d2eaf7e32d9,MGP Allstars 2024,,
5da374cf22c664b4bf8106,MGP Allstars 2025,,
0ac5e6e359ab489c1d531d,M. G. Sreekumar,,
739151777deb3119c16767,MGZet,,
8370e2d407f3933ed447d6,& Mhaw Keys,,
a17232a285c550c87ba48a,Mhaw Keys,,
8d47fe1c4e78101a7bc1e1,MHD,,
ca3050360c0d6aee40fb53,M.H.R,,
107fe019fd318d84577e27,M Huncho,,
aecdf5b0bd111260398ee0,Mhylo,,
48cfab34ef1d620e25660b,mi368,,
018342a96185043ac9e7e9,Mia Julia,,
3d89e772ca2526787ee051,Micezzy,,
9cc31f06a3aebd2c78141a,Michael 45,,
45a5064d057441062ea4e2,Michael Bublé,,
28a6dda58ea82f4ed5cd87,Michael Holland,,
b1d113e11165894fd12c94,Michael Jackson,,
d51ed3c664a66cdcc525ef,Michael Marcagi,,
4aeaaa001b9dea99c4f9ca,Michael Touratzidis,,
219d3ae36e38007a06a59c,Michajlov,,
135cb1b1f87fe398757a9c,Michał Bajor,,
258d75a6b49bb1366793d7,Michal Dočolomanský,,
3e4a4ce065c76038c2ff9b,Michal Hruza,,
111c018ed85339822cd638,Michal Lotan,,
0d46a3ff4160862bb83295,Michelangelo,,
1537b51b3b1c8570b7f16f,Michele Andrade,,
3509f9ef4c7684393fba51,Michel Legrand,,
39f45fd7b44fa62f770ba8,Michelle Maciel,,
c189562a2fd282e98333f7,Michel Teló,,
fdebf21b70dc23aa1194f8,Michkavie,,
f907c7d498122d77cfbae5,Mickael Carreira,,
c007ac35c79d62a853b143,Mickey Destro,,
7bc041bbbacfda23ea1c82,Mickey Madville,,
1bfc80f23f7da22557eb39,Mickie Krause,,
c2c1faf8ff003c1be1f5f9,Micle,,
b0b5d17018ca424ac5c95a,Miclo,,
f32505fd03d53249e94871,Micro TDH,,
a186e2b780d39e7457a29a,MIC Terry,,
bf04c08fb8be222f7364b4,Mid9t,,
2b8084e53440f04aea27ac,Mida,,
f426caad11da05a8c4d545,Midel,,
1dd9bfb03aa992d4dc131d,Midnight Sound,,
d83add9684885585b13d3f,Mig,,
c160f8e13faa29b32da822,Miggy Dela Rosa,,
52a1e781e20a31d63348fa,Migrant,,
43ed453f784a1f11e87df2,Migrantes,,
651faef175451b43088ed6,Miguel,,
5b551b9af4d1c45ddd8ce1,Miguel Bueno,,
e0c719e58b6594b01b0797,miguel cornejo,,
653cc38b190369ea3584ec,Miguel Luz,,
601ea54c83bc0a63330f45,Miguel Morales,,
fa1123aecbfd7df82a3308,Mihályfi Luca,,
0f3b8de56a3d77260addec,Miist,,
254c925b8eab5d7452fe90,Mijares,,
10f1dbc25e7343e49918f1,Mikael Gabriel,,
9ae0406b33d4ecf1a642ad,Mikael Laurent,,
813b41a95402ebea716c67,Mike Defunto,,
85c8bf8f295dea6e46738e,Mike G,,
98c349bf35026da2d0cfcc,Mikelodic,,
c915a5dc67258f8dd86b3a,Mike Moonnight,,
d5fd2b78feefb37fe6f659,Mike Weys,,
edb87df6ec77961947f7e2,Mikhail Shufutinsky,,
49a59884eaf6d0f1239848,mikipublicenemy,,
7240f2f0449a4610a7b542,Mikkel Munthe,,
33dcfb1e804de5f784c768,Mikko Harju,,
ca27648d8e0163a075fcc9,Mikky Ekko,,
ba8cff46e31add439176ba,MikkyZia,,
c4d562f81c96157fa86521,Mikros Kleftis,,
1d25f7e8f89a4ab36e0249,Miks Galvanovskis,,
5ff3977508b4bce08a62d2,Miksu / Macloud,,
b45b1d3724aa2669db0eef,Mikýř,,
a1ea8d43aa7341aef0e986,Miky Woodz,,
e8f77984c486e7456336bc,Mila Diaz,,
d2276a0c0f566313c2e54c,Milana,,
c6556734b76c21f66b2fe0,Milan Lasica,,
3695b37abcc37806addc31,Milano,,
5f6c5218c9e9cebb54d61f,Milar,,
6f69ec97e6734d62df59c5,Mile Kitic,,
1406a07118bec79769ea0d,Miley Cyrus,,
857385f7024481d72a0ff2,Miljö,,
7f0a00da4036a57f6771eb,Milky Chance,,
50cb892935311821a46ac4,Millbuxx,,
449874a5b8a285dfda160c,Mille,,
7e7e90544f7adca071f042,MilleniumKid,,
82f845ec3bf9b1c7e8f044,Miller David,,
507fe7f8e061f87688981a,millforlife,,
8f06f9f0a1efa42a2ad3ec,MILLI,,
7d38d065f3ac03c49ce969,Milli Vanilli,,
18c641a041d92999ff83a3,Milly,,
58a84f6dd05eab39d5f7c0,Milly Quezada,,
38cb432958c60743437107,Milo j,,
550524e5980cae46643245,Milolaathetlukken,,
7bcc4a9cdd59925cb4f3ee,Milonair,,
9f0af0a02bf2b8a1bbd88e,Miloš Knopp,,
08239a1c96f2bef0e89e20,Mimicus,,
cda623b804d355ff5da321,Mimifly,,
6abdaf33c6414a3df6fb90,Mina,,
c36498f76454289ca490e2,Minelli,,
bde0ecd51e47177cd3d292,Minh Huy,,
7ad52f5e40057b1ad49fe7,Minh Tốc & Lam,,
b9039b64c9d50b884dce0f,Ministerul Manelelor,,
2e8ca9855d567c3e08cbf6,MINNIE,,
964baf50df6b297fa79a0f,Minttu,,
bd6fef1fa60893b79486ce,Minz,,
c0192b4219ae21a7a8a0aa,MIOSOTIS,,
63f5154f4bc30ee0addf5f,Miraa May,,
2cf0b17eb66a7286ab841d,Mira Dandes,,
2e49c8502ef6d91e303786,Miraj,,
f78535832b83d35ab3ad81,Mira Luoti,,
1456e4d190089965034d7c,Miranda!,,
12b66890f24bd71e21f7b4,Mirdza Zivere,,
eec6cd7db061bd4973b6f1,Mirela,,
6d895d9fac9fdac9f7a1e7,Mirella,,
695a21836c32a569ead266,Mirez,,
d4eaeecdef8d79d26cf31c,Miriam Bryant,,
b79a9355e37f8bb12b2cd7,Miriammar,,
7e819cbbad1fdb5ebba866,Miriana Conte,,
a031cddd6f162f578231ac,Miroff,,
67765f7e5ff090d945f92d,Miro Jaros,,
2403def5083f02105e7802,Mirror,,
72a92ae9c1d172cdda1966,MIRROR,,
38727c81274a4775cd47f4,Mirrr,,
d4228a69be41d2f30175be,MISAMO,,
09d9c2c81365f4c3fd0a4c,Misellia,,
45fa82a25abc0370fcbfe8,Misha Miller,,
f90260b50b141b477e2bfb,MISHA SCORPION,,
4c2232cef79c71cf5b001d,Mishell,,
86eb81349faf90192128da,Misk,,
2607629506ed372b20b32d,Mismatched - Cast,,
9cc2115f191a5a564c26e0,Miso Maysarah,,
641ef90bc4e2c10dc37f13,Miso misara,,
3eef3ba1297c490d97cf5c,Miss Freddye,,
8fc86963fc070582d7fc7a,Misshmusic,,
2ed2a21a073d42bb46ca79,Miss Li,,
17cae1bb1f9d8837da12b9,misterium whisper,,
4b7b1a8ca20f83a0edd11c,Misters Krūmiņš,,
2b63174fe9790be02327b1,Miszel,,
c9de7279be92002a1965b2,Mitchell Ayres & His Orchestra,,
ea5fb002a7e67eefb29bad,Mithoon,,
25c40e5cc61e03b4a34684,Mitraz,,
54624e7d613951eedc2ab0,MITREVV,,
3035d52180dcd39b65af58,Mitski,,
81a0aeea3232980ff5cf15,MIÜ,,
709f0e10529e0ed7b4840b,Mixer,,
aaf572316362a1e60d723d,MixSingh,,
2ae99c7a2c61b1596f0633,Mixtape Madness,,
47c77a2cbc2c906dfff42a,MiyaGi & Endspiel,,
46608639415df1d3314826,Mizo Phyll,,
3b1fb6eb1a3fc33fcadd8d,Mizzle,,
51cce33ce9363bdd2eb608,Mizzy Miles,,
d24fffdec37f3e43b50ad1,M.J,,
5b9d62a1ea7b8542997d0c,MJay,,
a53155261491c9316dad38,Mjay Beatz,,
d246b55410a7f0d02d1f54,Mjolisi,,
6b2ce0b8c926970e39b222,Mjonszu,,
f8cf8f11bcb8aa45c65e5a,MJ Records,,
fbd1e7ba9564863b88d5c4,MK,,
b1d4e819e70e72402f9c99,Mka,,
560c504e2c8ec2133bd167,Mkeyz,,
d4c36cfa50c0695d185769,MK Productions,,
7b04f57b4b39cbf473c63d,M Lisa,,
f815f1842428dc6a85409b,młody klakson,,
6bb9789ddb9a9895fcfecb,Młody West,,
62345aece02467b6b944f6,MMH Jrock,,
4731553057ecf2f0b6ec80,M. Nasir,,
54b805f4f40b0347b23383,Mnqobi yazo,,
232f693aa8e7c8e772b2ae,Mnqobi Yazo,,
be2e6f8f7d21aa6951a5b9,M//O,,
65ccd361b7db95e47b4c06,MØ,,
8486a0aad8bcd9b828c585,Moaaz Hamed,,
26705f7d37b5fd516968d5,Moamen Moaa,,
8de5dfc86902100e1c4e92,MoBlack,,
f1a2f4d93d1429404059c9,Mobtrap,,
0667c653df78d4cb98ca30,Mocci,,
1f7f474d023f647111bd5b,MocroManiac,,
0435e87da3698357424e43,Mod3st,,
3c1dddfb9b2ab659da4b77,Modà,,
a559b87068921eec05086c,Model,,
686b8543c924810ba462ad,MODELKI,,
ac5711d84def3279188129,Modo,,
c91708bb9f403188f5aeea,Modola,,
20398460c7dfbd190b3d69,Moeman,,
fb8fbd8325093a92e5947a,Moe Phoenix,,
c087c4b584ff9b352591cf,Moffa,,
ecd37d93841f678861fb64,Moha K,,
6a7317aad0b4d6b3dd1ee6,Mohamad Abdel Jabar,,
5d943a9835f4bfd4dfe15a,Mohamed Abdel Mottaleb,,
bf43f0778fd52e9a1a2c95,Mohamed Gomaa,,
b2f753159c77d607b2233c,Mohamed Hamaki,,
fcf761b4d46fe7c28bec47,Mohamed Mahrous,,
4f8360ff16d053d0d3b18a,Mohamed Mounir,,
23babf634ce9e211966505,Mohamed Rahim,,
9083cc72d9f27ae7ad8ae4,Mohamed Ramadan,,
fef191f4aacefb80ecda9a,Mohammad Faiz,,
4dbaca9a190abd4f0a284b,Mohammed Abdu,,
5539608bec0fddef4fd6e7,Mohammed Bin Grman,,
23798f91bc5f601113006f,Mohammed Maqbool Mansoor,,
b597a701f0ca853e1f1b58,Mohammed Saeed,,
f5d1b991441cb56ab99b94,Mohbad,,
82a6994d37442600f756f9,Mohelá,,
842295715f93f7bda8091b,Mohit Chauhan,,
c2e3700ed0a75d58245196,Mohit Lalwani,,
62e9ab1706b0b8ad0bf242,Moka Only,,
47dffe53e1f2db3fa61a41,Mokoma,,
c4d0b32337c1758cf6c5aa,Moldanazar,,
c279d50a314d8c1981613b,Molec,,
12d25b2f5332927467ee13,Molella,,
5e67a39b2ef2b563df82c9,MOLIY,,
5c01d5ec4c7ad5ddac07ca,Molly Hammar,,
360487bf03116119c42eea,Molly Sandén,,
8a4ce37c81a294525ad681,Molly Santana,,
fb44646e8b1d9d2e199af3,MOLODI,,
4d8b644d1d08d5493ba46b,Molotof,,
834117d35280d46d28d436,Mom4eto,,
aa8a67ea8fef4cafb7af2c,Momo,,
a34493285556b8bd39b5b4,MOMO RECORDS,,
82d3c1f46be5d18ca925b8,M.O Musik,,
7ec89177f19552e5ff3129,MONA,,
3588009c8f174928fe2f3f,Monaky,,
d151ceb31e1da57d35a3a7,Monali Thakur,,
56972337f2257dbf4dc531,MONATIK,,
f8f7edb25da99709d552d2,Moncho Chavea,,
f3b04c8d3a10fda0cfd8ff,Mondello'G,,
a42ffff7c72c3dfad2c166,Mondo,,
fee6bf6cef133694248d1c,Mondo Marcio,,
64c89fb283414219e86c91,Monet192,,
99e0d79a31ad760aa8cef8,Monetochka,,
7be705f0c3f963107cbd17,Moneybagg Yo,,
87af6dd611e38a04222af5,MONEY WAYY,,
17a6ad95085644f7f9f294,Moni,,
c962d9eed2a499dd5e8e57,Monika Absolonova,,
7211ef25194797168cd171,Monika Bagarova,,
04738c6bfb73ae4e8d2b63,Monika LIU,,
d2036b2c992459a7c0d447,Monique,,
844a2b0ce474227509eb62,Monk,,
4126964b770eb1e2f3ac01,Monkey,,
03b9387b7a4aa1e5aac03b,Mon Laferte,,
154899cc534412e0827c6d,Monny,,
f5f75f1b95652443e43989,MONO,,
6c73d49c945897d1a16bff,Monq,,
5ec910c544ae1eb975df4d,Mons,,
bb991dd02ea4d346215911,Monsieur Nov,,
b704df12eda6f5afae1c8d,Monsieur Periné,,
8842d53f826fecff1070ff,MONSS,,
a8088b760fb315d2964735,Montana,,
4be7192a78ae99780ff207,MONTESQUIEU,,
86a10aa4aa3748f15fa183,Montez,,
f785cdc32eef2a0b8e2be0,Montez de Durango,,
63710bbf180ebbfe738ef0,Monty Datta,,
891d33e4601f99fd579c94,MOOD,,
3329360f3748aea60735d8,Moo Latte,,
edf22d7fc59da4829e67ee,Moonica Mac,,
9d5c0c296d94b7c164c342,moon tang,,
dac335dc17737e7c33b356,MOORAH,,
030acfd68d0c19e8b0f891,Moose,,
4ca746db265a3c8a2c001d,Moosive,,
252ed78b8a9e722f74d25d,M.O.P.,,
cf2485b4dff1bb8734a3dc,MOPIUS,,
3a51d2dae2a4c583a3f70c,Mor,,
dbddaa2b2e0ef2fe72630e,Mor3a,,
7fe19538004e7aa4d7c71e,Mora,,
4c66b96a9c4ffa2390e123,Morad,,
619fa670f2a60b75b5767f,MORADA,,
f5c37c17f545d5887f198a,Morat,,
d10879a8fb6787fe0a3b0d,Mörda,,
61a1ea6e8e119669d58cf2,MÖRDA,,
5a1083e28ea38880b7d027,Morera,,
7b39f6c549e642a5305d7b,Morgan Seatree,,
4190ed2e8280d10c9063e6,Morgan Sulele,,
0b4e3dbc0a1f079322f885,Morgan Wallen,,
7009a17f5392d964a30ffa,MORGENSHTERN,,
926396120a3cac0e2305a5,Moriones,,
10ce3da2d83ec91ca1ca9c,Morphom,,
6e65a273ce2fa59bc379f2,Morrabrød,,
a0acd356e76552186edbb9,Morravey,,
70a0372e7d4ad7d6403c2b,Morshedy Group,,
ad759615d28882a52f41a7,Mortal,,
3c3dc8b16900be11ba8b7a,MORTEN,,
661e33c99cda8373a9117c,mor ve ötesi,,
7e35e74e610188414ad242,Moscow,,
d4f0701b0472e7de68643d,Moses Akoh,,
44eb913299b667005a8fd8,Moshe Reuven,,
fbd7b1a4cf6c869da00f95,Moshiko Mor,,
ae2dfe89f6e289710d334e,Mostafa Elgen,,
65bd17793ce9685802cd46,Mostafa Elnesr,,
200e0234926a89479ad00c,Mo-T,,
0e44b4982a2269376148c9,Motive,,
d6f60ab917f870ff8cad73,Mouhous,,
5e4d932d7af263d5979d6d,Mounim Slimani,,
9afcafbb606d5a0deb4de2,Moustache,,
c5beb89975d71522e570d8,Moya Mishel,,
07124bc25ea0ad08b855ce,Moza Kaliza,,
3832f65d29da101c70e441,Mozbeeth,,
48a75ce0a8e81a658523b0,Mozzik,,
e9427f0e8224fca3ca0196,Mpelafon,,
ce9c2e1783e2e02de92d9c,M. Pokora,,
b5253976ded352308bac3c,Mpumi Mtsweni,,
a930d99d7adeee1dab1f9d,Mr. Belt & Wezol,,
e9aaef8c2b2a7f9243bc63,Mr Black El Presidente,,
a56049d189881ba1139fc8,Mr Brown Ent,,
54d8b6daccf124491e7f26,Mr Casanova 33,,
94a647b62bdf227c253a2d,Mr Diego,,
a49c3103bdaac525dcd1f1,Mr. Flamboyant,,
407f579818401ff0375d35,Mr. Fox,,
a5f25c58c0cf9eef41adf7,Mr Goofy,,
58499c70962ddba3ae8c0e,Mr. Happyman,,
1b7369779da3bb1bbc4c9a,Mr. ID,,
e2edbadfc3b9182bdfeb0b,Mridula Warrier,,
21c348bcdf618cacf532bf,Mr JazziQ,,
9ae6d40027f14c29bb3196,Mr. Juve,,
f905b2904bc2634b74ec7d,mrkelgrez,,
72902bb18f8ea9b27b1fc3,MR Kingpin,,
b902d3faf131b7d5deb348,mrld,,
99e4f6915d4b720774d961,Mr Maker,,
01fcc7f1131492b4127410,Mr. Maker,,
ffead884626408fe011bcf,Mr. Melo,,
8a20daf1602bd2f7d090db,Mr. Naisgai,,
c24a4bdb297c31a3d30647,Mr Nation Thingz,,
ebcf0001f64b415c0ef001,M. Roca,,
363d1526dd5250a8ac0ceb,Mrozu,,
1d584b1a04185892be63d5,Mr Pilato,,
20e1923f89f7e3167bdf32,Mr.Rain,,
b7f1b966ffd61102e8072f,Mr. Saik,,
ce4236e69a12a50973dd1a,Mrs. GREEN APPLE,,
03c478fd2cb2f56fe9096c,Mr Storm,,
d919dfdbd1cf049e3e108d,Mr Thela,,
93996c5e1da3ba92d8e6a2,Mr V.ic,,
748a4428cb45d2b182da6d,Msaki,,
c811bc40604713b8f079f9,Mshinwemali,,
9c61b698de8197a27b6c9e,Msongi,,
972610ff1f2fbc49c09f18,Mtg quem nao quer sou eu,,
bdb9e7dbe9dc3898c3c43b,Mthandeni SK,,
90e1277c4086ced1aef907,MTHMTK,,
bf6e7fb97ad411491e2324,Mthunzi,,
4e5f76de8d1bbee433f05d,M-Touch,,
a3d3fb0a46a1d757a5bfe8,Mu Carvalho,,
8ea5fc3e90b31b784e68a3,Mucco,,
1e1361636e1b8cdfa06e10,Mud,,
8af24386d18327ea9b40a0,Mudassar Aziz,,
729b36cf21f1783064fd1e,Mugison,,
9033760c10255813c7319d,Muhab,,
bc13a2cdb5857878dc7f75,Muhammad Al Muqit,,
fa6b4ef91fad8e128d68b5,Mukhy,,
532f10b0e99f7eb36b26c9,Mula B,,
dc81952301ed30d02d49b9,Mumford & Sons,,
85a02a9caa8bf5d0911b50,Mumle,,
50491abb929620e598b27d,MUN,,
a95a992a86b052d1519fbe,Münchener Freiheit,,
5e369e012f987f3ff4f0db,MUNEYLXRD,,
a5866c190b370b93502df3,Munhoz & Mariano,,
638cee80c8c59740d3f3ce,Munii,,
b1f6cae3ef4941725e288c,Muni Long,,
59186981dd3beef6f743f6,Muộii,,
ad24bce6c46e98684c0789,Muộii (Starry Night),,
2d9196302771f08b40fbc7,Murad,,
556f3ef7f220fa07fd9831,Murat Boz,,
68240f5b77cc343284f0e7,Murat Dalkılıç,,
a1b01911a63dccb1c30d73,Murda,,
b64589a79e0702c145d611,MurdaBoyz,,
46594124ad8080c06abaee,Murillo e LT no Beat,,
4a523d801e1c44b8de8a2f,Murilo Huff,,
da816c6aeaba1b88596e0d,Murtuza Khan,,
a44de65e8909150d2b13f5,Murumba Pitch,,
7f8160a97e441b3bbd1515,Musa Keys,,
829f59aca4a8369d959039,Musarrat Nazir,,
640251d03d07c32bc5359e,Musata,,
6a26eb7d1ff07f7c69e12b,Museqar FM,,
1c1026ce05974323622afc,Mushkaa,,
cd257e8b3fce3c3338c2fb,Musicologo The Libro,,
eee001f914e7d522f26c41,Musiqq,,
427d5fc3bf806d4b9d9aa7,Musketeers,,
9662e472fe6006a5b6f5af,Muslim,,
8daf2bf086379cc7f0d42b,Muslim - مُسلِم,,
8508134d85e62e4e37f9f8,Müslüm Gürses,,
da3a5fa373d83d08c76f32,Musta Barbaari,,
7b49acfe1302a8e8055560,Mustafa Ceceli,,
c12495861c1730bce68869,Mustafa El Gen,,
211b7aeee0da19be0799ef,Mustafa Mert Koç,,
676adf316392b532bf5325,Mustafa Sandal,,
7c2784a37eb092309e8755,Mustafa Zahid,,
0c6ea1ba4398e09fc5ae44,Mustard,,
8fde60f7f8bc274d82971c,Mustii,,
292dd7ce2505f337ce7421,Muti,,
e536334dd05af7e239724e,Mutombo Music,,
561fc154a40dd10f214e7f,Muyeez,,
8f14c44c4e12f53480a1a4,Mvelost,,
27d15719804bd1348a1a57,Mvizzle,,
d42f600eb0e46a11c4c395,MV Killa,,
a83e8e791cde546b846eba,Mvriol,,
067b40fa6753401b98e76d,Mvzzle,,
622612d4d6ad4f49491e2d,Mwuana,,
5d998d23cc8864c634257b,MXM,,
99f137ae505333bfb8fc08,Mxolisi Khumalo,,
027ae33f4b0e85537cf974,Mxrci,,
60a3ae88f15caafd2a121a,MXZI,,
8466fa8e428bf83c4d2d98,My,,
d6fa929aa707934fe4297e,MYA,,
33c65bc4ca96515669d5ee,MY ASTRO,,
01b5b0d34c7814407ab217,MY FIRST STORY,,
d1c37f0de4a6d88179ecc9,Myke Towers,,
6aa6be9952179ea8f9329f,MYKY,,
14919844c652aa45ef3946,Myles Smith,,
e3010dc81d8a13e29241fa,my little airport,,
641efb227f2354f850481c,My Marianne,,
0081801d7213775c1c9f08,Myra Granberg,,
ee92130acde8db8ea6f8f0,Myriam Hernandez,,
a0085a5d1f5cbe113af1cd,MYSA,,
ec5a55971899230ebf9d73,Myslovitz,,
400540b76e2efe9bc5828c,Myspro,,
403acdcaed59c9f6295515,Mỹ Tâm,,
99bcfa36bf424b55f4b733,Myztro,,
8aa421bde6899c3a152e6e,Mzizi,,
1447830c67d77a761b4633,mzlff,,
47f29b8244bb76af225e91,Mzukulu,,
37ef959bf56d70a8f06869,N1NT3ND0,,
382b0f5185773fa0f67a8e,N/A,,
303044fc5fecee86cb2628,Nabeel Shaukat Ali,,
c35b2a8aea3a1c6a908c40,Nabel Al Adeeb,,
a019af0cea3ac9f47550c6,NAB FAKE,,
406d2b2b54871638329cdd,Nabi,,
c75337bb970f2938ff68d4,Nabil,,
83972664d927fc80a299b6,Nabila Razali,,
34d5fde844d984049b8e65,Nabila Taqiyyah,,
c1d7425f7b885216e6221d,#nācgavilēt koris,,
44c0191388a44c6c2d0e30,Nach,,
31cccca205acd405af7448,Nacho,,
81abc4bccbd3c7454daba0,Nacho G Flow,,
80eb826a77a41734266c98,Nadeem Sarwar,,
0367f236494b81e25c53aa,Nadeera,,
2e0194ea07d2fad5c847dd,Nadhif Basalamah,,
8046e9e77a572877facf3b,Nadin Amizah,,
03bf21d117cc55fa5713e0,Nadson O Ferinha,,
06099366517f53b8b6cfdc,Naeleck,,
63970bcb999e9784870bb2,Nafeesisboujee,,
cb69ea265887907c6e3f33,NaFF,,
d948f7fde3c4fd8a0edcb7,Nagalli,,
099a679cdf052e811f25a9,Nagy Bogi,,
d171b963eadb4fb7c2f4e9,NAHABA,,
3f96130750af6438bd6d00,Nahir,,
040641a8e7de376a022799,Nahuel Pennisi,,
1f509c24aacb98179d30fd,Nahuel Villarreal,,
4413935c742cbe8f4634e4,Naiara,,
61c24a6a4eed4a3454de8a,Naiara Azevedo,,
f8c33a3590714a62c5d00f,NAIM,,
2f26afc8222c7e49a4c3b7,Naim Daniel,,
708a08661f8be01f0c3778,Naira Marley,,
41059420e03e0e2888f54a,Najee,,
4dfea8ac5fc4f04174c115,Najm,,
d9d7bc576c50b8319a4012,Nakama,,
9f08e98385f72ec26bc41a,Nakash Aziz,,
a559a5928e9062c88768d7,NAKI,,
b23052cb9822c2a5f67b48,NALALA,,
680059429c8ee4af7ff34f,Naldo Benny,,
7943f45185a348f7393066,Naleboy Young King,,
60a37cd280735db7a99d95,Naledi,,
9b8c3910005a72ddeecb15,Naledi Aphiwe,,
73f25cb0d719f10a618c6e,NAMEDARUMAAZ,,
f0294216dfaf6f664d401b,Nancy Franck,,
02d36947c454e2537409a5,Nancy Kwai,,
c8d75c05daa232ffbc84ea,Nandipha808,,
9ed3b204d71826e15a9e62,NandoVVS,,
59820c0c923f245a167b53,Nanette,,
1e3965d1d70e45243875e2,Nanpa Básico,,
221bd0f9324869ad2345e1,Nansy Silvvz,,
c21b40b41b66d97813d88d,Naod,,
4682a5a3c94738efbdc578,Naomi Shemer,,
40515da4ffff5f39fca57d,NAPA,,
d05d667a03f542b90ada0b,Na Plech,,
2c2d6efc49a9d9bc5d5670,Napoleon TBFI,,
8982c242a5ce30b13c9a8e,Napoles,,
6292f7b782ebc38da23246,Naps,,
948f7a29a400914534e589,Nap The Nap,,
d13d981367b2c9849f739d,Napylniik,,
ab8020c0817162df5f81a4,Naqua,,
ef360dcc92de43f8bf606d,Naqua SA,,
ffd143e251b9705750f91b,Narayanan Ravishankar,,
050ed63027628d327e8d22,Narcisa,,
728de2514e6c0a7fce80f4,Narco,,
dfaf607674c79dad8b4959,Nardo Wick,,
3681d087209e45d328cabc,Naresh Kamath,,
0eeb04f0185f3577bf5f82,Narkoz Ex,,
3b9690950e44475b8262fb,Nasa Histoires,,
c47b86496d5dfde362412d,Nasboi,,
1b298890c5c814ccc3054d,Nasrat Albader,,
f94c36902e4da4744c9a86,Nasrat Al Bader,,
14a2088f3564b6432c0bc8,Nasrat Al Badr,,
42dca8530dc4df52e2ec3e,Nasrin Kadri,,
4eb49330f8e561487815d6,NASTEISHA,,
4b26e6c06a39ff95dff899,Nastia Rod,,
0554cb9d378e42fcd88e5e,Nasty Blaq,,
ffd0f3dc7d0cd3268ce8b0,Nasty C,,
a8c8740762b2d2f563bb99,Nataleen,,
afe54e61e6a49294742650,Natalia Lafourcade,,
833c8ac3f3b9c315e4b4ba,Natalia Przybysz,,
09e4aa613dd2421e41adc2,Natalia Szroeder,,
0cbbff674d022eae7d817a,Natalie Corbett,,
d422aae307b51d703f300c,Natalija Bunke,,
175bb346f262b84844fb4b,Natanael Cano,,
459294f2e4a34e7b5fc6b0,Natania Karin,,
27453e887f37bcf4fe00fe,Natan & Shander,,
1fa30f6dd7c3b369eab1e3,Natanzinho Lima,,
64c857033a95ef8d6e70bb,Natasha Bedingfield,,
1dd1f1afc11acebda4a398,Natasha Fisher,,
42eaf22331be17d01f0c8c,Nate57,,
cb068d929ba391fbc7c9ed,Nate Dogg,,
701b6be792afe1aa8e7402,Nateki,,
bd02f37675ea5d7a1bc39c,Nateman,,
d437f17c783d39e1abe9b8,Nate Ruess,,
6f41c0c38cc525c03e46a1,Nath,,
db320f93ead463e1a2faee,Nathan,,
91d4cca57a7ff2ef3f6c9a,Nathan Dawe,,
d61f144a004bf6ab4a77b3,NATHY PELUSO,,
3fa9aa94fc86ed207b0042,Nat King Cole,,
2d12286102c947d1b6b760,natori,,
bda0da9720d6bc6fc62b7f,Natos y Waor,,
b77ddf81c1c89d529453a1,NATTAN,,
d5ed2e1fc6572faba16dff,Natte Visstick,,
ac8df0077e8d0d24f76233,NATTI NATASHA,,
53ce3253c2276cf6d56863,NATYASH,,
b380776382a59c136d0c87,Nau,,
2b5d86436d4a86c9985882,Naughty Boy,,
40c0863db40a68f9732b23,Naul,,
b061fb8664888826773e05,NAUME,,
86c60661e5a4352508376f,Nause,,
29da1170cec52dd7a3c764,Nautilus Pompilius,,
12c53ea82705dad31c75c6,Navai,,
16032410de2c0a7b66d338,Nawal,,
0edeb8d6c2a24364279fd6,Nawfel,,
980449f1315c0792550b78,Naya,,
3b3e64fc3a2342d2835945,NAYEL,,
0868a733256554a567fa6e,NAYEON,,
38c08eff0c19bcfbdf1d7f,Nayer,,
7518cdcf74b2efc32dd6c4,Naykilla,,
09485d71a9dba3cdf4f980,NAYRA,,
440e21040e2ae338c406b7,nayt,,
3d5ca80b3e4e3520461888,Nayt,,
c33aef98a568da28c75266,Naza,,
5cb360d6f579353181b82e,NAZAKEBLACK,,
92d4e69c966539a212fbbd,Nazan Öncel,,
c7b4a0a2f8fdcd93e46fc6,NAZVA,,
3f09c9d474f31a2e1d0c33,NCT 127,,
52cc9bbe27b1014c82d4fc,NCT DREAM,,
d699b783be169ff7fa9744,NCT WISH,,
500cdb84eeb12621f11069,Ndotz,,
6e7646c99d62fe31d8bf89,NDPeeps,,
762ba5f7878627c28916f7,NDS,,
7208631b78cd78934ce08d,NDX A.K.A.,,
0bf63b32fc5b79434aedb8,Nebi,,
3726e71a1f3b1db3461287,Nebulossa,,
e86c9ef173dc08ec09fbf5,Nedaa Shrara,,
8a2777bebd6122899889ba,NEEA RIVER,,
b1fc52a8926812cf968744,Neeraj Rajawat,,
9f7290a95a902082e1f7af,Neeraj Shridhar,,
6f19de00931532aad06147,Neeus,,
a758774170fffec9739d16,Negantais Porgants,,
43625f67a7bd3835bab6fb,Negav,,
e592e6318e4cd4c1fdb2ae,Nego Trufa,,
e21ece45c41e989fd303a5,Negramaro,,
4e7b8529936e6c984d9c58,Negrette Game Over,,
2c412c96135a67f4a2ff17,Negros Tou Moria,,
924098625c1be08fb4e065,Nehaal Naseem,,
64922a3ebd7909ae939eeb,Neha Kakkar,,
f9f7d1f21987510b68d82a,Neil Diamond,,
027faa908f3c6bb7829924,Neima Ezza,,
d88e87ee6e39e5d21dda6f,Ñejo,,
05bae6f4c9e51e24bbf923,Ñejo & Dalmata,,
1586baa552d5852bcd495c,Nek,,
6a1fecceab276e3d052c47,Nekfeu,,
b15fc781d8d9137b273486,NEKRASOV,,
618ffd178593536fde957a,Nektarios Kalogridis,,
907017c415dcf7bf633f08,NELLIE,,
a4d7424f01961f76138d0a,Nelli Matula,,
34cd8c1a6ad2d16c4b2c41,Nelli Orell,,
6d5d8c5642badbaaabbb4e,Nelly,,
7ca28c67b72617f0992a8b,Nelly Furtado,,
df990f949e5a95ce6aaa3e,Nelly Mes,,
ade00ad4926c135b91f810,Nelly Nelz,,
3644dd58c5fca95310aafd,Nelson Henriquez,,
6e22aab2f765d38b49c200,Nelu Vlad,,
054a4ea809c6cbc647ff20,NEMJ,,
89fb940530bd285e86d2de,Nemo,,
aa8a812e798c33350d1ba5,Nemzzz,,
a5297c2a86a5b3bc7b56cb,Ñengo Flow,,
45ad22915c3a4f2edc79ff,Nenny,,
7a8be380f1f059a62c13e9,Neny,,
3d07094af8c32d43f1f4c5,Neo Beats,,
cd295f92b0c72844c61555,Neo Pistea,,
918c7469228c4499bfec8f,Nerd Connection,,
60671671e65d9497fbb26c,Nerieš,,
5643b9ab07cbe76d1c139c,Nerissima Serpe,,
f64995525916e1291ea37f,NERO,,
b7c103d00ed6ea13a13612,Nerone,,
9304e96acbb6a1c48fcca7,NeroYsl,,
5826759d5f2d7f5355eb7a,Nerryckole,,
79a759fbc664693b2cddfc,Nerry Money,,
87810cdb6387d0d5b1e7f3,Nerus,,
3c0928bbeca2d34a9da883,Nes,,
e526291a06e0f6fcae3948,Ness,,
8d734fde5ef2782cf33871,NESS,,
37c05ef42bb72b9be556d7,Nessa Barrett,,
2ad11dde57f4a3a10c5c0c,Nessi,,
843eb4d05fcfcd2dedebce,Nessyou,,
0f7f111a55cc91d607a19f,Netīrās Cilpas,,
badcec5e94c509d3fec998,Neton Vega,,
30dde727673079cd5b6764,Neuf Voix,,
7bc6e88a6df15dfc3cb650,Neutro Shorty,,
0526ef32472b02a4ea0245,NEVRMIND,,
d1f6ef68dee7c52feafc82,New Edition,,
f2d7ac70476caf038b7371,NewEra,,
7018c42044945f98d7a7c9,Newery,,
81f06ed15bdddd9a3c67f7,NewJeans,,
f3d22433099bbaf31bb68d,Newkid,,
33376f1a303a7308f5a579,NewLanta CAP,,
4e14f8b558d14bbbe5d632,NEWLIGHTCHILD,,
e9b95a53e2b8ea444676cb,New Music Play,,
6810a1cc40329a394b9d73,New Order,,
2564f70e3ebe970b70fe12,New West,,
d053b198d88b5d1bb38f86,NEXUS,,
97a9ed5091d86117bfa3cf,Ney,,
322f1db4b7d0cf09ccde85,Ne-Yo,,
4ef74bb92fe7d962e6af00,Neyorla,,
fb299fdc554e6b1d6f1e3d,Néza,,
ef12075a074b26a255e9b7,Nfasis,,
bdd2d452e1df79e36f4e4b,Ngắn,,
fbd969d7b4ea163c0d8ecc,NGEE,,
2b1dafb09170a898ee3aa6,Ngô Lan Hương,,
8e0ee0fa27cd11bae63986,Ngọt,,
b618a106c81105c5ad6c3c,Nguyễn Duyên Quỳnh,,
50e46c43ee04f2f812df25,Nguyen Van Chung,,
c9d37204ddee9dbd4ce142,Nhật Hoàng,,
e87fc5b2d6be832fb1408c,NHLOSO KHWELA,,
07e556728e29ff6dc6bf00,Nia,,
54fa4b171d28e17ee35e1e,Niall Horan,,
309f0c0c4e09cc2219acdc,Nia Pearl,,
7a8e2f65c984710847bc4c,Nicho,,
35904c4f02214af8429b52,Nicholas Contreras,,
b7087e3f6e9f109f69d79d,Nicholas Tse,,
c86c38b5403f99a49d3a64,NICKA,,
206852b9306afa2b3c5dc2,Nicki Minaj,,
2f9ead7f4afa2ceb573605,Nicki Nicole,,
72884441ceeb7a8587ea5c,Nick Jonas,,
c67a071b2d547d781a1701,Nick Kodonas,,
e6cb59613997f671f5d067,Nickoog Clk,,
e3e8f2837092218dc2c5af,NICKY,,
19f6af79d76d21f9d5cdd5,Nicky Folino,,
eb022ff8832053a5a95006,Nicky Jam,,
2f336c9622ad4f838634a6,Nicky Lee,,
90cec34b3627f61851cdd6,Nicky Romero,,
fa5480fb7c1b2eb8ec294d,Nickz Beatz,,
95dea51db714c62e77af10,Nickzzy,,
c0d7dfd53e71ad96ddfd7a,Niclov,,
09c4d717215210e3640c9d,Nico Benz,,
5d1e6f664e0e192e62421d,Nico K.I.Z,,
75728fbf4459658fa8c9aa,Nicolae Guta,,
326e3b7ddb94ddd7bcc19f,Nicolay Ramm,,
32c785745d3c161fb3a898,Nicole Cherry,,
b7261dc91a3e17acd09805,Nicole Dier,,
9f02b3f30afda43576eb62,Nico Valdi,,
122100b2a4cd54c755fef9,Nidia Gongora,,
b60215ffe9868fb140bc91,Nidji,,
c326478f5434cf326e9b35,Nielson,,
875fecc653a63476df781e,Nigel,,
be4d00e299929a3e5e5b48,Night Grind,,
d22065e5ed99f1f1764e8c,Night Silent,,
5094325bf8c9af4b6bd11c,Night Skinny,,
f69afcd63d08124943d657,Nightwish,,
ca4d5ac3c24e95f7475700,Nightzoom,,
2c026a34cb35e376761c00,NiiHWA,,
1790343c37f02f445f6275,Niilo,,
931cad8ba1894013838349,Niink,,
584c784951b47828e12c69,Nikhita Gandhi,,
60c903f42aa20e3c01c8b7,NIKI,,
d73b34200aa3b35123d2b5,Niki Guevara,,
e03a20e5573edf53d5b247,Nik & Jay,,
07b0ec26df615f96136b5c,Niklas,,
8285dc21e5575c8ebc7d79,Niklas Dee,,
0b30a6c9a2e1236705baf3,Niklas Strömstedt,,
b0b45be262b7ac07ee51c3,NiklāvZ,,
c184b352b9cf20b86ec2c5,Nik Makino,,
8967be50e33b340ccc6a5d,Niko B,,
64a44d2e44567aa534b322,Nikolas,,
b021a4297d605f8bd7b7fb,Niko Pandetta,,
a58332c122459584d5e4a9,NIKOŚ,,
64b75d8b7a4efd8582a694,Nikos Oikonomopoulos,,
9f6fade81309664e023e0f,Nikow,,
39c256bba2a8ec8b69346d,NikoZPK,,
35f9f18e4a08dc526e5e73,Nik Tendo,,
15d206e255d76762c203f8,Niky Savage,,
4c4f87bc7f869de4e0319b,Nile Rodgers,,
e2089b53bb42906144be3e,Nilo,,
b8112fe88b69559f5f7b09,Nimi Dovrat,,
16094520bfebcdc1393737,Nimirzlo,,
9c852e4b1073c20cb050ab,Nimo,,
c80f27738abd6b46d6c3b4,Nina Brodskaya,,
0dd4e7396ecc8db06d930d,Nina Chuba,,
3e3d8830e7a5b28360448d,Nina Janova,,
2eec7ae38a34dd20da29cd,Niña Pastori,,
a4db2df4d06194a08f5f76,Nineb Youk,,
6f637806b66c5b8a2c949b,Ninel Conde,,
02849a0f8b21f4a46b0523,Nines,,
de573d2989315fb135c584,Ninho,,
7d8f49a3e6342a331f534f,Nini Uppuluri,,
de0d60137d0b3bf65db4bd,Ninjaa CH,,
9b6bec69fdfde7be82d9a1,Nino Freestyle,,
1cf4bbfeae2a3ee8ce14a3,Nino Xypolitas,,
7d96161791789b0e191995,Nio Garcia,,
00adb8818f62ad766e0652,Niphkeys,,
3426d633ca6b362bfe11de,Nirmaan,,
caeb017e858793cfed0832,Niro,,
9d7f3524c0c7a0762bb1bc,Nirvana,,
cb5ecbbe9a5d5bf8fc9a5e,NISHIOKA,,
e6aca965bae0a963405c44,Niska,,
e3f89d86f9f0d7cadc270d,Nitro,,
fd9f9b9a5df47162e421a0,Nitro Blaze,,
29fdd916d3614bc5ffac52,Niyi,,
15267459b163ba98163fa8,Nizi19,,
30b5b6ac8e11a366a1772f,NiziU,,
e22389dd541af625943f34,NJ,,
24495a43992506d0b23c3d,Njelic,,
93d7507582520e7531b264,nkeeei,,
b026472c3bd957f41b337b,Nko,,
88a9fb5cb66eed717ff267,Nkosazana Daughter,,
905a43b6cbef15f1ae9845,Nkulee501,,
2f1465b7c75e81f85781c0,NLE Choppa,,
d2bb252c92668a42617837,NMIXX,,
56a33a4eff9124b4fab2ae,NMW Yanni,,
c43615ee0f0b362ccb310a,NMX,,
67657ea0d3a2503eac7dc4,NOA,,
db1ff954d0a1d0211af5ac,Noah Carter,,
e8dedb948a40d31edd6eb7,Noah Cyrus,,
fc797181ed0a7b38dd8c9c,Noah Kahan,,
bcb3ca5162b2b7feb0bf33,Noah Kraus,,
7a19bf12f91db84f294f95,Noa Kirel,,
63d522ecfd9263cb751561,Noano,,
fdfcd701abd714bde09278,Nobantu Vilakazi,,
51a2475ed51406268ceedd,NOBITA,,
8c366e018c2014242f1985,NobodyListen,,
aa271b94613fc9b81b3207,nobuddy,,
32a2c0733662fcca41a445,Nobuhle,,
e8859ceeea97e1a4c98e9e,nocashfromparents,,
a22e3f13d0754e04be61a8,Noche de Brujas,,
0cc25b606fe928a0c9a58f,NODE,,
b9617fdadf2fd5fc029f04,Noeline Hofmann,,
359c2257bc907f39851ef2,Noemi,,
a93e06920d7f247c7544ef,NOËP,,
4d19bf1bf547862d42fbca,NOG,,
ca87db1e92d6c6c055e626,Noga Erez,,
38feca95a01685d139f857,Noh Salleh,,
e89984526d7c33805f5589,Noize MC,,
c801515eaf2597a57cbf05,Noizy,,
b80aa9d0e922d8ee54b2aa,Nokwazi,,
c9b0872391b322a2eabe82,No Limit,,
dabdb187cf36af90bf610b,nolovemoxxie,,
55e4258f31a94cc11b8694,Nolyrics Beats,,
fdbbd19ff9c5f110a85b36,NOMAKHOSINI,,
235fac4b04b3166a31cab7,Noman Ali Rajper,,
298585c366e33b1a1db028,Nombeko Auguste,,
3cf333a08083951399230d,Nomcebo Zikode,,
949d63db7595cbceb855e1,Nomfundo Moh,,
0ea3ba873685882f1aa6a0,Nomi Tales,,
45a2ae9009cd68c880f00b,Nomovodka,,
8f45f48bf5cc318d473b7b,Nonna,,
f36ac8e671d85646e5f39e,Nonny,,
247d65e340fe23dd44b081,No No Girls FINALISTS,,
08b4810ee8381fca422e32,Nono La Grinta,,
d635c51506358fd53e2a99,Nontokozo Mkhize,,
4f343a1a5f0dc0d38de3db,NONT TANONT,,
3634d26c7f4ec1ce11e323,NOON,,
0c456e27866f4aea658b88,No One Else,,
8928eb184b6e07a9f607c5,Noo Phước Thịnh,,
8ef07e1b5494dd98b5e4c7,Noorkumalasari,,
d41e8bed300b2a9bb662c9,Nora Bumbiere,,
ab2520814e36a3888542a0,Nora Fatehi,,
a58134baf261e0dd0a98ec,Norbertas,,
d6709f85fb197d7d7b0cdc,NORDO,,
8c7832e7acf4c1c73055fd,Norel,,
5deeb088aa3c75bb5cc1b1,Norfafrica,,
fb10803fd05fa7470dad56,Noriel,,
fa72c05b49a675e18b971d,Norlie & KKV,,
78395612a4b21cbb678d10,Norma Helena Gadea,,
3d6922c5fb24935b479ee8,Norma Jean Martine,,
b84eb146e75c56465d86b3,Norm Ender,,
a63456cda7d423af76c6d2,Normunds Rutulis,,
9bc645a1f0e7381376e14e,NOROZ,,
df942a73d9c99f1f5d3ffe,Northkey,,
52f3e90e1282312c8302e4,North West,,
6bb0ce7e7e934af769c3d7,Nory Dolla,,
3d336fe72dd540e07508eb,Nosfer,,
f496f9c80345c7838952af,Nosi,,
c1cca6c9228e792fb189c4,Nossan,,
e594b8be8b0f1ae8badc0d,NOT BAD BOY,,
9264bde5e468fbbe1c85fd,No Te Va Gustar,,
151ed8399295ed5890e1fb,Nothing But Thieves,,
54cbab3f21e65041a5bf2d,NOTION,,
4c53744be52d78fc628ba4,NOTO,,
2495298b8a08d5cff6f860,Nouamane Belaiachi,,
a0cec7662cf74417f44f74,NOUA UNSPE,,
ccbc1770bb10486495d127,nour,,
0fde0a990ab64c1a135356,Nous,,
8e8579c7e40f0d703c85ef,Nouvo,,
9b4caa54a993dbcfc31e06,Novatron,,
9098f2fb7d310df3e47c57,Novel 729,,
147b3f543533d135ace1ff,Novet,,
a2ad9149e95779a41e9162,Nov Peled,,
28a19c2e1f70f1d39a7345,NOVR,,
845b94c1822680cf8a53a9,Nowe Rozdanie,,
45f7e20b533ef5c137b9f4,nowifi,,
36b0776b4d3302cc5600a9,Noyz Narcos,,
3a869dfcb3da85a0ff7c46,Nsqk,,
55ec42741c303bfffebd1d,NSUT Xuân Hinh,,
b968a9b7ce2a374b178b80,*NSYNC,,
fc595ccf8c225cb0f52f26,NtaFos,,
de5cf65f80f79f2d38093b,Ntate Stunna,,
7cc88a8041c532386cd618,NTG,,
d4558334dce1a32349b2ed,Ntò,,
9479549a694856dbd420ab,Ntokzin,,
917fbcf43d247810ec28ff,nublu,,
bb9cc5c7a6cd197f42ae22,Nueva H,,
935baf651806f70a587c95,Number_i,,
6788a1dd6984ed92064417,Nune Aka Mr. Propane,,
c19f2049611fa1a077eb50,NuNew,,
0151aa7ccbd44b2408caf0,Nuno Ribeiro,,
67fc82f2c9a4338f85bba3,Nuppu Oinas,,
e626541274293fa690b498,Nuqi,,
794c4defdf2065e265ce64,Nuricko,,
734c154b29731f2ec4ca5b,Nusrat Fateh Ali Khan,,
cf903cd5bc47ba86c25162,NUSSUN,,
ab1dc710c2a69fedb54192,Nutu,,
48c0349ad98136af5e64d2,Nuzio Medeiros,,
1fa079bb1225784fc3e0ad,Nvcho,,
35c21e0ed272143c202467,N-Vitral,,
16cacbf61aa2a63cc3e046,NWG Suave,,
3b9c7a169ba32335158c11,NXGHT!,,
a6ed48b081d3c00f5cf7a0,nyan.mp3,,
18976ad7864b44feecbfcb,Nyanyian Ramai,,
86ab4f7e2b9d47609ed4e4,Nýdönsk,,
28ad6e896a5ade5f3f174e,Nyoman Paul,,
e6361bd63b1c575bf43079,Nysix Music,,
0454236a66b299894fc9ee,Oasis,,
02254216324801a8211731,OB,,
7459b37a13a7c0cee9980b,OBEROY,,
ff15350a92312bf16ee25a,ObieDaz,,
212f5388feccb4baf1e8b2,Obito,,
bef67684a23ff6f0dd6fc7,OBLADAET,,
3f59083b9fe8961799ce33,Obongjayar,,
6b1c555dde7a380af9c373,OBOY,,
4b6ab3eee77d0ac08e99ff,Ocean Alley,,
6deee24d22658db0aafc42,Ocean Biller,,
e5e335f90039876806cf03,Octavian,,
f9fb9f717ce3cb78b7093b,Octavio Cuadras,,
3349bdbf45ca5e9f320157,October Monsters,,
c7bb421a5b305d5ef33633,Odd Nordstoga,,
abe1a2ca3645b0d21abb22,oddworld,,
b4d2d24194beffd34b9949,Odetari,,
215233a15cf278e3e0fee0,Odeya,,
644311b63b607133c989d7,Odin,,
8dc097878c2df49d6c8b55,Ods,,
e91d189f2d0127a56da550,Odumeje,,
fb03ebed9b20c43a9b8924,ODUMODUBLVCK,,
0646fdc1a0f0db8f38c4be,ODY,,
974dcbc6245a7b572dff4a,ODYDOZE,,
25f660796ab35d634ba960,Odys,,
e607c36b1ca64ed884cb59,ODZ,,
919e38c2854c93339af327,Ofenbach,,
0fb1bdfd1ee14d896521e9,Offgrid,,
d0d3d3b087acd4b3411916,OFFICIAL HIGE DANDISM,,
6dd0f001896177424cbb99,Officixl Rsa,,
49308042f629d7636bde2a,Officixl RSA,,
c7c81e2061e2446c05d908,Offir Malol,,
dfd0a82c4bf37b1e90b690,Offset,,
0cf578c8c1c44b3114494c,OFF THE BOOTH,,
48d125fd61e1a9e3e79627,O.G.,,
e51e4e62e7f9d9563f277d,ogbanje,,
4b620a343c58438e1929f0,OG Buda,,
8d611bac082cee75aafa4e,OG CLIQ,,
327619753fbb8b1ab59873,OG CRY,,
ae3776f95a514f66d94d22,OG DETRUYELO,,
884867c835e1628d4dba2d,Oge,,
9a2f87ac9b877edb4d9d85,OgeNus,,
ff9aaf1f8b34de93a1e3f9,OG ENZO,,
afc5ec4748daeaa80c8516,OG Keemo,,
12a5f4adbaa60b2d971b7a,OG PAV,,
42acf2eb263d0b62d978d7,Ogryzek,,
73659af7b2a66ab5eeec20,Oğuzhan Koç,,
da6d8e8757dcb5f37c28d8,OG Version,,
c2e9d8676e3948e4a556a1,Ohad Cohen,,
aa2d4e70e47f18d89eb9ae,Oh Land,,
6d5230e30844cb948412af,OHP Sage,,
7d3a4eb584092074971827,Oimara,,
acd026c631d2198a2c4583,OIO,,
10d384a71f6045d4ddb97b,Okasian,,
8457229020dfebf39096fa,Okean Elzy,,
b78d3438f9b4c8cca87534,Okenio M,,
e9619561af4f8c522aebc1,Oki,,
1f3bd7db11f2870143c502,Okmalumkoolkat,,
be3ba093ddeb4a0a4ae1f4,OKS,,
d1a0da857dd1971e58c209,Okuhle,,
8e4f8598db2bfcf40f0839,Ólafssynir,,
1e5b32b1a4c11bc9cd0080,Olamide,,
e525de9fa5bba04780fbad,Ola Nordmann,,
975e692faf9c2bdf9e36a7,OLAS,,
9793180cd3be10bb29db8d,Olavi Uusivirta,,
6b7c6c9b55f8ab64211a53,Oldilla,,
33b000f9b388ce2be59bdc,Old Jim,,
7c2f6fd39c27f6e5cb65bb,Oldtape,,
034a85f720f5980faa55c8,OldyGotTheSound,,
339c7390546793bf31616d,Ole Baldishol,,
b6f70bf051d1a8499a15f6,Ole Ivars,,
ab02ead9e3297f71bd6034,OLEK,,
57c363e605943c5a311d43,Olew,,
71951f7f668ed41415a997,Olexesh,,
325c527194b1601b3afb92,OLGA,,
b93986e81d0a4b93ac5482,Olga Buzova,,
bd195ab9b0caa84380cc2d,Olga Lounova,,
30861e5a1a3b1d5c0f17e2,OLG Zak,,
be435f2ba192ff64b1e155,Oli,,
cbfff52d56c3053bf0158f,Olivar,,
c67ec7de540453dac8413f,Oliver Anthony Music,,
c49084e33dab1b0580b901,Olivetheboy,,
8dc66e26925383b4347c33,Olivia Dean,,
9e00aa07a89afd63bd1377,Olivia Lobato,,
90e00d7c37bbb18fc635e9,Olivia Millin,,
fb62c606c69c787db579d7,Olivia Ong,,
8358aaf28c0b91ed308fd1,Olivia Rodrigo,,
636af749757d77538561a1,Olivia Wald,,
ad435a30c202eb252418a9,OLIVVER,,
8ca5859ce7692711a25d96,Oliwka Brazil,,
d0f3108c2404a7d607fa00,OLLIE,,
19687ce35a02e1553bbca0,Olli Halonen,,
696f33323d904432720bc9,Olly,,
2d9d47acf84ba546c7c7ca,Olly Alexander (Years & Years),,
dcd1491a6d7e008845beb5,Olson,,
8bb71f29bafdcb77e74090,Omaan,,
54f02d8550a99fdd17268f,Omah Lay,,
f56aa3b1be3ba3c5b4b81b,Omali Themba,,
a3b0d8be3bc69a1c348a6f,Omar,,
e7e629f599eb123eb57254,OMAR,,
cb1f6c4af642da9b4f602d,Omar101,,
e6b1df169a923769f53f46,Omar Acedo,,
bc96629020c00697eab907,Omar Arnaout,,
58702c804a44c85fc0c69a,Omar Courtz,,
affbe79c272deafe5b6423,Omar Enrique,,
d2ee26b8f9b36b46e0b5b1,Omar Geles,,
034df40714c13eee858b60,Omar Id,,
4868fcae4ed2a068098958,Omar Keif,,
af1ea7721f4012233965a3,Omar Montes,,
851b4fb234066b26918990,Omar Rammal,,
9bffba7435db90f83f712e,Omar Sheriff,,
b13352567b7a5afef26c76,Omar Varela,,
62a80c9180fed892714d3a,Omdat Het Kan,,
39e25ac3d737c46452305e,Omega,,
f700cfaa62547dd254ffe7,Omer Adam,,
c41ea3e45a9bc147c03b3e,Omi Hernandez,,
904f2c40fba7889a1d2953,Omit ST,,
335d3fcd0e337ed3fe26ec,OMIZZY,,
5731c68136e69eb4d0ecbc,Omoinotake,,
ed1827ed346109440bffe9,omppo_shaaki_,,
5976a1983ba83ff0c300be,Område 69,,
4fb47680bd4c62c6f20c86,Omri 69 Segal,,
7e6fcb544b849ba6dbfe4a,Omri Sabach,,
0edf61b3a2439422386206,OMWAWES,,
f71f32540ad6a7c94bd69c,Omy de Oro,,
6d0ef95765000b48a6134b,Ona,,
405c23f3acec1e7646a4cc,Onad,,
84af5cfa864b2ea014f5a4,Onda Sabanera,,
18a2049a4380c6ecc632aa,Ondřej Valenta,,
88f80198047620cb1a5bf1,One Direction,,
a9b7830d8d3c410d7857e7,Øneheart,,
1ee02fa43770ce4e7a2a98,One Lyon,,
faa8506f9b50726f27c69d,One Mojo,,
44c3e70ac06bf24868fdd4,One Morning Left,,
507643ab4ce68db4c52cf2,ONE OK ROCK,,
a412b8f477cea72279cc7b,ONE PLAY,,
d7e3dd80f6f0f13230cd1d,OneRepublic,,
776e3c61962d94fd574552,One-T,,
f5f81353aa4db6fbea53be,One Two,,
0b58c6c7a42d8d7802e0b5,One Way,,
11467abb23ce4ac210b25e,ONIKX,,
97f24c0d6d5181224728a8,Onionn.,,
f86b0af4fcc89d056bbddd,ONIRIA,,
2e059b6106cf57ca81f707,OnklP,,
a096f263a33e8860fdb71b,ONLE,,
b6bdef0326067813f0e04e,Only Monday,,
4cc6ab55c49d104200c76f,Onthebeat,,
3fc0f103f6977a659597d6,On The Radar,,
acc2e83cf8de325cfa8adc,Onur Mete,,
85bae5b4954681de0b05b5,ONUY,,
90af5756b8e7a5168f7244,Onyx Creacion Divina,,
379d0bd40641da3592a4be,ONZY,,
b171fab0e2f3e59d46578c,ooes,,
53620449d9b8a0e938d33d,OPA,,
788c735e1b4e8b174797a7,Opał,,
a7be6926573b3a470cab61,Open Mé,,
5f96790d4c0b021fdcac73,Operación Triunfo 2023,,
62e37930796f28275bfb4f,Ophelia of the Spirits,,
eec4cdc49c405fb01bf298,Opiat,,
34756e1182e3368254a868,Optimist Music ZA,,
f132f54e911e7ae3271289,Opus,,
eabd47bb9dd2b05bf06263,Opus Pro & Alex,,
909cea0c97058cfe2e3ea8,Orange,,
8ea06e1f72332d764c99d7,Orange & Lemons,,
6ebc8e96078bf3d71642c7,Oranžās Brīvdienas,,
f59bd12742c81746c981df,Ora y Rami,,
bfe0e93609b0dfda762d08,Oregon Kool-aid,,
23e5760beece0da6267980,O REI DA BATIDINHA,,
cc47cd58c237fa1d22abc2,Organize,,
c3408718e2f9cbeaf9d99d,Ori Ben Ari,,
c33a8845013f3867e1069b,Original Gagicx,,
e6aaf728c38f281812502f,ORIO,,
1084b1f9da5c80ad7c738d,Oriole,,
abdc885c149fb28350b936,Ork. Salih Hamburg,,
5c896bec1a4f3dd63a4b3b,Ornella Vanoni,,
3abb17f66d3fdb2bfc5998,ORO600,,
547198dcaf88574a489dd9,Orochi,,
5db4b36d75b66b83a6050c,Orodembow,,
d6aa98bfe94f25f8b09a42,Orquesta Hermanos Flores,,
77e892a0f47829346ea716,Orso,,
4b8ecf40ca5cf56b894bc5,Ortiz,,
cf1462ebecd61e6b0998fb,Oruam,,
f3641537e6b57cbe2c981d,Os Aurora,,
364fa5ffeb4f67aa1db2a3,Os Barões Da Pisadinha,,
48a0572e6e7cfc81b428b1,Oscar,,
5157a1a4b5728ee17d9fe5,Oscar Athie,,
03b641f0eb82c9bf7dde96,Oscar Blesson,,
b2af3699f8a75a15c10ae3,Oscar el Ruso,,
510f0e0fdcb8baa466a964,Oscar Gilmore,,
d60c22736967b28e0eb3ab,Oscar Maydon,,
def6e1136da4e67fe87076,Oscar Mbo,,
5cc88e753621073de2b0fd,Oscar Ortiz,,
4408326b7cce9e5ab2a4e4,Oscar Yuan,,
4fc3f09ad369f60796938f,Øsen,,
66808d99d71be5a9048105,Osher Cohen,,
d022fd97c2c021adbbdcbf,O SIDE MAFIA,,
afbd839602123ef93d3d74,OSII,,
def91b36c6c5e6d9f0adee,Oskar83,,
b13c382b5f732afd4a34fd,Oskar Cyms,,
d90bc5aad8c83fca8fb59e,Oskar Linnros,,
2022fb4d9bb5926489d603,Oskar Westerlin,,
30d1ce2b33e0091857afea,Oskoow,,
a9a171e741e0daea1816c2,Oslo Gospel Choir,,
50a66037ea2cc1debd5796,Osman Música,,
fd56a83a424bd3ac78e8dd,Osos,,
246459b40b55fabe4cd4d2,Os Parazim,,
24c1e237f1264b514bbed3,OSTY,,
2643976ef296327f455a73,O.T,,
19d4d7203272255a379d7f,Otis Redding,,
4424211928137118a82f64,_OTS,,
5e0e60caae359d7fe4c26f,OTS,,
8d55be72a723816d38e1a1,OTSHA,,
7cbb8ae5484562b60b9a7c,Otsochodzi,,
5d76b4ee7ae1b9af845477,Ott Lepland,,
846ebd7315632b4efd7786,Otto,,
b9eb3dc8f6f2ddb017b0c3,Otto Knows,,
97575656f3f8aa5847ade9,Otto Waalkes,,
ecd5c8f9af1e9cb43dd9d4,Ótvar Pestis,,
d79834686e00d20f48b294,Oualid,,
695f61fa1f005062c6000b,OUENZA,,
e4db5b255d69b108e39c7b,Ouidad,,
1271b29b033de6aaacb18c,Oumaima Taleb,,
803cfd29f282a34053c154,Outkast,,
e4216f301e1fd8a87ce5c5,Outsyd DJ,,
3c7f33082882a2fa295ec0,Outsyd Eddie,,
1433ef0643fca74d577d05,Ova,,
5c5a747c1048b496ae19fa,OVE,,
ff2d46c4b03b9e04a8db1e,Överi,,
94918e550e25ede891e9f4,Overmono,,
c023319773c67a3eddfb3b,Over October,,
cd3d39c5ab20e7d0acef2d,overrated,,
feda4449ac16e6bd6e2cdd,Overtune,,
fa6e8b832026a1cdcd1b1d,Ovi,,
f65af4eac8ca37e8cc23c9,Oviña,,
0f40470d344077d5d57627,Ovy On The Drums,,
cf4a1ee42ba1be6b66b1b1,Ovyze,,
af0bc706fca5c47970afe7,Owen,,
8336f97b309cb8a4985653,OWO,,
25d7ababda79c1d2490c5f,Oxide Muzik,,
8bd7bd87fdafd747dea707,Oxlade,,
3a1cc1445aa16dab0d538e,Oxxxymiron,,
419ffc253c80eb3593e307,Oya Baby,,
0055f31ea5cf4ada6c8e64,Oykie,,
85454f106a1146a23a110c,OZ,,
9f4e7183cfaeb636cf2400,Ozan Bayraşa,,
e6a076ae3b42d284f10dd5,Ozan Doğulu,,
47a5cdf20ab781982880e1,Özcan Deniz,,
bed95cd1fffb55d60b7d2c,ØZI,,
8e76b5f6396178024835d9,Oznikovskii,,
ae127cca99f700d5590982,Ozols,,
efbd8257292fc81dab0112,Ozuna,,
e139c76dc8057155f9da69,ozzy,,
7bc3ca68769437ce986455,p3,,
06f6a489209115c5cef3f4,PA,,
1ca78bff73220ecdbdb9c6,Paal Dabba,,
94e606691d655d251164b6,paashee,,
cc95cc76cd6243609d8fe2,PABI,,
56e7c4a20188dd665c7e04,Pabi Cooper,,
7067ea967b7e006f5cdb98,Pablito HC,,
d5959d330f73273625d47f,Pabllo Vittar,,
63fb1088241b0acdd7987a,Pablo,,
c0bc3e56fca479381bc941,Pablo Alborán,,
9d7d303cb92d2a82d373d0,Pablo Chill-E,,
fc479575df3934de16abf8,Pablo Paz,,
2b9558e6e26ec59d82bfbe,PaBrymo,,
adca6a0df0e6ca21b1e9ad,Pachuco y La Cubanacán,,
bf849973589fa96e98b885,Paco Amoroso,,
c23a15873b4d5b89b36133,Page Four,,
eab8be2d24090a21f52c65,Pailita,,
5ca05b4a20426a852e8c78,Pajel,,
c8dace3ecc8d4f10375752,Paky,,
33ad227e12ca577314485d,Palagin,,
69bada9871c0810272ae1d,Palak Muchhal,,
9b03a00b5f35287523980e,Palar,,
356a49659211d5d02b5964,Palaye Royale,,
8191692ba6c002b14b0754,Palermo,,
e7a63f2abe33fb422cdb57,Páll Óskar,,
bbc50ad8b6ba7857b733ad,Pally-J,,
b62345ed9748f0f1309d3f,Palma,,
d063c8b2395a2a2c2dda8c,Pálmi Gunnarsson,,
9bcd4a5bd6f258cc28ff99,Paloma Lomax,,
95f5e7dfcd06fb160932fc,Paloma Mami,,
f118139c4becdb1f3e1f3a,Paluch,,
258e7f7054c1e0413566ea,Pa Monday-Edo,,
9029d46b491d1e44099c98,Pam Rabbit,,
0689798dab57014c8d7c67,Pam Ross,,
a9b282f15956a460f4fa11,Pamungkas,,
2a4d900c0c93ec824ae392,Panamah,,
5e4fd4f6cec8fadead1fe5,Panda,,
5fdf1d4ea88d02ad5e0fcb,Panda Black,,
f8f0376b12d8be7aa3cb91,PandaPanda,,
e55c220b7d0f2a4f9e6a8c,Pandora,,
920cc37a42c311c7d61c83,Pango,,
f04c92bd11c06ba36efd25,Pank,,
33312b25deba2013d40462,Pann,,
808131c5cf326ee5738eb9,Pan Pan,,
dca192c60ea9b0e3985e44,Pantelis Pantelidis,,
ddec7dcbecc3309bd83743,Panter Bélico,,
b613db598d30d00b9cec0f,Panther Chan,,
dfb939c9af066ec46e3917,Pan Xiu Qiong,,
efbf6718dfcb00a42c3771,Paola Houghton,,
e1ae1b54ac002b3f41694b,Paolo Nutini,,
d2c87c4065fb62ddbeb935,Paolo Pimp,,
c5bd1ba18752a1cd7f5f40,paopao,,
8d7fd0b00ccca8988277c8,papablessbeatz,,
69b559e7e3ec588b884f69,Papa V,,
16b246b85c90420cebbde3,Papaya Dada,,
9d262fed079aeacdab94a9,Papera,,
f79e2752bb6ca0f5f71250,Paper Planes,,
ed5ae24df1d9dfe1e3dd4d,Papetas,,
36ef4a8ab268d1a1c74d81,Papi,,
b8cf257695e92e3b8b67b7,Papi Hans,,
7dc8cc423ffaef1a2c129b,Papii Steez,,
bf4e70fea6236cca7a5867,Papijay Fresh,,
46bd80f90daef7ad4b63e4,Papi Santana,,
d32e31f1433794c8f3004c,Papon,,
d684330c767273f91a4626,Papy Crish,,
af537d0d692378eee073b1,Paradox,,
b997e9e57deefb9efd06fc,Paramba,,
55c4bf659794f20eb81270,Parampara Tandon,,
ec36c76f54487d1697dfe9,Parangolé,,
106f41f2eae9d2b6587923,PARDHAAN,,
dd88b5fe7a55cbd7250862,Paresh Kamath,,
7bc6b78410fdb6d2936fb3,Parfeniuk,,
57b142b4048a3384efbfe7,PARG,,
8b91963ca9dcf0d517e1af,Parham,,
922e7f296a97f5ef43d6ae,Pariisin Kevät,,
ef860caa8e3ce3db1f7c1a,Paris Kalpos,,
8de84558c50ef8d91c9809,Paris Paloma,,
d50df3d5462199c546dbc1,Park Hyo Shin,,
764be0dce0b995d083dc9a,Parkmalody,,
3fede40d82616a494ed16f,Parmish Verma,,
d26b8cdbb4ddd38b91e73a,Parno Graszt,,
4199ceda59762c6309c6e1,Parokya Ni Edgar,,
36e1e77b5b2c10054ef213,Partenaire Particulier,,
79c94267474719dc48e7c2,PARTYNEXTDOOR,,
5576e64b459dd00fdf4706,Party Tyme Karaoke,,
1e57ceb39b9a4c1501f70f,Pasabordo,,
ca693a8ccfa2cd3464d532,Pascal,,
621ef5deedfd7184151356,Pasha,,
23b8b95b333f3fb83ec209,Pashanim,,
45c76968f5ebacdb44d301,Pashata,,
7bf7f375155071ff3c141b,Pasha Technique,,
9b18aa8d5a9356f467f655,Pasi ja Anssi,,
e26ff134299d41c3a563c8,PA Sports,,
38ffaf309a4a6386cf8e02,Pastor Lopez,,
3fb4d16ccf4ab3c7d085f5,Pastor López,,
a2f1e10bd5e08ee4c51e22,Pastor Lopez Y Su Combo,,
4adc737cece8af0b6ebd38,Pastor M Tshabalala,,
7a56e013f279982bbeee10,P.A.T.,,
bf21c71fc1feac626b128c,Patent Ochsner,,
bc4a2a648ed1e5e28a62a0,Patoranking,,
3ffeeec8c59fc26dd43d73,PATRICK,,
e273e4855216df2a347377,Patrick Brasca,,
88c95a1b1e03a6bd002e55,Patrick Watson,,
8beaecdec0514c45b96de8,PATRi!K,,
8f740fec4fc51879c93838,Patrik Love ICY L,,
3b0b097dca140258dedc89,Patrisha,,
d27e887d67cac07882dbe7,PATR!K,,
ab2b7a3ae0169de95e4bfb,PATROL HF,,
08f08ca9d9e30bbbd568d8,Patron Hanzo,,
63e0c73c037fc24aa3970f,Pattesutter,,
c9e4e2971e38b9e2a22ac0,Patti Kim,,
c13e13da2073260c2194c1,Paul,,
cc3ae332547566562b97d3,Paula Biskup,,
b804f39042033bdc76d7bb,Paula Hartmann,,
4fc85ce0e32fbcb876a481,Paula Seling,,
385eea9f20e5a79df3245c,Paulina Paukštaitytė,,
011550a386ee94761926a4,PaulK,,
0a4a41f2793fa6580f1c9c,Paul Kelly,,
cd0f351849efdd5db21409,Paul Kelly & The Coloured Girls,,
d8a5441817b1822522ccbd,Paul McCartney,,
0d6171e55f0e6de68583d1,Paulo Carvalho,,
382cf03406afc19feed40c,Paulo Londra,,
ee53605b94e64eb2aa96d9,paulomuc,,
84c919f21baf69a0d5c3cd,Paulo Pires,,
30588d8cf2a3f4b76ec199,Paul Russell,,
4f3fb1bbf0541bb4b83758,Paul Thin,,
b88b7e62973e13bfc9bf90,Paulus Music,,
105b296a83f9c105355403,Pause,,
7ec04363a02d03d7dbab1b,Paveier,,
589a39d9bdc03b3f4e153f,Pavel Machát,,
90ea7a107c26cc3d54bc57,Paves 16,,
52de2af99fe2aa69169050,Pawan Singh,,
4ce48ae27bafc95425b7ef,PAWSA,,
c1abfa9d87a9a004970186,PAY,,
69f27edf1df8f3f083e15a,Payal Dev,,
9ec8186f7b42c5ed2c3c1a,Payung Teduh,,
2b5a022903dbe949103c8b,Pbxn3,,
88dba0c4e2af76447df43d,PC,,
a5619618c4305f7be9f4e8,Pcee,,
26ae31c89ad559d6c0ad6b,PCK 97,,
9a3a24f041bbc4bb0ba33a,Peabo Bryson,,
c4bf2b9d2b338d50fc8382,Peakboy,,
fd67e7337e4b3f581bad25,Pearl Jam,,
8b4b279e1904c54e5fa2a3,Peder Elias,,
285b5c6fd1690166b1142c,Pedrito Fernández,,
d5182b6b4ea42d5e7b47e3,Pedritohp,,
38e2b2e31c0fce9537f735,Pedro,,
a98e491a60b720cab98ed9,Pedro Aznar,,
c0558d2dded4dd0c86e4aa,Pedro Calderon,,
f403724cf6a3eb5ca34536,Pedro Escalante,,
3be1a261602234f591bb37,Pedro Lotto,,
14db052169a015c5315eb9,Pedro Mafama,,
cb6ae991e6b4ac09c3b9bc,PEDRO SAMPAIO,,
bc6fcbdcdeccfd2e257051,Pedro Strop,,
c072bd885bbc4bf39bed4b,Pedro Suárez-Vértiz,,
3399f86245a1e2e0bb7893,Peer Tasi,,
06eece56ce710b387b4b11,Peggy Gou,,
e78a26b67774850d9bc8f9,Peg Parnevik,,
ec0b35d4554ca87aaa18df,pehmoaino,,
68696b483ed6f6dea5112f,Peipper,,
7d528178aa1cf84b8d3c70,Pekkaxi,,
a5a78dea56f6013d7ce0e9,Peled,,
a6d15caf7e8c9d203af5aa,Pelican,,
91266af6eb394bf8af4b01,PELLFELL,,
793945c00561ad7fbb2452,Pelvis Presley,,
65670ac6084b9b9c1c12de,Pen Gutt,,
8b76a96fbc7fb41cb134a8,PENIEL,,
47dc3919caaa0f4461aaa9,Pentatonix,,
13082f2151e6e700355b8f,Pepe Aguilar,,
edf6db3be494ef1ad7e47e,Pepel Nahudi,,
1b57c1ca3999e0f3adabb4,Pepe y Vizio,,
8fa32784f5c734d8c31bbb,Percy,,
3117adad6b1b33f37234a1,Pereiraremix,,
8c91cecf080bd91c62f20d,Pērkons,,
b31c5b22e97a97c39ff1a2,Perrie,,
2ff1f02230d9e5466eb70f,Perro Primo,,
1ba4e5277540d6a4a99ce1,Perry Como,,
611ddff35081f1409257d2,Peruzzi,,
2127be0141aa5a6011684e,Pesado,,
27986c7d4560fe168bcc03,Peso Peso,,
f182b303d339c7ded1b5fb,Peso Pluma,,
67201d6db15857eb8d86df,Peste,,
0d37f83bb72dc709eb11bc,Pete Parkkonen,,
972a641a1a1baa62060078,Peter Fox,,
a10591c814b2c0830c23b1,Peteris Upelnieks,,
90c57d82887b7ce99304fb,Peter Jöback,,
7f9ad60402f07c67fe73bd,Peter Kutka,,
13b4a27ea158a1c7467a6a,Peter Nagy,,
44f5d121b2d3936bbc1686,Peter Pann,,
dbef845ca04aaf3a8a48a5,Peter Plate,,
03e2714da0e35ab70558a9,Peter Schilling,,
59c24b264926169234ebeb,Petit,,
1c6da9658f6fabc92ab8ea,Petra Marklund,,
5ca55a08540ede4d5cc3d9,Petre Stefan,,
d6c8238f372eeae42039a4,Petri Nygård,,
3faeff3686917936e7411f,Pets Tseng,,
e5f5401e176f0298743ce3,Petter,,
bc55c05434dc9221a78be1,Petter Ferraz,,
a11184984d31017e8b6992,Peysoh,,
3a430047b8f4435e5409c4,Pezet,,
9231bccad2b3ad2ffc6660,PG$,,
ec099555575baa009fcb4c,pH-1,,
d40b27bdabaa50be4c82e7,PhabloOn The Beat,,
d6efca87c35ad71be7ad60,Phankeo,,
de91839d6acb79b147de2a,Phan Mạnh Quỳnh,,
3ed4f21534aef9c2f69aa4,Pháo,,
0cfba91c0a3139d4a4ed0b,Pháp Kiều,,
0ddb78807b616941d9de35,PHARAOH,,
4bc632b68ff2c5a59e7064,PHARI,,
ad0a875c1dc9d9a7538763,phari(en),,
23a2193a36b72b1eba98b0,Pharrell Williams,,
9698537bf327548bf26f61,Phatrax,,
251ec5e38fe908a84aa2a6,P.h.b dah Theza,,
3dd6db63faf8dd4dae469d,Pheelz,,
44325495cfef85cde7e321,Phemelo Saxer,,
ca8a3c228fe614d9c0d181,Phen,,
31ff9e5e90db121019602b,Phiec,,
2d4d67493b3fd10b16129a,Phila Dlozi,,
5982ff844fe97b255eb0ef,Philharmonic,,
f7f861681aecb18f4c96fa,Philippe,,
ce591d6cf0e5888d96d3e1,Phil Jay,,
dd5d95fdec65356fa9c56e,Phill,,
e58bdc5161a07b5ac6384d,Philly,,
cddd6f3f1ee5914efd6471,Phil Phauler,,
5ef550d3acc35348e1afd8,Phil The Beat,,
5047bc596a4bab2dc7f7c1,Phoenix,,
e9245137482c25f04cbfe4,Phoenix Rdc,,
0b90002a5649ff226a31b2,Phontana,,
cec737af01cdb2984652fc,PHUNK,,
26660fa12133223e65b3b6,Phunk'ill,,
39488fa7c5775d6db76614,Phương Ly,,
48ad0467707e7358fd067f,Phương Mỹ Chi,,
5a2ce49de6fbb60af79bce,phvrien,,
8c57bffeecd23197cac650,Phyno,,
16de5c04e111c45f647beb,Pi$h,,
ba1d509eecb35ed4563502,PiaLinh,,
ac21c5a8e89bbcda8f3c84,Picture This,,
5189f00ac42fdc44af3840,Piero 47,,
7780b37a16f6a461a5c38a,Pierre Garnier,,
4c11f20700de24032c566d,Pierre La Voz,,
5d31f1d6aa9606ec2f894a,Pietro Basile,,
458f84f2be21dc98f204cd,Pihlaja,,
2f87e884308c324de6223f,Pika,,
50c6a8415935c34f78e6be,Pikku G,,
fa8b76e1f658f4e9a8ef35,Pil,,
f8ed15db64b8d21efd6a15,Pil C,,
714c8b0b98e0b1cc39cda2,Pil Chill,,
e426f7b793820bcbf997ff,Pillao VRT,,
fa6566440f92538dd052ef,Pilsbury,,
0c9b5400bf4ef7dd7ab565,Pilvi Hämäläinen,,
2d614c1386d71057e6d0e5,Pimmie,,
ded7823970c0b8b42e4430,Pineapple StormTv,,
a61039b8ffa9fc3bfdef50,Pinguini Tattici Nucleari,,
3196b508ebcf22a48827f6,PinkPantheress,,
c43105195693f9725ad2c8,Pinky SD,,
16918f71f9a2e2542416c2,Pino D'Angiò,,
adbe0e620335d30512d198,PINTLICH,,
db27b50e09b29fc60c1682,Pionieris,,
4d85dcc64af57d156ab4bc,Piotrek Lewandowski,,
f39a34c31d34f89604b41f,Piotr Odoszewski,,
a9e19256a8268b81b6baa4,Pipe Bueno,,
d109cadf7a67a1d0a70e7c,PIPOKANDO FLUXOS,,
b36e0b09346f5488b7bd50,Pirlo,,
3451e179833b6e7e3b2422,Pisada 100 Limite,,
b38159f7a0635d89093684,Piso 21,,
882537b7e77e032565e486,Pitariu George,,
945ec354a9710c53c2dea1,Pitbull,,
2911350c68a428a9330591,PiXXiE,,
b00b889b0450b39283b0bf,Piyush Shankar,,
4832888605910abd1834f5,Pizzera & Jaus,,
2226fe6a5bea7ba07c003a,P.J. Powers,,
6fa9ba098ba19ee3a3db7e,Plan B,,
9f6d559f5fdf8c5395838f,PLAVE,,
79030867413adea98893ff,Playboi Carti,,
2043125d8ce38e397b76a4,Playmoboys,,
06a58f7ab647637cdf7797,Please!,,
0d0ad024d91b38e3cff74d,Plenty In The Tank,,
6773fc7450dba2c8565479,Plested,,
52833835965f22dec4ac35,PLK,,
a2504c7a2bc1fe91cfd578,P-Lo,,
d12cda4c14b706879c5958,pluglip,,
e5314072fe84ed5debe001,Plumbo,,
b2e1d0e45330ea173f2791,Plutonio,,
8ccd2ef17cd2e539d827c5,pluuto,,
e228b44c307dba275bf52d,PMMP,,
ac28378e7d3e71368ea689,P Money,,
33590aaf59c22e6004f0dd,PNAU,,
7f96a59ebec9a542be67cb,P!nk,,
31117093fdd9e581569d4c,PNL,,
21c3a57c1b1b203bddb10e,Poco Lee,,
92701ae1c7d3ef28414243,Pogány Induló,,
98812cfe94241a07a9ab84,Poison Beatz,,
2e92a17c3cb45d1d33dc0a,Poizen,,
dabf84067cb10e2108ac1b,Poizi,,
75e40950829c3c3390cb20,Poju,,
180fd64a882b140e896b86,Poke,,
44e9acc34d605195ef9519,Polak GBP,,
41841c4d524c68be7b51cb,Pol Granch,,
bfa0dc1fe79aa8baca86be,Polifauna,,
00422deca26345bd1f0fa3,Polimá Westcoast,,
240959f25cd4261db85dff,polnalyubvi,,
f4bd3e36b89717a096b59c,Polo G,,
dad0aa60a578026588ec9c,Polojoa,,
036cd484d42600788d13db,Polskii,,
7462cd846ee2e800d33ac6,Poly,,
6de264e24ca95a6d6e1b3f,Polycat,,
d6ca44ce5a7e33b8278772,Polyteknikkojen Kuoro,,
1c8bf755c5d225d28d29f9,Pomme,,
b085c8122b63be58c1c1ea,Pommelien Thijs,,
a74704d8ed074ed91f3091,PONCHET,,
4e12e891a303b08b5a43f5,Pondering,,
bc3939b2ff14da2ba2586c,Ponko,,
432a216ea2f5226d755ea9,Ponte Perro,,
23172f68c58f42e900185a,Poo Bear,,
fbf82b15b7a34845f25cb2,Pooja Saxena,,
c6b5ae8f11bd0c3312b13e,Popa Wu,,
36414434667fc68772bc46,Popeda,,
19990d1fb2bac4a82439c1,Popek,,
acba99a1223e6dd634c4d2,Pop Pongkool,,
3ee40d18b50e79cdc230b2,po prostu Kajtek,,
ddd930cfe24910d53238aa,Pop Smoke,,
69d9a58d37afdd54b91b8b,Porsche Boy,,
ffc76680cc670c734ff4d0,Portable,,
9ea8619427ee9198d05372,Porte Diferente,,
2c510fac9f841bda281ebf,Portion Boys,,
5fdc2e219fc170351b72b3,Poshlaya Molly,,
f9d16888cbfc4995b2c8b8,POSITIFF,,
6360905a6de3cd7dbe10a9,Postgirobygget,,
2ade146e2d6512e1f91419,Postirol,,
875dd3c7b4d87d24d4d912,Post Malone,,
bed06f256dbdfa270b0c8b,Potencia Lirical,,
d4b699451bdb8865d2cae4,Pousi,,
ca276a4820652ccb1becaf,Powderfinger,,
13e16acda5a0a7f6205573,Power Station,,
aed98253ed9a8e58ed6d42,Poyer,,
2e8b2edb7fd7db7bdb62c5,Pozer,,
8378159fbcc149b07bbcab,PP Krit,,
3de373819c0ca30888cc31,Prabh Singh,,
4ad9d9f7f5f4b27ba440c1,PRAE CHANAA,,
7f2f619e3c6de40387a0b6,Prakriti Giri,,
0e2e029fd2805fcb0b8dc5,Prakriti Kakar,,
fbedc114114bc1701c801c,Pranavam Sasi,,
0af442f60c1053b556a58a,Pranav Chandran,,
a8afac9a41b4774cedf9a0,Prashant Ingole,,
48f5ed63b99c1fc716f908,Prashant Pandey,,
180cadfd1c8a0866c3ed19,Prāta Vētra,,
7b0dc5514fb396b602e855,Pratik Gangavane,,
00261fa63f43511a3638bd,Premixm,,
160a214f7c7cba0bf5a285,Pre'set,,
a7d47196867637ac380484,Preslava,,
a084d1c415a53edb30e1db,Pressure 9X19,,
2ea51d599ffb7982cfa771,Preston Pablo,,
6f6317b8cc6b59d219a892,Pretenders,,
c06f4ce71cfb6ca909a90f,Pretinho da Serrinha,,
eee302ccbc58ed99727775,Pridenyyy,,
09b42834b8c3ff6bcba49c,Prilla Generalen,,
31d18821c2cc36421419b2,prima stanza a destra,,
6ae427015f5b6388ebcaca,Prime Funk,,
e8fc3cd9b6244afcf9f847,Prince Benza,,
26ecd4ce6c52cdd3c06624,Prince Poetiray,,
34c5ba5328b551c7159f8d,princess paparazzi,,
688acdb75725251fe48f37,Princess Superstar,,
7f25ad5f15bf174caa0fda,Prins Póló,,
567fae4c550954dc3f298f,Priscila Senna,,
ab4e4e3b0f5560f903b844,Pritam,,
eee4d2b8a66ad65548a74e,Priya Mali,,
c743cc8ef46319173210ae,Priya Saraiya,,
651f1271538c65293b70c2,PRNY,,
1ead8b91dcf262ff73d82a,PRO8L3M,,
c92929f945fc38b443e0b2,Problembarn,,
dba26203d82cb041ee22eb,Proceres De Mayo,,
b253e069bb40cf6822045e,prod. adi,,
7f7feddf61ef0949fd00a7,prodbyeros,,
8011584ce37663b28f743a,prodbymiku,,
9e592aaa652394bbbc8129,Prodbywizrd,,
9d7418abc78d779569b465,Prodgk,,
b5c2bf4eedcc39e4e4f4dd,Prod Malax,,
18fa6adbe6f2d24fc29fc8,Prod Millones,,
49743ac4c9f1169fea7146,Prodmonja,,
b4642c1b4201a43da7c7ab,prodmxrio,,
7c333e060969d367ee25de,prod. nvk rbn,,
a52fa63b38bef092c95dd4,ProdSmile,,
e587816db8427c146c100f,PRODUCE 101 JAPAN THE GIRLS,,
74e399f1762962aa146ac7,Professional Beat,,
829bcea7a5025de471b835,Profet,,
9ee398362015f236cb7fe5,ProfJam,,
398f66dd73a46365aa2fb9,Proflame,,
117d2f47eb9bfadfa6149d,Projector Band,,
357afef031ee30b32b2249,Project Pat,,
5bbdb0e3bd0040ac38fb90,Projexx,,
76aed77753ba9d28f463ad,Promessa,,
fa37ade2cc7703c4ffb6e3,Prophex,,
2bac578c233b5c4e59519b,Protein Bor,,
21360cc3c9d9a40e2d07f6,Protiva,,
4ca8a95edcb45a890a2efa,Prototype,,
0c15b06b5783cb0a2d2e62,Provinz,,
aef61d0cae5dac8e2da777,PROXIE,,
c5e9e0efe11b1ca053ed8b,Prusax,,
09117f49e2847d512987cd,Pryme,,
82a5b1c4f2485f068edeeb,Przemek.pro,,
16cc3047e5c555c8fb9904,PSK,,
9af9bf30a7ba8b1c724ddc,PSR,,
fc6043c1d2aca5c00ae845,Pst. Oche Ogebe,,
51c8ac4deaa4ec5d5f29b5,Psycho Rhyme,,
ec656d26b73d5368033bb9,P T K,,
6b0bcf54c979a42a9009f5,PTM,,
d68dc3bfa35d5d8c773d4a,Puan Sri Saloma,,
f0889268904e52e275fd94,Puche,,
40ef3e3dbdf99ce653886a,Pudding-TV,,
e520dbba188984d143a20f,Puerto,,
5749c04818d4da15a3fdc0,PUN,,
936c653149c0fbcb331b8e,Puppy,,
988e7a509376ae0c63ac26,Pupu Records,,
69e4eaaf0951a00108b77b,Pure Powers,,
846d0b8855446dce6735e4,Púr Múdd,,
fd21c6377a1eeff2bedfb4,Purnachary,,
d35fa2abb0632f9db85dfc,PURPEECH,,
c48a923d4213567ca6a8b3,Purplape,,
f8fe55f7a6875442179285,Purple Disco Machine,,
da93b910123c072308bf36,Pusha T,,
fe03f17f55b132071f980e,Pusher,,
1163625cc080582c202f70,Pushi,,
bb343fd97bebe9ae663daa,Pushkin,,
64f01ddb0a3323987604db,Pushkin RSA,,
370c21069914637d1b254f,Putri Ariani,,
4af8d43d8f0be5df644b97,Puuluup,,
7e957322f6cecd47625028,Puya,,
b19cabebd212bd2a287380,Puyalo Pantera,,
df3142b33d3697db17fb70,Pxncho,,
e8cfd62a021819094ae846,Pyhimys,,
47316bbffc633a06642176,Pynappol,,
d7e7ee652612e2dc35e4c4,Pyrex,,
754a766f9c35549c1e6cf7,pyrokinesis,,
5ff92172a0f610beb12711,Pyrythekid,,
d66dedcc9079eb76e25104,PYY Log Drum King,,
8f6747ce0384b9977f0109,Pyzze,,
24daade7f5512db4f3d174,Qaayel,,
4cf9cc86cc5fb31cb9ed1f,Qadir Khan,,
763e67214921fa94779499,Qaed Helmy,,
17644cb5cab03b738040f3,Qaisar-Ul-Jafri,,
c9f5d89c21df13c8b88876,Qari Waheed Zafar Qasmi,,
01707d438a78c1451f159a,Qatoshi,,
71094bc51efad25a6f4f77,Qdot,,
0eef0a320fa7a28c114523,qeqoqeq,,
47c96d89958f18427a46af,Q Flure,,
f56fdd508d7583458d2e1e,Qing Madi,,
d92c3286bcd1e25f19d1a7,Qirat Haider,,
b616544d11ac3758dcd921,Qlas,,
7eb12cd32d73450441a837,QLER,,
c2bd5cf5734375d7881bfa,Q' Lokura,,
274082d18dcd9e2cd20b32,Qmbia Juan,,
6bd44b5b7a647d2eea9bec,Qotid,,
ddf17b783fe217d2aae22f,Qry,,
c69f455905a246ae90cca6,Q Twins,,
cce52da25ba04f633b8511,Quân A.P,,
fd4f4a713063190a7948f3,Quang Hùng MasterD,,
92e813d65e594b31a3adf3,Quang Trung,,
f68c19c038282790eeacfb,Quân Lee,,
44f90c48df192ad9007f3d,Quavo,,
11c8369fe131647f8b4a11,QuayR Musiq,,
6085a764e644c22bf1ff3c,Quebonafide,,
2c2d2c0291163b077a372c,Queen,,
e85ce2f0919f6e2b0c4afc,Queen Parker,,
e149ed153861a43155c9a8,QUEEN V,,
3a81a260315fd584968043,Querbeat,,
26a7a9899cbc542f5b800b,Quest Pistols,,
c082dc327c1a70a22c0353,Quevedo,,
35f7dca6fd1fecdb2b8622,Quicksilver Beats,,
6c0685fb20083189ba86f1,Quido van de Graaf,,
758523462e3ea0f99f4ea6,Quim Barreiros,,
dc7241015565910e127845,Quimico Ultra Mega,,
700d3046d715a2ee9fae04,Quinn Salman,,
5441044e5878f475cf9f9c,Quinten Circle,,
16e25edce3d2b2260ab7e3,Quiroz,,
ea45c7c66147be72eac000,Quratulain Balouch,,
b03d63bf392225acc4f518,Qusai,,
665690621485c12bc2d927,Quyền Thiện Đắc,,
a439ab722d931e2829b87b,QVDO,,
9664d3c651a51b8b4fdc8e,Qvkata DLG,,
19e09d526af9bf98eabdd4,QWER,,
8c6d22ff6f63fc6711cfa3,R2,,
2cd318ca351b1013df8161,R3HAB,,
fc3c9594f2fa4f3a59e50f,R3load,,
83ed54886cabdf3a783b45,Raad And Methaq,,
e56c7015a8490bc2185df4,Raappana,,
5fa2ffe788c14bf496b986,Rabeh Saqer,,
08a9abf32ead82ed512540,Rabmu,,
236b5251b487b55ce6e504,Rachel Sanchez,,
1ece4bad0efe8b897c6e7f,RACK,,
852eedb38fc95a5bc7e352,Racoon,,
43122979299599d582277a,Radhikka Madan,,
16a968cdb906137a952161,Radiohead,,
72654351fd45b297f4cb72,Radja,,
74a0e77cf0d4c1ccb53871,Radrik Gee,,
de4fd1a8a12811a46b6ca6,Radvis,,
e494bf2c662998693384da,Rafa Carter,,
822ba13f1c706e259bcc33,Rafa e Junior,,
547800e57a99435e1dd129,"Rafael ""Pollo"" Brito",,
e59afc27063509e264851b,Rafael Santos,,
1b5fadb129774dd5d1cdae,Rafaga,,
6c2986217b55b2cdc5864a,RAFAL,,
2e07860596c33cf840cfb2,Rafa & Lorenzo,,
3325afe84db09c079e17d8,Rafaqat Ali Khan,,
60532cc5285f2ae31cafcb,Rafat Hasanlı,,
546464778e66cb2c40b9d7,RAF Camora,,
605ce1a1f52dba9bfe2736,Rafeah Buang,,
615729a5ca5158ee900f36,Rafet El Roman,,
086909cadedf7a797df758,Raffaella Carrà,,
23892df0074b0fe5334bfd,RAFFEAL,,
cc2545b90b5706a6c85513,Raffey Anwar,,
097e3639d5b295584245af,Raff J.R.,,
17ddc07139970d07fb5a23,RAFIK,,
dd9ccab784cafeefc126bf,Rafilù,,
cd881fd5921e88b53a05c1,Raghav,,
ec5cf81ef1391d7ea02ef6,Raghav Chaitanya,,
e2deb323b5f320ef203da3,Rag'n'Bone Man,,
97492c06ccfb28ca3fc699,Ragnhildur Gísladóttir,,
53473fc56a9e0c01d03564,Raguel,,
ddb5577ce28b03b127e872,Rahat Fateh Ali Khan,,
4e9bfa66249a66ad29c639,Rahimah Rahim,,
6c1f9a9e1434293aa3e011,Rahma Mohsen,,
4ee620735761d13b69cd65,Rahman Jago,,
0943462a62675df3c5cf04,Rahul Mishra,,
067b84e36b8552a6096387,Rahul Muana,,
c8a23798f7577fe951f173,Raid,,
9e45495a0327947ee5713a,Raihold,,
bef4a25f3d2bd398110bb2,raiLovesU,,
ab360bee5200acb422fc27,Raim Laode,,
41b72bcc9a8bef14c2f9d5,Raimonds Pauls,,
02119bfc468538f407d089,Raimonds Tiguls,,
02cac4319f20cf47f2b57a,RaiNao,,
5b7d5000aacb21d8511101,Raina Ryan,,
ff5dafab50b9f08374a336,Rainhard Fendrich,,
1fad9258e416cc5b8a4670,Raining Nails,,
364e160fe3c3d371386634,raissa anggiani,,
124d752d6138fab0f6141c,Raiven,,
3605f7765a121c6ed41cb3,Raiyan,,
d488aa0c4273da8635c1ee,Raja Owais,,
389053f8a4962602ec2f63,Rajat Nagpal,,
31943ff13f3991dc5c203e,Rajaton,,
ce7bc1adfabc7b42488151,Rajieen,,
3656f8c8b03983bfce65c5,Raj Ranjodh,,
e1e2d09c451ae9fdd56936,Raj Shekhar,,
0c94fa6dd61a3cc9d2c266,Raju Punjabi,,
f73a55197f7246f4e11ef7,Rakkere,,
389c73a6ba1026088d6893,Rally,,
78557b5956448dbd20df00,Ralphie Choo,,
620894602fdcc53594dc01,Ralph Kaminski,,
cc5bd0f7a6da5024cbbb8b,Ramadan Kareem,,
b6512d579c645cd0d0d1b2,Ramajogayya Sastry,,
48aabdadb2488a2845a4e5,Ramana Gogula,,
355cb16d3e517c6ce77434,Rambow,,
16f20ef27738edd931c4b2,Rami,,
faddffdd23125420d81fbd,Rami Castañeda,,
c2346250182321bc3e2ddf,RAMKY EN LOS CONTROLES,,
74cf3ceb64de2a1666241a,Ramli Sarip,,
ecd0fe8dbd00fe983d8585,Rammstein,,
01e5f1f0e5b96c82a0e7c4,Ramón,,
6545608fe703fdb5f8db67,RAMONMIX,,
2ba460c21f7c01974b5f25,Ramoon,,
b05bc66736e40c47d89d13,Ramos.,,
8a8b071ad9d699f4df915a,Rampa,,
f350d9f0f4910d6c51167a,Ram Sampath,,
0c22987d6dca1479fb7c9b,Rams De Violinist,,
d01005ac28e7b810df409d,Ramses II,,
5a0fe508f78f618f56e23f,Ramya RamC,,
3e55797bda478dc6a19dbc,Ramy Gamal,,
5e166863262ffb8c14d849,Ramy Sabry,,
6c83b9a36eecf351ded2cf,RÁN,,
0f19dc559a3f078049ae60,Rana Sotal,,
dd5331ea98eded044a8974,Randar,,
02ee0681dd7fc034925909,Randi Oline,,
57c10320c556e3376e8df1,Randy,,
b23f665210a1914cab61bc,Ranger,,
61501f6fcc5d5e85a4fff2,Rangga Jones,,
23580b3cf8307eb4a88d47,ransmoukid,,
9ac0864da341377559d0d3,Ranveer Singh,,
964bb3856abf8f19d4c3c6,Raouf Morsy,,
fa8f47f30d94d2d0523fbb,Raouf Samourai,,
84fc7720d5e7bf07115d91,Raphael,,
c765981984781785d34986,Raphaela Santos,,
5ac3e9bbe5bf9b359c2dad,Rap La Rue,,
d5104d30462d6fa17e2ebf,RAP VIỆT,,
221a8042bda7f5abf2ac18,Raqueeb Alam,,
f7d324b919423497c75ff8,rares,,
c8bbe1e696d7e7dc09c6c2,rares bebelusul,,
c46817f2b68a1c27b34483,Rasa,,
d84642aaa21638432d6e6b,rash,,
5fa8779a985d7a226a0e2f,Rashed Al-Majed,,
737131c9109e07c5097a98,Rashid Ali,,
34c720b14d3958cce4911d,Rashmeet Kaur,,
e48f5b93246e5255847f78,Rashmi Virag,,
430951ec1ec791242877f4,Rasmus Gozzi,,
935b4eaa3a5c1337a0d7b2,Rasmus Gozzi Finland,,
b61735adf769eeab989ca8,Rasmus Seebach,,
ed1152e4f8f45bcd626dbc,Rasoul Bahari,,
05b3f0a524b3e53feb0aff,Rasputin,,
0cf820b4ae9db83f18ff37,Raspy,,
9999458a64248b3060679a,Rast,,
277bc802e070952d407a0a,Rasta,,
2dc5db58ddff89783f9066,Raste,,
826f841a99c933296644b5,Rasty Kilo,,
2a066792cb8aba20278bc6,Raudel Escuadron,,
b64ba9710b193437b5e9bc,Rauhan Malik,,
cddd657b6fea683fc1a93c,RAUL,,
72d34a8bcdbd7a8d39934d,Raul Garcia,,
6fd5dfecc2b183c7c6c65b,Rauli Badding Somerjoki,,
3977caf944c3182cf6290d,Raul Ojamaa,,
6798ce4e6786e5401a116a,Raul Ws,,
9a131ebd39f74ca28d2510,Rauw Alejandro,,
2505e321339ee899817bdf,RAVA,,
9a8053ce037c5f33094a60,RAVEBASE,,
6ec21ace0856c93f2c2551,Ravid Plotnik,,
1b1f9da306c06188f84b15,Ravindra Sathe,,
f2f493bd2b50e43fd2939c,Ravisval,,
a579d716204cdcdfdd67fd,Raviv Kaner,,
3b637ffbbaa9b44a46fbda,Ravyn Lenae,,
6da6fda2b8e1545b7715ad,Rawayana,,
a4327ace59cb9aa3fbdda0,Raw Fellahx,,
902cae6847de05977ab642,Raya Real,,
15693892b3c251b0634d28,Ray Dalton,,
13e5ab59cdc1edf9dbec36,RAYE,,
560b9ed0ba0e85c1b1418d,Ray J,,
91cd18916e8ee2c86def4e,Raymond Lam,,
90da53bb6a6e2b9d8bb122,Rayo & Toby,,
1a68183e80c34baecdeec8,Ray Parker Jr.,,
ef4560c340b32e08e94bc5,Rayu,,
f2b44058f4a3643d56b7b9,Rayy,,
fe731647c3dbe4f984d675,Razgonov,,
4ce02cc9dcd36eb3c4bbc1,Razor B,,
87b392bbb5650b14fc00c1,RB030,,
53a938d1ed5d91c4c7f13a,R-Bee,,
eb69d38a227add241d0b3c,RD12,,
99a44d4c74ca638759e5d2,Real Boss,,
43ec0a166e756b28b25154,Realest Cram,,
79b0e531f30d6f7f655c55,Real Fuba,,
93330b41521461ca6c968d,Real Madrid,,
f0e4e5f151bb0b065961d5,REBECA BROCKEN,,
961c63d34009b1bdd487d6,Rebel Babel Film Orchestra,,
db010aee1c22ae60f41c53,Reboll333,,
d6d269952320c4fb5e50f2,REC,,
e804b7242b1102f81addc9,Reckol,,
023c38b8917a38495eb424,Recycled J,,
f7fa9ebad339ce0677cfd1,Reda El Bahrawy,,
9c732ab8a9674a31b1a274,Reda Taliani,,
cce912d897612532e64003,Red Fingers,,
8780f1b8319cd5a65180ce,Red Hot Chili Peppers,,
d77a82b8ee20918893e066,RedOne,,
369574bfb4b73215b9d376,Red Sebastian,,
044253e2688b01a82929d3,Red Velvet,,
e8b12e91f9c9963cc95c77,REDZED,,
5f04cfaf269fa89ee3bf0a,Reed,,
ad5378db2212c3a83e8a17,Reehaa,,
b9e39c2c15a19dd58e788c,Reekado Banks,,
454dc83912ba34baa719b2,Reeplay,,
e086bce59eb6d95f84985a,reezy,,
0533294391235f64f8628a,Refa Fvnky Rimex,,
3ae98437e7c41f4e553c32,Reginald,,
d5d466d5ebfaa2e1bc384d,Regina Song,,
7c64819d100c9195487493,reidenshi,,
bd933d8e3aca61b12c899a,Reijy,,
1b11ff9c933dceb13a86ae,Reik,,
d959b79291de0b67eab4af,Reiks,,
ee0efb5fe19b071b93398a,ReiNo,,
cfee0b562cb5873f8c04f4,Reis,,
d0dce05af780f29568ae79,Reket,,
3bc8248ab475cdaf5f2320,Religious India,,
3d7eb06e0d364c34e8df04,Rels B,,
c200011ceefd992f75ff5b,Rema,,
b0a378d0805bb6a86b18ff,Rem Digga,,
4f54ee47eb8a970e267fb9,Remee,,
49dc80af2a3728461434df,Remember Monday,,
e2b23cb09c7ee43b515fc6,Remers,,
1d6e58e7b60751f9f1e269,Remioromen,,
641a1fec69050c67c0ad26,Remis Retro,,
8b1fccafe3a052187175ab,Remp,,
045a7b1358d377ae26175d,remynotagain,,
91007d8d26ccdda87c55a2,Renard Barakissa,,
626e83693cfff379f030bb,Rene Inostroza,,
2258e789ab180bf347a450,René Miller,,
6b42a8c10102bc42a25457,Rene Rodrigezz,,
7a1a0c0108012c90522eae,Rene van Rooij,,
a0db8a686b10908d78c170,Renga Nek,,
65571c9085ae428fc12144,Reni Jusis,,
b2e28f83b131223eefef22,Renn,,
340c04d85a613575bb52b4,Renne Dang,,
3a03777aa36e252aed5578,Ren Ran,,
47474deff3467da650a6cf,RENVTØ,,
5662c3b990c2790231e73e,Renzo ED,,
6957920b565469342a4d71,Renzo Pianciola,,
783816c3b1f57f52ef5ffe,Repsaj,,
0dd6c4f3a9b3b3429b0d8b,Republic,,
cf181a5e70535779d24238,ReRoby,,
3f015981798aa958c19175,Resa Saffa Park,,
4c076a0924fa66ac6b0d9d,Resetedh,,
3503ae44e21f068de9f58b,Resital,,
689b89d6d22c6c5768c62d,Resonancia Etérea,,
4c33fcd8048d01acc6b3e5,ReTo,,
30007bc15c40ea67c652c0,Retrobüs,,
4a656f8e71d9916094bb3c,Retro Rush,,
13aa065296190e5da0fecf,Retro Stefson,,
d2ea5a9a5fee0500d84099,ReVo LEKHAK,,
b9aec28bec1769eb89640c,Rex Lawson,,
61c6135f04171369a91d9e,Rex Orange County,,
6f9abaa9ce6b4d3bf93cc8,Rexton,,
1633c5dd4eaa14402a8346,Rey Chavez,,
00c6985bf0231acf64a364,Reykon,,
9f66d13d36ee3bf08915e6,Reyn,,
2486355b152f54efd2fff9,Reyna Roberts,,
3aff3e2845c249b9e24e04,Reynmen,,
82695af6c295d9aa79b6db,RG1 Project,,
9508a19d7801e07ee7b762,RH,,
cad266d8931d2c5182ce1c,Rheda,,
89cb770214f75c02cc29df,rhodessa,,
783f7b63c085a031a3fb68,Rhove,,
12c1996c3fcb552dc145a4,RHYDER,,
f6c8fd729b7971e47afb13,Rhymastic,,
f468d31bd39907f7db8f13,RHYME,,
2750208922da348ce9a399,Rhyme Assassin,,
15c700d88afb104116a7c2,Ria Ellinidou,,
c5e548cb9af6cf4a89e1b2,RIAN,,
fd9aea991254880cd9758a,Riar Saab,,
eeb978ed6c4aa7d074da72,Ribb,,
21e72894e77b64ce58b571,Ribin Richard,,
36686ced61bb424fe1e73a,Ricardo Aicardi,,
4409b65cc18da4b99e5e06,"Ricardo ""Richie"" Ray",,
68b6e7828cc7879fa46408,Ricchi E Poveri,,
a993c78e5dd0883745fd57,Rich Amiri,,
8acd0e49ec061c89a765ea,Richardino69,,
b63cb40272e87635afd506,Rich Homie Quan,,
033ee17287280addba5f85,Rich Ibra,,
495239b2b4d317f54e22f0,Richie Beats,,
21190086357182d8c55d1b,Richie Campbell,,
24e38a493d840757e748c0,Rich The Kid,,
f904588b8721276748ed65,Richy Mitch & The Coal Miners,,
9c9fc6b16a1fe2241d87bf,RichyWest,,
18db278bbde130be834342,RICK,,
7ec0c1e0f894edfbb71f00,Rick James,,
1b5c656ede58dc9b9459b3,Rick Ross,,
7f8613da4505ce527b2cea,Ricky Done Did It!,,
572ea806ebcd4e9052a14d,Ricky Lenyora,,
4f93e1deeb235b85bbf3ef,Ricky Montgomery,,
e8c2a634ce6bcaad7aeed5,Ricky Rich,,
c333caaac880354157b9d2,Ricky Tan,,
8fcc1314057892a6d31977,Rico Blanco,,
e63fc43bd9bf29cea717ad,Ricotrap,,
c3966279042e909d426207,RICTA,,
9718f82d6e7f76d2f29128,Riekstu Armija,,
3790fe3358882034a0488f,Riff Raff,,
6fe1a54664b1d4283b3b02,Rifle,,
edca8da79bf5b0220dfa7c,rigasbeats,,
5285577208aaf9b65dba1e,Rihanna,,
6671ceb793badf4ec9deac,RIIVA,,
2e1ebd406361c9c552620f,RIIZE,,
539034ce2bb77344c6c21b,Rik,,
5089abe1a065e99d4a8fad,Rikard Nordraak,,
4d2c2d4fa254e800cb9b6f,Riko,,
11c89017567d168916d4e2,Riko Dan,,
80a5a7c6e138d7e4449438,Riky Produce,,
8524f5d4e465920a795096,Riky Rick,,
13903b63334b414d56ccec,Riley Green,,
439834006cdd5039b54de2,Rim'K,,
ea1b6c50e345107805f4f8,Rimkus,,
559df30863058889ff96ca,RIN,,
772c0e440e6c4c1ecbd272,Rincon Morales,,
9d08e05fb01b4d73357ce3,Ringnes-Ronny,,
61ba4e1c8a16d5bf5fa3c2,Ringo Madlingozi,,
70193e5abb5ea1ab56e32e,RIO,,
a5b149337f4a01a375730c,Rio Clappy,,
1d1dcbc85af530ef687bf5,Rio Reeves,,
e469966774b0b60cd6a71f,Rio Romeo,,
641f12676bfe9731cbfc4e,Rios,,
f81555cb5c10dd846a5f06,RIPCHANSKY,,
6c601b09db45ff75dcda7a,Rippy Grewal,,
985661a1f44fc0c26b51f9,Rishi Roy,,
be1ae2eeeca8fb8302aed5,Rita,,
dff4803aa2e6d48d268383,Rita Kamale,,
e4fc89ef811499c907d2e7,Rita Ora,,
17776f9e378e1dac6ba57e,Ritter Lean,,
36673209f44f9ad2cf9561,RIVALZ,,
259e5162bbcb62d603488f,Rivo,,
15c77b53b1df00064c2919,Rizky Febian,,
5622512c4868d4cdccef46,Rizwan Fadilah,,
e3aac00f595bd5d3777f0d,Rizzi Get Busy,,
6e411e014cb709fe91dce5,Rıza Tamer,,
c47d0250ffbb63e2157f7f,R-JAY Aka Eldorodo Regg,,
123cbe81a9bb0ece74ecf1,R Jota,,
87c69d95a624572b1d8424,RK,,
772a6cc1fd614c75f5cc67,R.K.M.,,
030cde29f35ba5a9271a56,Rkoma,,
c75046e3510f623f80b375,Rkomi,,
ea1399fc78a19d62648170,RK wavy,,
2622e9b348f05f74e3e4bb,RM,,
29ff123c652f604574a64b,RnBoi,,
cf4e41c6a199c5c45a9045,ROA,,
3c85baa0d9f326bae393d9,Roach Killa,,
a187f27e0548592eedf4a5,Robbie Williams,,
ae964ed04803aeaf55974a,Rob Deniel,,
74f5c79a2c73a7eed3bfe6,Robe,,
04cc457317f2a1683fb8a2,Robert Burian,,
4d4215cb91fa6bfaf6d714,Robert F,,
e11fac36e71d05b5101335,Robert Fernando,,
3e73d993ae9d5a05e3c18e,ROBERTO,,
c03acfcb3794ef59084fc3,Roberto Ferrante,,
7bf4eb7d687ac4b6361571,Roberto Vecchioni,,
9c8c14e9d9c1fa79aa3f7d,Robert Rene,,
6c7b711ef3d9dc9689d57b,Robert van Hemert,,
23649c6bf2f9116fb50afc,Robert Wiewióra,,
8efa8f12fd67a2cd28acf5,Robi,,
2121b15db9cb6355c2d549,Robi Guid,,
bcd811f0b658b589b503a4,ROBIN,,
66971739f27f3de2a750f3,Robin Kadir,,
d02a93aebaad1212c836d5,Robin Novaku,,
b3c585ab74b2b01fa8dc14,Robin Packalen,,
0e50ed385e0ed270bffa63,Robin Rouse,,
d1588e54ec2fce5ee15a7d,Robin Schulz,,
926713f05790028a619393,Robin Zoot,,
4d73ee7fdb8a154d1c6e37,Robledo Timido,,
bb49a3e1848ba826426b15,Robleis,,
0e4d95ea126e6c5562b695,Robo Opatovsky,,
b82acd3ea27daf30d1a21f,Rocazino,,
1c524f4278ca016ab27ea9,Roc Boyz,,
838cc458dcd2f7f52f6a26,Rocco,,
a848ac581de40ceb449483,Rocco Hunt,,
9f2aef8ad82e70dac0faaf,Rochak Kohli,,
0838f1331aac43c622d153,Rochy RD,,
8f9dc91137dea4b4b80275,Rock Danger,,
31d3ff79fb8362282a97fb,Rockwell,,
5606fbb3f7e3ded2726ae7,Rocky CDE,,
f6fa07fa3a594eaa80c30b,Rockywhereyoubeen,,
f28a3e60735a9ddb199af6,Roc Meiniac,,
80a7078cad09fa98c3c010,Roc Mul,,
247c9d7adcaf0ff61ca6ca,Roddy Ricch,,
7118682062b780830436fb,RODEO,,
ca048dc1e76619d72278ce,Rodolfo Aicardi,,
ef3d13e91ee4d2e8185a85,Rodolfo el Reno Y Musica Navideña,,
d87a92694e6e951296bd88,Rod Stewart,,
c99f68bf60c9152b14d76b,Rod Wave,,
7392e880341440668c9737,Roe571,,
ac4cccd44f2082e55a9dc0,Roél,,
352c21ac7abc2e67414956,Roeland Beelen,,
969dc3f91484dc36bef818,Rogger blake,,
0cec162db6133435f21c9c,Ro Hernandez,,
9c26e9979a409b04003216,Rohony,,
f93bc75230f5170c80cc8c,Roi 6/12,,
fa968a34207787ec9a79f5,Roi Heenok,,
cd836ba573c41e8510c8c3,Rokas,,
2cc3de6bc95fb44afa2705,Rokas Yan,,
85ac12928441ad503d09a4,rolands če,,
7b9d8aa08d2d3de9b447ef,Rolf Sanchez,,
1922edf2d813b91232fff6,Rolf Zuckowski,,
561011fd7ee61b9b57fced,Rollsout,,
6e30f1f3ab064df912b501,Romano Bengz Studio,,
1e3229aa00a0974d0ee02a,ROMANOS,,
608a0f424e405dcec061b8,Rombai,,
6e491a4b35c4010265fe72,Rome LMN,,
f3d166c1861317334e6851,Romeo Limoncello,,
3fc9d212f99ab4eebeb902,Romeo Makota,,
0c66729442c42650049729,Romeo Santos,,
d8f8585aa1039b8df80185,Romy,,
ddbc1132bd804f77dd4e9e,Ronald Nuñez,,
108456c0c6ac1bc18344f9,Ronboogz,,
310a099ce0df31788a8114,Rondalla Y Coro Infantil Suarez,,
bfd40383e518a0782fea8b,RONDÉ,,
a26c49f34ea0aa2cf0e502,Rondodasosa,,
fc7136bc68a318a09796cd,Ronghao Li,,
51c1752992c74859915712,Ronisia,,
cf20bcc72beba95ef61f9f,Ronnie Flex,,
cbd43cd715bf01519993a0,RONNY,,
b54a72ac2908dc292a0e26,RONNY J,,
002411085f44555e5c423d,Rony Ajnali,,
a4734159127176a1d0c9be,Rony Parulian,,
5586796b6eb50562e10bd2,Rooh Sandhu,,
15c1b2bb74e9a93071bbf9,Roope Salminen & Koirat,,
63d7c4e1df362d2723acb2,ROOS+BERG,,
e05dbd872f17bff8fbed7b,RoozyTrills,,
8a5eb02cbefc00768a83de,ROPEX LATERIO,,
0107e33773f9355bcd8a25,Roran,,
234c7e75a9de538ad016ea,RoRo,,
9976ed53f44e7abbaaa22d,Rory Hope,,
735069364e44bed12b46b5,Rosa Chemical,,
36f8bffb1f9b612c8aebd3,ROSALÍA,,
c8c7e418a38c11be3a9b20,Rosa Linn,,
2066d0f8c9b5e94a1aac6b,ROSÉ,,
b5dfd3f43014ffa0502cb8,Rosenstolz,,
80370b2ced93c39c95826a,Rose Villain,,
fcd176a3c74b330520484a,Roslinda Baharudin,,
7fd9a94f143d2bd19e98b3,Ross,,
cd42bdefd6c03a5f6b1d4e,rosse17,,
69b0b39b272bedb990c951,Ross LB,,
19edb1946d1086421fa2f4,Rotlaus,,
56ccfa90f2620cad20a9f7,RougeCaapitol,,
bf87cdd37af4f8cf7214fa,Rovalio,,
fcf57346194722300ee55c,rów babicze,,
5a22caa4e3e0835930d515,Rowdy Rebel,,
d893f88fc98d6c6b757747,Roxie,,
46f0adb33b84bfa1c3d99d,Roxy Dekker,,
a34bb51531131ff0419a9a,Royal MusiQ,,
a594fcb972b4698a1f2d9a,Royal X,,
67a39f287a0301b51d8475,Roy Batty,,
783c7ce5f0158c0e4d2b45,Roy Bianco & Die Abbrunzati Boys,,
975ec19e73954603f9b002,Royel Otis,,
8d4d83d32e7fdee78066b3,RØZ,,
0d4dc4cc57fa3a26d8e8fb,Rozeo,,
e84ee765e0c21f3d8d730e,Roze Oficial,,
67f83eca14e10cb02f6682,RozzayV,,
266158bc32fe69b587a09f,RPT JasonDilla,,
615bd94978c0513aa4944d,RPT MCK,,
e6a0ce4f8c80105e3207fa,RPT Orijinn,,
315a26d82978e94030b347,RRARI DAL TACCO,,
bf2736da6677fcc7c69af3,Rsko,,
b9ee74c1873f0a8f901ad1,R T,,
75b946b31f3b3845d6eb53,Ruba Khan,,
1c36da423e3b68d6b0b5e4,Rubby,,
07e82bbd66c96e880584a9,Rubby Perez,,
77be29fba9988eb83bcc4b,Rubby Pérez,,
03cf2f5c91fc0f159203ed,Ruben,,
9916d1fc59fe22cc046a2f,Ruby,,
cb0882a01d89b4deda3b14,Ruchama Raz,,
0532846466c3375b9e1e68,Rudi Claase,,
dd011a99639f8e30da13b7,Rudimental,,
4f8587d1be63f01fc09e9e,Ruger,,
76fea3df9ba7dcd0cb2b84,Rui En,,
3fe2fcd88db0d10c441e32,RUJA,,
d393ad15c7704237091195,RUL,,
b1e75be84d94735723c281,Rumbombe,,
90229fe6b2c5380146e1f0,Rumi Carter,,
3681a9beddbae875553faf,RUNE,,
f3840740509e7d1bcef806,Rune Rask,,
e9e73917a6fbb45bf9d169,Rune Rudberg,,
ce46c41acb0709c7b9dc57,Runtown,,
1a93ab13580bb80fd37414,Ruphc,,
46630c1e4bb2f9300ca295,Rupinder Handa,,
954601796c16fa224b98f5,Rush,,
a69def1cd9e85cb7903799,Rusherking,,
15511a3b3a8b770cf3c705,RUSLANA,,
c2c00ba6b1e699eb7f1595,Ruslan Troknyuk,,
f2c9a0e931c9db209ce6a8,Ruso Beats,,
3ab3b95311066224cc0ca1,Russ,,
697279827507612ce62293,Russ Millions,,
bb7ad5d216e53781c41e59,Russo,,
3bac0336ff292588901ffb,Ruste Juxx,,
11117e3b0560ac408b8b50,Ruta MUR,,
bbf40e713e0dcce4a852e5,Ruth B.,,
c16093c3f5d5eb9daaf908,Ruth Reginalds,,
b4b1d9f4c015632c27b943,Ruxit,,
7bcf1d1b71a32f5a1b1813,RUXN,,
06e5e03b9b7e19e7d53143,Ruzoy,,
d64fda66b6203adead285f,Rvchet,,
1742296f8a34719e0f0ceb,Rvfv,,
4b79e0d91eb5d1dda57d0e,RVPTR,,
c4db551d53473ad9a28f9c,Rvssian,,
d0e58cfe51328a35781810,RXDXVIL,,
d0062f5c483d6637ac981e,Ryan Bay,,
5d9c0d199d5704311e883a,Ryan Castro,,
f43d95fbc0c664f5ae2162,Ryan Cox,,
369a62dded89efd6c4172b,Ryan Lewis,,
964d8cd0cda909493cf78c,Ryannah J,,
b22fa64361cfa452fd9432,RYAN TELLES,,
3d5fa7a44c507c5ab17276,Rybeena,,
c7bb50a975a84850ec4977,Ryflo,,
76851b4c1dfe6e9431e932,RykkinnFella,,
29e97648f3e61c96cb7251,RYM,,
f71923808402931d723c80,Rymdpojken,,
97cb8dd85ed42d0895587a,Ryokuoushoku Shakai,,
46bc3fc53e463ade1f228a,Ryouji,,
acda952c9eda89a6563dbf,Rytmus,,
d67c1e27e0d8409bec2b32,Ryu,,
7226237ea36bdea7f7f3a1,Rzee,,
27d889be8a04837b5e6de3,S10,,
e8e20d52951218b9d7900d,S3BZS,,
17a6d4362c0a960da169cd,S4nri0,,
3dd6b9265ff18f31dc30df,SA,,
35ad0e28959dee66c151a9,Sa4,,
7b8ad66d6a6e93bbbd69a1,Saad Lamjarred,,
a1571ac00126b8b872b58d,Saaff,,
f26e4c4422dede886bfdba,Saaheal,,
71c98cf6a89927b1b4fff6,Saara Törmä,,
22cf6537102f8ca24b5669,Saaro,,
039ddae5242fec539279ab,SABA,,
59445721c658083c31b980,Sabah,,
f1f7cfd6f0fa08cd95cfea,Sabah Mahmod,,
06c8cfa87826b6d9cd2509,Sabi,,
091d7362bc87c58ad68f9e,Sabinus,,
00e1d75b8ce3bb4a45f167,SABRI,,
6ed990a07d4ae2d4ea3e53,Sabrina Carpenter,,
79945c6085df329e7f88fa,Sabri Sisters,,
c6f0125b95f8e8a213d00b,Sachet-Parampara,,
fa487f151b67f2b9b4034f,Sachet Tandon,,
e81a33f396c0f6fc328217,Sachin-Jigar,,
4b05b9feed76884a2b878a,Sacky,,
83da51ec8606ea11d2747f,Sacra Mr Melody,,
b588203d0da6a36867a58c,Sadam,,
d19c1bd1563bec1e1c20fb,SadBoyForLife,,
826daabce79d9db10cd209,SadiQ,,
c4d7d8db05ab902760c22e,Sadiq Hussain,,
40bfc36b70b277637e8581,Sadomas,,
5965e22f15f18e20cfcc15,Sadraddin,,
b420c7f0e5e97f584a7dd8,SadSvit,,
697542c27cb9d27629fed3,Sadturs,,
4f51c7defe516cd24a4827,SADU,,
dc6fd61d32a39e5bd27503,Safaa Abu El Saod,,
f0be0739d11541278f2b81,Safaa Saad,,
5c85741c3233b5da63c984,Safeplanet,,
38c7f208effc3e5c39cbef,Safraoui,,
3dc2ccf026297497c79975,Safri Duo,,
35e1803133baaa98adecde,sa_g,,
0b6164b2ab644728aa6a44,Saga Ludvigsson,,
4399419aaa976a4ced823b,Sagar,,
b61bdccb18b6cf99be2043,Sage Sam,,
51285c7322c47edd846096,Sagopa Kajmer,,
3e309d77994c36ef652329,SAHIL CHEEMA,,
e722f09af2556d42c098c6,Şahin Kendirici,,
6dc73bdc9e4814904bafb8,Sahir,,
06866fe4f334b9002ea636,Sahithi Chaganti,,
f39a6865c281995c0c15f7,Sai Abhyankkar,,
002662fb40192231ae04ff,Saib,,
861dd41cc7b33db563160c,SAIBU,,
85c5e1147c13a36724fd41,Said Fatla,,
5b845b518d5c11c99fed4c,Saif Amer,,
8b9bfd3518fa1be4118f7e,Saif Khayoon,,
d085d3e9cff7757b9dae9f,Saif safadi,,
82a4713f74a8ea6d04420c,Saiid,,
5209b170927c1024d3b266,Saiko,,
52c574910ed46544df75ff,SAIKO,,
a18565651fcc356fec1d37,SAIM x CAN,,
380458dc95ba30af0bacd6,Saino,,
1d8fdec41b482402a7d743,Saint Demarcus,,
8eb74327ead565b660c207,Saint Levant,,
11ec550948257b72de5fd1,Saint Pete,,
72dcfd6777f5cfce6733f8,SaintPrince 52,,
d19df520b3575ae481d3e3,Sai Smriti,,
f0a3a8fd89728556ac64ce,Saixse,,
32dd9d3a7456064a7f2810,Sajfer,,
007a689b2bb074da274b31,SAJKA,,
5e98c96b0939987445d6a9,sakanaction,,
ba7e5dcafbbfbc98c2f0e5,Sakura,,
6ae6337aeda6fb44f525a3,Sala,,
ec56d2dbedf384512308cd,Saladillo,,
f578aebd6fc8d3fb1a5a34,Salani The Producer,,
21c3f8bd69126946cb4803,Salastkbron,,
a2502fabe7b4a63e51f5ba,Sal Da Vinci,,
8b64525fd7614edbaf4b44,Salif Keita,,
05a4d2017db0c5afbaf39b,Sálin hans Jóns míns,,
f1eb8fb0101943f21f579b,Sali Okka,,
e5eeeaf81bfb78dc5db3f0,Saliou,,
a0aa630ebe4ed5f4ecffdf,Salka Sól,,
1a88523c6642ebbb36184f,Sally Cruz,,
8f3ec7a29b6ce309037d28,Sally Yeh,,
7e86ebb09152486a328471,Salma Salsabil,,
5fdbdd06d3b3ea9c3c057f,Salmo,,
8096e13c5ad2ee4431f609,Sal Priadi,,
02a51035de93ab7290da3a,Salsa Picante,,
0d0a9a85344d0c47840743,SALUKI,,
b6a74ef95f3b28ea287d55,Salve Malak,,
ba0e0cde1bf72c28d435c8,Sam,,
269d8f49c11f1bd92e2f6e,säm,,
cf76af21d2ed8f5d3ac2b4,Şam,,
2b0c8408ea77ba5fe4b4b7,Sama,,
4b20b6ce8dd38dbcddacc9,Sam Adler,,
de3249bb6a4320dc500ac7,Samanta Tina,,
ada5a81a15d17f39cc957a,Samantha Mercano,,
ae6d06b333642fea786d80,Samara,,
5b712e7b457f80b50d3baf,Samar Jafri,,
cdef7648c8a92f014f6218,Sam Barber,,
126cea1ea61fc14e901ebf,SAMCHUK,,
570a57607aef10c19d785d,Sam Deep,,
487c6ae378db8b551c5911,Sam Dew,,
13d94afd81095960e049d1,Sameera Bharadwaj,,
2f4327550c6f6dffb52e75,Sameer Anjaan,,
2139a77a83553905cea30d,Samet Kardeşler,,
a60f39c4ec1a0ce33fc0c3,Samey,,
fe5b04f5188e8f7db9f088,Sam Fender,,
351ecd42a3570c6c191104,Sam Haft,,
33bcd7a5ce37d4a66e2e0a,Sam Hui,,
c700991309654fe3baafa4,Sami Brielle,,
43ba70b68e14c02ab32727,Sami El-Enany,,
4604675a92fef31febb438,Sami G,,
a413eeecb5c55ec06f6aa3,SAMIRA,,
0f7e9d918f1e5157205499,Samir & Viktor,,
788f6ef52cfc32bd3dcf65,Sami Shamsi,,
6776c889d11dbe7436282f,Sami Yusuf,,
1cf4db0b61bfa18237b4e5,Samkul,,
12525ea32f2e53be37b7a0,Sam Llanes,,
31a4b67b7b771f63cc089d,Sam Louis,,
1fb62a30211be52d0fc739,Samm734,,
c0e8992433d5ac81d47886,Sammy The Greatest,,
b1c054d4d4fd02baacac4d,Sampagne,,
250d2dd06979d7e01be2da,Samra,,
83ccb5abcf52314ff776e8,Sám Sebou,,
f35f73f741e80498c63a56,Sam Smith,,
7d114bc830f7121a34e962,SAMSONS,,
fdecd0797584929f1e67ce,Sam The Kid,,
761d2f0d9f53c69da55d96,Samthing Soweto,,
c6fbf135ea0d1c168fb6ec,Samu,,
7d516444b48934c4282642,Samuel G,,
e797f37fe4dcf2b6f59070,Samueliyo Baby,,
0ec4e51dccabd22e8859be,Samuel Welten,,
2fe26ddd154864482111c0,Samuli Putro,,
968d14ecd54a2b7ce7b990,samunowak,,
eca3d5de9e238a06e74e1d,SA Music,,
c3cfe33ad9c49fbcff1f2d,Samy the wizard,,
138d3ab7fedb3af29c9fa9,sanah,,
31a89acd339b60050027c4,Sanah Moidutty,,
760d1ce873afa7f8fbce8f,Sanam Marvi,,
3e4734fa79921d984bfe9f,Sanam Puri,,
0edfd99ad72057d07ca45e,Sanchez,,
d067cf7b3040f6243d6106,Sandal,,
6ff2f9274778a469cdd422,Sandeep Srivastava,,
93eb1a1035ef9071a3a2b7,Sander Elstad,,
63506f98fd4a18a1a7f624,Sandra Lyng,,
8b60934015bba7468b8239,Sandro Cavazza,,
8d66f2f08eaab3bd909209,sangiovanni,,
35cccba880a2822729464b,sangvn,,
7318e66d38c985f5794f61,Sanisah Huri,,
07f040db57218cd2870866,Sanjana Kalmanje,,
530be849dbbec297987103,Sanjoy,,
503d879c5fc879ca00f29e,Sanju Rathod,,
a75104ff2d9bc98e06aace,Sanko,,
b23cc95bbf87c27d8eaf8d,Sanluis,,
6c9b496f9f2bff50f55cd0,Sannere,,
e455006567d401ad858ec7,SANNI,,
dd2e335c20bfaa641110e2,SANTA,,
4bff7e78a82a6f19beaf65,Santa Fe Klan,,
b67e5f923831a5f1b12a81,Santaferia,,
21aec7bead8dfe7202a1c6,Santhosh Narayanan,,
6b8125a6ce7a64e9cc1807,SANTI FRANCESI,,
dacd21e478f17d647987b8,Santigold,,
938f377b140438330ab429,SANTI SERRA,,
6cab142f45cd157b5299e1,SANTOS,,
d1327049bf491cf064b04a,Santz,,
69f23d9f5d17cd6340803e,SANZHAR,,
9b126baac402306425f32b,Sapna Choudhary,,
319537baf65a292617e13d,Sapra,,
adef38aee29286b7ad0478,Sapte,,
bb1c8278a7482f54e28a53,Sara Bee,,
396c7775a47de215f864d1,Sara Dastjani,,
92f8f205a6a3398e254d73,Sarah Ann,,
b9ccb3310fb6797d04661e,Sara Haytham,,
df17191ab49732b1a80c52,Sarah Connor,,
4aafbafbab4a554fa7ae2c,Sarah Geronimo,,
1f0ccf2e736f477dbc70a7,Sarah Reinhardt,,
422fea51719cc9c6d9fb72,sarah salola,,
da3cadda35550f5b412b95,SARAH SEY,,
0dd8a7f2a6a6d026a5fd67,Sarah Suhairi,,
044a7997623fb8caa6d155,Sarah Toscano,,
3a41f1f950dc4e0581c614,Sarah West,,
fed23c006e82ee12ac905e,Şara Kaplan,,
45888bc408fca3682f12dc,Sara Kurt,,
d3d161282e48fc88aa3a67,Saran,,
271236b4837d37ba29761f,Sarantos,,
e4d20cee1db6a421444759,Sara Rikas,,
6ed0d9fd4dc5958f2bd034,Sara Sadiq Frost,,
17b65af059c801b038e91a,Sara Siipola,,
e61babbb83893f43799e3b,Saraswati Putra Ramajogayya Sastry,,
c482cad35f5aa77551e798,Sara Tavares,,
bbb4b7fc0087f4859edad0,Sarcastic Sounds,,
8ea26579f6cf16a2b9af5f,Sarettii,,
401d5c716f2d7755bf6f69,Sarodj,,
2f1cfdb5d6d3fdd9683cd8,Sarpsborg Kammerkor,,
7134e2402378f4a77fb510,SARRB,,
e1596da1afc8f30166d40c,Sarsabz,,
dced9ef33d8ddf8aa08203,Sartiboy,,
cfadf236267cc5c6ffb56b,Sarz,,
6df745a1c7da834693593c,Sash!,,
6c779e6339d371e993f371,Sasha Goodman,,
82917b9484e68c7396815b,Sasha Norova,,
f726b1254c2bcbe0e00432,Saske,,
1b775c23e8e80c18602760,Saskya S's,,
13c7d2d737f81f7bf89aed,Sat,,
1a9e31ebbeeb6c258b88f3,Sativa,,
dc53eea96b657d6ca19f4e,SativaMusic,,
2ddfcdf18877962b54a918,Satoshi,,
7295a4326dc16994de4311,Satra B.E.N.Z.,,
11e1b87b9278f641616baf,Satria The Monster,,
a541e0d88fea2c5a2093d6,satxrne,,
7ed3475b36ef95515d8992,Sauben,,
573182820b99b3a47758e4,Sauce Walka,,
f87d344dcea76c086b681c,Sauce WoodWinnin,,
43ab50a90ed90fcfe399d4,Saucy Dog,,
7c8d701b28ccfbffe1b227,Saudi,,
adc9b28bd8dfb770673875,Saul,,
422d9cfddad4f767888812,Saul El Jaguar Alarcón,,
4f4e9c93bf39b356f6ba5a,Savage,,
c9cc8cce247e49bae79f15,Save,,
1030c6f36b0a829c69e1f4,Saveus,,
f3bfe3b785d4f1a333205a,Savi Kahlon,,
b9bf19038fcb2a3cfc2c1f,Savv,,
decba7f9655c40a1cc4a1a,SawanoHiroyuki[nZk],,
2202e4b5a3abc68cd62150,Saweetie,,
9f798b3a3260dc06b6d520,Sawsane,,
0f09321358ac340899d873,Sawyer Sharbino,,
34c1583e8b8d369bfd5a88,Saxpas,,
d99e7ad348a507b2619abb,Sayf,,
a883ba5ed047f40094915b,Sayfalse,,
4b94d42091e7d093423e3c,Sayian Jimmy,,
19767e959e58b3d8dd11f1,SB19,,
35ecce2667b7704cfe6472,S.B.F the Great,,
4fbd34049a94a4bf89000a,SB Maffija,,
87576b9a64202283d60456,SB MENA,,
4094d7896b0c473a974a01,Sbuda Maleather,,
47c97c08f9d7d729072e1a,Scally Milano,,
67c83ac059be91539a335c,SCARLET,,
45ef882ff6649fab400c8c,SCH,,
2e63cd0bc05fe0451898dd,schafter,,
11080ec797fa1a616b8578,SCHLAGERZ,,
c129c5393aaf143ceeabf8,Schmalgauzen,,
de32a4a11ccf00e3b0351e,Schola Cantorum,,
0df85b1c62ac89de45ddfa,ScHoolboy Q,,
1a6cedafa654a583f1513b,Schoppenvier,,
00e8cc159aff070e7ae8f5,Schumii Visionario,,
bfeff44de4debab979fd8e,Schürze,,
47a5d31f81afa8e03b5341,Schwesta Ewa,,
1b89ab840c7ba335b81315,SCIRENA,,
0365e1d0166e1d4422659b,Scott Isbell,,
d857cadf68d26a784cf6c7,Scotts Maphuma,,
9a4558906cccf7613bb552,Scozia,,
d89ea1d8838f3f9eb58fc9,Scuze!,,
a9e2491e905e47d57c8c59,Scythermane,,
f78605ee613fc7532335db,SDM,,
081ef54584e3dfae6e72ff,SDP,,
afae145ff1bd1ddaf1d8f9,Sean Barrelz,,
2c4a2c4977bd307a4d1372,SEAN G,,
de5ff7cd36ae5c5dbf7e0e,Sebas,,
b69eb4ca4b4ae19e8e4f2e,Sebastian,,
3e9aadb9502bd55b5a4fa6,Sebastian Esquivel,,
5dfc81a19943c4dbcd8a05,Sebastian Lara,,
4ff1ce8cee00f59762c457,Sebastian Ledher,,
b21b801ead68a0dab6548a,Sebastian Yatra,,
caa6a3fcc2545456a95c21,Şebnem Ferah,,
e5b86f5685089911194109,sebo,,
77cf36796260cc1d119137,Sebxs,,
4ed3385f84011db9e0d3bf,Sech,,
3794a5f1cd028435b5b0f8,SecretiveSuicide,,
30414c573ff565c18c3909,Sedat Sayan,,
53c330cbe2f949ff9eb403,Sedef Sebüktekin,,
2f7e7c4ef3cd3f240a64b3,Seemah,,
6dd06aa39f27160f887907,Sefço,,
aaab166d22584327586388,Sefo,,
e84da59a494a5d49fc2d1e,Segah,,
6c683925d8bb9d66ecd544,Segertåget,,
5e392c4b35d98437ede365,Şehinşah,,
d0b4d1cbcb4730a7db4ce5,Seiko Matsuda,,
91b0391ddb1643042b8a21,Seinabo Sey,,
821624f05e13a01e06c748,Seint Monet,,
f8269adc16ac9facabf7f0,SEKAI NO OWARI,,
ee7a154e84d6919ff4e011,SEKRET,,
f25d6460f39e84d89286e8,Sel,,
401a284fda3e4513d672a4,Selena Gomez,,
806d562dc22b3c03afbd1f,Selim61,,
2d659916f13133948446c7,Selimo Thabane,,
060831bf5155d934c611e7,Selin,,
650441cbc2c2a3ee3aae79,Selina,,
1258a0f82b221891784b1c,Selo,,
e0f6dab47cbdbfac86894b,Seluu,,
67b50a50ab479f957fc4fa,Sem0r,,
50e6f98d89d0f320ec12d1,Semajh,,
a503db3d6b795ab9878f72,Semicenk,,
8a649461b6bb76ef7ca4e1,Seneath,,
66900aa9fb5bfaddcb727a,senjasa,,
45641cf5f4a98566b4f083,Sen Senra,,
219aa6b81b9d6edf1d206b,Sentino,,
f17a1bcf643db782888440,Senya,,
4f4682c3181e9a6dbffb7d,Separ,,
ffc77ee486579dbe38268c,SERA,,
acd7631bbed9bcc66a6408,Séra Bjössi,,
053cbcb395f3d6d468fedc,Serafima Orozco,,
d784e488d2d6c7da445878,Serdar Ortaç,,
b2148a503383531cd971aa,Serena Brancale,,
8584f568a9a98c8014d640,Sergei Barracuda,,
8ab9700f2012916fae2818,Sergio Alejandro,,
41ffbe3c7cacc057bb2372,Sergio Ramos,,
6f37021f96f37dcb9a4b5d,Sergiusz,,
2741e44430ad03e55c7c03,Serøtonin,,
eff4a96b2c24528abd213d,Sertab Erener,,
e3373d8519bbab6917fe3e,Servando & Florentino,,
4a6455c5bdb3e6dd059d2a,servis gosevilde alihan,,
4c5990f0daf6e8c7caf4de,Seshnolan,,
fa6d68ec019949ba890903,Sessi,,
7f5b03752cd750427fd35e,Seth Dyer,,
b3b8c48c2fb5431fb93edb,Set Off,,
2869a3fefca8ee403abd02,SETTEMBRE,,
0bbc2c3b53bd1977d28019,Seu Jorge,,
8ac4530c2926fa0475d886,Seun1401,,
cc7841307e26b43eeecbac,Seun Kuti,,
c54108a575f887abeac419,Sevak,,
96c3c0cd430891f30631e5,Sevdaliza,,
5a3934a33000d829bc5c7a,Seven Kayne,,
e7f75ccd40a77997fc7669,Seventeen,,
30bd93bbb40fcd6010e8fb,SEVENTEEN,,
7f254baf8366e4a3fea9cd,Sexmane,,
3962ea79ddcdbc1ddcb9cf,Sexton,,
2745ad5eceb2d3422ee0b5,Sexy Ru,,
129b231c93a86b1fe252dd,Sexyy Red,,
98fc3f28ee64bf14599bc1,Seyi Vibez,,
2b855d9642fc16481d2191,SEYSEY,,
42a965da9439a601a325dc,Sezairi,,
40ce1a8e34ece330c0d31e,Sez on the Beat,,
00e559c62822cd64c5c12c,sezy,,
b7c5e44b951ac996bcc20f,Sfarzo Rtee,,
fab1b5c2bbdff942b0a1f9,Sfera Ebbasta,,
8c3557e06186f3f67f35e7,sgpwes,,
9d61b25fa3ce4c8b46f8d7,SH1,,
be0d460545eac77b90547f,SHABAB,,
bdc60be31fe8e387afa77a,Shabbir Ahmed,,
72d1198562a8bc748227d4,Shabir Sulthan,,
acd4818da895894743f538,Shabjdeed,,
df00908ed63e0ae8977679,Shablo,,
b2f156153be7b4d68c5e11,Shaboozey,,
31564b39aa944438920f6e,Shabu,,
f0ffcea70e9a4557db1656,Shacki,,
acd7e03ba02c84f5ad667b,Shadab Faridi,,
d8d023b32ee7a81d95367a,Shadow Blow,,
d978f496949eff13861152,shadowraze,,
68450e51fc7544d651c933,Shadow White,,
aa1d0e493067c382099692,Shady Blu,,
63880e697f747f5592c7ae,Shahmeer Raza Khan,,
6f43a9a55b70ec37d92059,Shahri,,
e8db42c8606dda5f6e2c4d,Shahzaman,,
126a78377b9f7ef3208a17,Shai Tsabari,,
3b132df5bcacad459a966d,Shajjar Hussain,,
ee0f9a5cf7cfd0a129515f,Shakes & Les,,
fd030029e26c46461f4a53,Shakin' Stevens,,
259a8d8968478898794226,Shakira,,
838feecbb0020d295bf33e,Shakkii,,
2f440dad8d4990e0dda542,Shakthisree Gopalan,,
98da1757bc7debf49b46c2,Shak'thiya Subramaniamm,,
87426894af6ea427005e30,SHALIPOPI,,
0bc078e5a41f2317e1db08,Shallipopi,,
0b0a394e8350172617107c,Shalmali Kholgade,,
148185d99dce7cdc6f0e8e,Shamoon Ismail,,
01b2863c6b97939d582c54,Shamoryo,,
5f5660af1fb661ce10c936,Sham Rock,,
370502afc45fa44f2df038,Shandesh,,
732c50d5b4b7ff491a8b22,SHANE WALKER,,
326bcea99bc64e899430a2,Shania Twain,,
f6bc91bc9d17c2f66c278f,Shankar-Ehsaan-Loy,,
c14e045f91f82f0a501808,Shankar Mahadevan,,
9836b50c43c9dc7f134a37,Shankarr Babu Kandukoori,,
57d0eb05ce8600d5298142,SHANNI.,,
4cdcb57812c4429b18d1aa,Shanti Dope,,
7872ee311a6098d797f53c,Shantty,,
e7ee6a7ae0e6f824f5609c,Shapes,,
49f300cace1df3144455f0,Shareh,,
3075f8a6b0f52aef9800bc,Sharfu,,
e54a9d7cc64d584cdb6364,Sharik,,
44e8453b7d582aa24a6128,Sharmoofers,,
2981342eba6aab18e51a87,Sharn,,
7fd60938216adb0d60d546,Sharon Shannon,,
d1355e9a81347ee2897fbc,Shartnuss,,
f2e9aaea478476658454a8,Sharvi Yadav,,
ff2c7c1c228009b11e8444,Shashaa Tirupati,,
28d0d53156a2a3e580d8a2,Shashwat Singh,,
3f911924157575f8c3da29,Shaunmusiq,,
14f2711f54727949b7f429,ShaunMusiq & Ftears,,
43d8c52ebe93bcb5b99544,Shaw,,
cac884aa198b011ef5e524,Shawn Mendes,,
611a86b6fa5a349c29fa06,Shawty,,
eee656a834e72a21dff730,Shay,,
bcf8854a31a39582c7f1e2,Shaydee's,,
bdb94d02f585ac678a430e,Shay Gabso,,
91539862d6375d1b040872,Shaylee Atary,,
ea6296dcc3f7fc6f50864a,Shay Wize,,
20e2310e23939a011e194a,SHDØW,,
1d3a67e7178561eaef8f64,Shebeshxt,,
438be7e5ab3b9cd4ca1835,Sheenam Katholic,,
03e160ab16df7271123b89,Shehab,,
ec2a8fa2145dff5fa804f4,Shehnaaz Gill,,
e7f9da4dfa4decc717591e,Shehryar Khan,,
07cdd3d32501905cd6f52c,Sheik,,
cb4da5b91b6d24f3eb2bea,Sheikh Haikel,,
08ccc6b5625c84b8f20b30,Sheila On 7,,
bcc23d1cb07c8d292e8402,Shekhar Ravjiani,,
b7c4aa841c902a136327a8,Shekhinah,,
c9bc6982ec4b2ca6805bfa,Shela,,
f2a205fde6fc12d821249f,Shelast,,
8438e0de24aa9a96f07b18,Shelow Shaq,,
41c25f967648a347613fa9,Shem-Tov Levy Ensemble,,
58835eaaea5de6bf7cd082,Shenbagaraj,,
b3e289b22cabdef2624077,Shenge wasehlalankosi,,
53971fc3d00ffdf19e165c,Shenge Wasehlalankosi,,
f56c03f9c1f7fb3cb07539,Shenseea,,
a3ade3a9f459ad7c87a26b,Shenzi Beats,,
22b45292d236329ae7148e,Sherazam,,
38ea5767cfd164fc827ef8,Sherine,,
0932a4b28d1ffd04786c59,SHERRY,,
bad16533bbfb66d00ef311,shhieda,,
79a989b025858294e4e368,Shiga Lin,,
461648a748470e83992882,ShiGGa Shay,,
a204f71e0d9d0e6d6c1e00,Shiki,,
511bb27c785defe5258f00,Shilpa Rao,,
88611c9b3ff143fd1e0911,Shimmi,,
ee7a818f35f37beb816b92,Shinda Kahlon,,
42019468ec15197fb1178b,Shindy,,
e6f46dd79d4996616f97cc,Shinigami,,
c56f138ea95926375f1ce4,Shipra Goyal,,
49a9a5cbd677d22c7481ed,Shiraz Uppal,,
b9f61bd08dbb17297143c9,Shirin David,,
2f5ec23a7af082f8c11dbf,Shiro,,
1549a2693f4cd1946b7734,Shi Shi,,
a706da6c4c54b2a520e5dd,ShiTzO,,
3fbff0e6b620e4d259dc42,Shiva,,
45e5c03ebc4f0413ddd8ad,Shiza,,
0397e761023bce4e3709ac,Shkodra Elektronike,,
d6f564e407eb7917bd0f63,Shloke Lal,,
520ceacec1b1dea0c646d0,Shlomo Artzi,,
2adf32ec895bdb9aa5cfa0,Shlomo Gronich,,
cbe4d1cb444be8daf4e9a7,Shlomo Ydov,,
36dce8520bfe15fd9871f2,Shmiska,,
4e0b98e3b451b1962422aa,Shobee,,
d439b26016b1c305322994,Shoday,,
6ba45b98b019218854f609,SHOKI,,
e9af690d71cc53da50e302,SHON,,
83a18a7cd1c91b5d1497ea,Shorae Moore,,
99affa963d3edbe39d272a,Shota Shimizu,,
a6a7c0a74e1328dd46b42c,SHOWER,,
723275f3dca7cc0023da71,Shree Mani,,
3d3e359547b11490580780,ShrekDiMC,,
528ed7c21389a5876b9263,Shreya Ghoshal,,
91c7aca4a24d228e99d997,Shreyas Puranik,,
79ba7583f23b178123d1be,Shroof,,
a2c7e332e2ffe5a91b82f6,SHRTY,,
c20d1950bd04b46e57d0aa,Shturcite,,
83468b23bdba8fbd3788eb,Shubh,,
881f3e8df8237f32262ad7,Shu-Bi-Dua,,
8c78f5fe694cd170b6ccbd,Shugoazy,,
77f72383536f8ce23b30df,Shuja Haider,,
4254741fa481606e038578,Shuli Rand,,
891bc0a1697ab0fa16ff96,SHUMEI,,
e1548212cae37fbd2de75e,SHUNE,,
07e058a01dd1ffdd3b3889,Shweta Mohan,,
cea6a20d5980ac4c68fe62,Shxnnon,,
42f182727704ee681a3020,Shyboiitobii,,
68db326e50c6c38d8e156e,SHYDE,,
cbbbabfb293b400aaf3e5e,Shye,,
d623913f5ce00ef45f9532,Shygirl,,
0a9ce9c4e63a1064947e31,Shy Smith,,
711634a51428a76793c814,shy taupe,,
69058b01505ecd89295889,Shyycloudd,,
e7a32095be1f9eae17dd3f,Sia,,
5c176245a551175eb6526b,Siaka,,
e685a2f24e43d1e35cb3c7,Sia Mzizi,,
be0cb599fc446ffe010386,SiarBeats,,
391244d8ae21fb0c8a8cb1,Sibel Can,,
72c66d1f9bcfa63ab421f9,Sica,,
e88d7dbcbb4c2178dace11,Sicario,,
168def0bcc078974a1d543,Sickan,,
8d5ccf398f7e970d56a850,Sickick,,
7d0b6202c7ea083f4a76b1,Sick Luke,,
d4006c81d3a02e997a8910,SIDARTA,,
fbf8f435d3d8420aaaeacd,Siddharth Basrur,,
1bdb74b16a36e817b37472,Siddharth - Garima,,
a83a505c319a9806299c70,Side Baby,,
8d63864a9aa85890ec81e1,Sider,,
816daf407c7b1d605d849d,Sidhu Moose Wala,,
c99d3b70f8a2830fe89ade,Sidney Sims,,
0719c11fe2f81c5dc984ea,Sido,,
2985ff65c4672949fe2340,Sid Sriram,,
51cca5c66ed3b4d8135fb1,Sierra Ferrell,,
dd1d53d8e4dd0a5c2aa25b,Siete7x,,
9c906cf252003e9d5b641b,Sif,,
0d12605700f71cc8a8b850,Sigga Ózk,,
3b0aeaac8118a7d915a7de,Siggi Pálma,,
bee10d563d2e4ce7c12c8f,Siggy & D1ns,,
827faff1bdcfe446237c4d,Sigma,,
c918e587b4a577cf377df9,Signature By SB,,
83d64db052aad97b78773b,Signo,,
4cd5d0db5fbf3bd873d30b,Sigrid,,
23edbfde10c26cd2d38201,Sigrún Björnsdóttir,,
1b2552cb5f64b017081c0e,Sigurður Guðmundsson,,
ed76cb34a8bd1a90f141b2,Sigvardt,,
a54745c88bcfdf9628ab91,Siiull y Yeyo,,
8aec6611de402a445cb8c5,Siju Thuravoor,,
4a789a43338253e0e0cd9d,Sikander Kahlon,,
a402307be0e5896b9ec245,Sik Jagga,,
1df995d40262c973a10dbb,Sik-K,,
73fc9736e3a51b8e8fcebe,Silahsız Kuvvet,,
91a7df622b14c9635fe74d,Silas Africa,,
6fb7af019c8e8e04af8d4e,Sildak,,
bd34c7f4288c6a128091e4,Silence Wang,,
5b75978193dc64b750a744,Silent Addy,,
23e36ef15c8a777541faba,Silent Sanctuary,,
c5ceae69ec9e6c61699166,Silenzio,,
302d16622bdc3dab85f8b0,Siles Hendrix,,
aa9f3e08bbcdf1b65f47da,Silia Kapsis,,
7f1f7d0929aa0c837cfaf4,Silk Sonic,,
a7702809ee4c0162945b60,Sillyelly,,
7ff4ae94d7a206f17fcc50,Silly Fools,,
04215dfe74362a9b63e0e4,Silva Mc,,
dfec84240b462abdf3ace0,Silvanno Salles,,
f96e345fdc19cbd4cf1525,Silver,,
7b5f92193eee0cff6b4598,Silvester Belt,,
02567e5389bbb491779760,Silvestre Dangond,,
5c8123eed815404535682d,Silvia Infantas Y Los Condores,,
8b43e6b57b94f9dfa4f3f4,Sima,,
7fa7146a7cedad9a7c791a,Sima King,,
c1d4dc0f8e8e2adda36605,Sima Noon,,
21478784680668df9df7a4,Simar Kaur,,
bb96fd64fa84a08eabe6b3,Simba La Rue,,
1e81fc38cf6a5c2fd53698,Simge,,
0d1a818bb2e7b14e063670,Simi,,
5781bfd4c9fe4c537ec5b9,SIMILIVINLIFE,,
605419dab370b0d5e46eff,Síminn,,
c728d6c173c264f4d8fb53,Simiz,,
024491205a7e6c0d91c545,Simmy,,
9d0db40f95ca3cd87e565e,SIMON,,
b5bdc1d816894d872b13bb,SIMONA,,
ab29c3f6464b408fb7c3e1,Simone Bigioli,,
52a8b50a072057dad5f4a8,Simone Cristicchi,,
1a2d6bb4bd0003a5c22b6e,Simone Mendes,,
748021d2da9911676b42a9,Simone Sommerland,,
46329f73c2b4fc5c48e009,Simon Superti,,
dbfb2db7245e910aef338a,Simonu,,
f61f9b215c73d92aba2ff5,Simran Choudhary,,
96d07b12d55b3faf772635,Sims Noreng,,
b8049efeac46ace9390342,Sin Bandera,,
cf92342ae1e2e42aa8c943,Sin Boy,,
1df9db5152959c94579fcb,sinbrega,,
6ca9e2d793f678aba7c1b1,Sine,,
0a8019b161e2d3381d35bb,Sinéad O'Connor,,
8fbca2d5daa75875e49999,Singapūras Satīns,,
fefa8956889a9be1306fcc,Sini Sabotage,,
9d71fa2e4b0b96a5116247,Sin Laurent,,
919c905c4437dad9e44eac,Sin Límite,,
d85fbb6ac9ff6a028eaa87,Sin Nombre,,
e91712207c2d15c19afc7d,Sino Msolo,,
1b59fdef400fa0514e2f92,Sinterklaasliedjes Alles Kids,,
dbccb9ce75f73244222dc5,Sinusstøv,,
4e4447c7166d0369fb093e,Sipho Magudulela,,
0887248493a913cf69234a,Sipho Mchunu,,
67eb552797ba836bc023e0,Sipo,,
9cf2fdbf44d59c22f4c552,SIRA,,
1ba609fed13a6c76c0e378,Sira Jovina,,
dea405e768dbd754e3eb21,Sirkus Eliassen,,
63b12da72aca736d15c626,Sir Mich,,
696a2cd2cd4ecaa36a3d0e,Sir Napkin,,
174748a21d55c2bb20f0e7,Sir Trill,,
75ce78996b568ff7c9d248,Sisi,,
d1b6b8046af4a7a8f4ee8e,Sissal,,
05483d5840e29f20389e45,Sissel,,
a7e653d5320cb421eb3430,Sithara Krishnakumar,,
664e43082de0b98c2948b9,Sivan Talmor,,
874508d000420ba3f53660,Sivas,,
13aac73ce7f08aa73366c4,SIX60,,
18dd833c0361d63d240919,SixFourNine,,
ec2ba7866e00cd5a196467,sixnite,,
817abc2498c245f0783d3a,Sixto Rein,,
29c5b931a1379154177cd9,Siyabång,,
fbb469baf48892fc729a36,Siyam,,
9b797c231e5422810f5962,Siya Ntuli,,
bc32bfee2d82fe756b2fd0,Sizwe Alakine,,
c2f73db41892a3d9d4a4a4,Sizwe Nineteen,,
344aa7f7643de72e48d267,Sıla,,
0ec23dc687bb857b693060,Sıla Şahin,,
96b79d9f22be53e7eb7b1f,Sjakklubb,,
1adc45116c8473f4f32697,SJAPPA,,
a2adfc06a3d81f69e8d10a,Sjava,,
8905c5b2a46240f182bb59,SjavasDaDeejay,,
e1ab06758a3d4bbbdd3c64,Sjavasdadeejayj,,
e93c83e7ba66b2143a904e,Sje Konka,,
4db737383a1b235ba5b13c,SJE Konka,,
058dcff8e9eecd9c219c4d,Sjorleone,,
4463c071ea9d766e706c1c,Sjöroos & Vesala,,
6e5cb0cbf19f1af181c44f,Sjoy on the beat,,
e1793137251599453d4266,SKAAR,,
08c10c9d3d9691f96ad85d,Skaldowie,,
1ccc78f710e5430c419737,Skales,,
ef11bf8f44d0e5fc10268c,Skandal,,
9999e69075aef389996d06,SkandaU,,
2554df9fde5d6ce3f9a299,Skandisoul,,
4a1c17d738c1085572e9c0,Skepsis,,
04a8e5fa49c2ce96366548,Skepta,,
192acddb63542fbcfbf126,SKEZ,,
c448985a78ace6c26cfd99,SKGLIZZII,,
d09c60606fdb9cb9ba2c56,SKHANDAWORLD,,
ea58805f6d0a8ffcac1045,Ski Aggu,,
f753de28d46ff4f8afbd6b,Skibovicz,,
e6808a9adb80406163746d,Skidee,,
38cba75a1c2ca281d4520e,SKIDRI,,
464e08e620a7eb455740e7,Skillibeng,,
640dd7c31da4c015ce3e25,Skinner & Lightning Seeds,,
f98bc9548127488be9d48a,skinny,,
556e92d914a3e895e794f9,Skinny Brown,,
51fb1e34e080119955f2af,Skinny E,,
34d0adde9091377905b59e,Skinz,,
cbdca6b66a121a562048a9,Skippy McDippy,,
87ded58a726dc654961af6,Skitall,,
32631cb41239e0e4a56ff8,Skive,,
1a948220c76d4f16e5c184,SKOFKA,,
9a762bdb015a8733034ae3,Skolim,,
9c2f7f89687fc3cfc0dc97,Skomota,,
03fe60394030a623444ccc,Skorde,,
19b0a75e9aef564cdb2f5d,Skoul,,
ae14bb50ba1d8218536b37,Skread,,
992e1b49ee62cf08fd69b4,Skrillex,,
331eb0029612adc2228bbd,skrt cobain,,
3bdc5dc68050f58df6088d,Skryptonite,,
8c495efaf9b97986f81d21,SKUNK,,
77370662ed7c733f0016c1,Skusta Clee,,
90a950b42f3bcae11d09fc,ŠKWOR,,
8fcce50f392a6fab43f30d,SKY,,
ef3d62c99777e784aeb865,Skylar Grey,,
2c54a3d3c206b7b24fc8f0,Skylo Venn,,
41663f9503a77aea82c1b4,SKY RAE,,
82594863c7df01a9561a05,Sky Rompiendo,,
837df193dfda3dc7056929,Slade,,
04f12d4923ec5069ac75e6,Slaughterhouse,,
e8cc73ee41571eb90e6e18,Slava Faktor,,
a3db66f5a92f7a2bec817b,SLAVA MARLOW,,
0eedaab30267b5de2106c3,SLAVA SKRIPKA,,
dd281141099c830b2fb4e0,Slavíček,,
b4523a91a9fc1c52b5dd51,Slavi Trifonov,,
e1c81ecb0fc6635e6989a1,Slayter,,
aaef648da0b7c8fc98bfe9,Sleep Token,,
145a58a80c5ed5815c4dfc,Sleepy,,
895205b7deac0ca346b776,Sleepy Hallow,,
e0dfb1a06278c9b95bc5f1,Sleiken,,
47733eda0c9e7e59fc426a,SLF,,
60454269a80ffd5539ea5d,Sliki,,
9c21657acc7a9fc86a0027,Slimane,,
4781b8e913afccf700584c,Slimcase,,
5288d0f28331620141ac0c,slimedemidemislime,,
c07884f4d7a7ba638bc133,Slim Ego,,
127bc028779b4acf93e48d,Slim Guru,,
cfcfaa2763313e7ee8aa21,Slings,,
5b4793c9425f45da649964,Slipmami,,
2bf96627f79a7584a6c20f,Slish,,
7bb62caf2264bf098ff7b1,Slowboy,,
a7d73bbf415488599f0278,slowez,,
771a81b794fcff8d665e74,Slow J,,
44eaaf2995510f8de54469,Sluwe Ollie,,
3fc243cb0eccd5f97ec8c1,SLVG,,
654b0765cf550704982329,Sly,,
915a24d72da97cdb52fc0b,Sly Pyper,,
faef32fadcb1fae7e57562,Smack,,
a8576012e1460ce1b7c2fb,Smada,,
f98871d074ac0eddfb5e80,SMALL J EL DE LA S,,
060cb59e32b207807e8ff5,Smallx,,
83b0953304ad70075faa84,SMART,,
a8596b042a9944dc625041,Smash Into Pieces,,
23a38e414a7d7355637317,Smash SA,,
aba6b22441e0dfc97564b7,Smeazy,,
c0b0adb83a160692502b72,SMILE BEATS,,
af8b01d494f9e42a95b5fa,Smilers,,
d1b145842e9b731a66eef0,smiley,,
2e4f0806632f060b2f1049,Smiley,,
ad9e516a5ece0f4c40ed70,Sminofu,,
9cd87525fc70197527f673,Smolasty,,
2a2ffa8f13220befbe3081,SMU,,
e423df2d97931b3113a9c7,Smuggler,,
e744c541d8ca8d40f4dcff,SMUGGLERS,,
76fd9d563d241900054780,SMURDHY,,
d2066f508943843d9d9ca4,Smur Lee,,
c36b1c51244b66f9628952,S.N.E,,
af917ada2a480ed42bdd20,Snelle,,
c0d60765c53a45b6e28e1d,Sneziey,,
5e832ba36c6b5147af9dc8,Sniglabandið,,
a75e5a79e6a4219cb64608,SNIK,,
358c197976d2110ba64fc9,Snir Yamin,,
562bd46040f3c2726a5f9d,Snollebollekes,,
f31a2e2097bc3b57e9980a,Snoop Dee,,
968c10f8f15961d036ca89,Snoop Dogg,,
9590bfa3d0fca9bfc973d1,Snor,,
acc07800156555574e91ec,Snorri Helgason,,
c5f7e23c976448b2ad6622,Snova,,
5b93646ac0ddec8af3c0d7,SNOW,,
12b378e5af9fd40b559f96,Snøw,,
93eeb0a553da0784fbdaa2,Snow Man,,
a6b65291555b0d78a2aed4,Snow Strippers,,
7eac03f35b9a3f3969b15d,SOAK,,
858352a26e9911e1491036,Soa Mattrix,,
e98e5a0135f14a90d792b1,S.O.A.P.,,
72e4f1a61efb42bee3f652,Sobel,,
e55106850ba49700fa71da,SOBOL',,
9066257d4dc8102af5a5e6,Sobzeen,,
d32127e4b1dac23f9e1efb,sodagreen,,
34172c0fa46b6b0423d258,SODA LUV,,
d8e57621397dda316f8207,Soda Stereo,,
e491527ab913644e3dc755,soffie,,
5a8773fc4a743c3c6fe450,Sofia Carson,,
0329720aeb2122ebed00ac,Sofia Danezi,,
7020428bd6577be8e9720a,Sofia Källgren,,
012fa7ab868d138c1727a6,Sofian Medjmedj,,
cc93fd1a743ec37e63f244,Sofía Reyes,,
878d4985b6b497d3e5fa52,Sofia Storck,,
8169de6061c5bb56adc7d7,Sofie Svensson & Dom Där,,
edd45dcbbbae19e87c0e5b,Sofi Marinova,,
a65bd06f27df47f4ff8206,Sofi Saint,,
9720cb73cf54fd02b260e5,Sofiya Nzau,,
988bd1b72b1f51f4d7cd8b,Soft Blade,,
812933d2c653ace443fa0b,Softo,,
003742619cefa0b3d4213c,SOG,,
5271501793f9bbfc3bb794,Soge Culebra,,
139872b57977290b09efeb,Sohail Sen,,
fd967ef3e6dccea5eaad01,Sointu Borg,,
d63dffc2e3892f2649de1c,Sojabrat,,
6b7cf50d7c42cca884153f,So Juice,,
e21fb58c0f58f916a4e8a7,Sokół,,
1bfebb7ad5078cda7a5f10,Šokoledas,,
cadef453800f7fc70132e2,Sokratis Malamas,,
c21cbad87918d172385556,Solange Almeida,,
9a7286be6a74d651eb3093,Sol Castaño,,
787848f2ec6687b27dcf73,Solda,,
1072b19b018ee38f45daee,Soley,,
c4bc946816c425c4c724f7,Soliaris,,
e41480b6bbfbf7407974a8,Solid,,
a5ac2f43198322e0060bc6,Solidaarisuus,,
88071556fc93746176ad11,Solkatt,,
d4213ac4ad90f5d05931df,Solly Moholo,,
c8dee2b8e9c0ffcce68386,Solmeister,,
7447b59c0915d95475ef7f,Solo Ansamblis,,
209dcdd9fa8bc022f557ec,Sol Phenduka,,
a353d3ac1c3c5439d0dca8,Solven,,
5619d20f42a271281e6c9d,sombr,,
a64fd5254fe32f6824cf97,Somololo,,
fa01558e018ba0ffe09d56,sonblue,,
a8a60e7934814573440533,Son del Duke,,
aafa78785e12e9777e5b3f,Sondergaard,,
1f829aec6f1f5fb1db4a18,SONDURE,,
9797710ae64990ddf49d3a,Soner Sarıkabadayı,,
89d80f6b546ca71ff35324,Songer,,
bcc69a53b67174096032b2,Song Luân,,
fbb615c482fa709e95b355,Sonia Barcelona,,
91ac7bddc5b741cc40ff8e,Son Mieux,,
89a75f2715fabf1013c48e,Sonny Fodera,,
8429e97e23bbeabaf5a15c,Sonny Wern,,
a2b0d37ee2a2709007a603,Sonoko Inoue,,
abf7e340d784d760d04d7e,Sonora Malecón,,
2c7309ea7524f21f30b3a7,Sonora Palacios,,
93c0bbf0cf35d7372e9d6d,Sonora Siguaray,,
2bc55ee48081ebf53ecc84,Son Pascal,,
0e13146751cae6057c3589,Sơn Tùng M-TP,,
1836c6aee550ce4b758ea0,Sonu Nigam,,
464b7980f082eef3b9bdff,Sonus030,,
734595b37eb449f36879f2,Sonwabile,,
1c1c8546951a8fa16f8278,SOOBIN,,
7066f6f91693c0cbbd35f0,Soolking,,
2a3401df28ea6a8f670fb3,Sophie Ellis-Bextor,,
4c3159f216b1585e118d55,Sophie Shaw,,
c9a38234999a03c53e20a2,Sophie Stray,,
977feb58bbe92b2a45e696,Soppgirobygget,,
ba4b1cdf6f54d4295f4107,Soprano,,
0eff1546e108f0361fdf3b,Søren Poppe,,
4bb5ad1c3355c2e0bed7c7,Sorriso Maroto,,
b3147078778d44729f9097,Šorty,,
6f9a932b277318077c795a,Sosa La M,,
bcfc77c9ffa446fb99f3e6,Søs Fenger,,
08fe2c6501656117af27d1,Soso Maness,,
f982f59cb4d8ef1cd7002b,SOS Project,,
a387f4d9bc7cfbba1af88c,Sossa,,
d4d51a57cf7080e1fad256,Sotam,,
1de833b1620fff0591ff43,Søte og Rare Gutter,,
e3e85dd3a59d60d9453201,SOTT,,
c839efbae39b472303fac4,Soucie Spogk,,
5e5e55751c8012e240794f,Soufian,,
8a68847ebf6d713ded5f47,SOULFIA,,
04fc8e745b389478a74360,Soulful Disciple,,
f8459ddacc6a1881c86ff3,Soulful G,,
8b920616ff0b14b44133fd,Soulwave,,
ffe17aed62d52177da4065,Souly,,
2daaa2efd5c07d27ec0055,Soume,,
22c3f359168c0fad49107e,Soumya Rawat,,
53aaa90b8e4059bff01421,Sound'n'Grace,,
f19e6ab90f8789fd09e84a,Sound Of Legend,,
2624d009d96fc73c8cdb2d,Sound Of Salem,,
b39e79736248fb683c5839,Souryn,,
0930c65d9a1ea2e8cfecd8,Soushi Sakiyama,,
12427f326457a7ea45ed99,soykan,,
dc7979b2fba7d8a3493c58,Soyneel,,
e400eb48b392ceb0f3dd2f,Sp93,,
6b59bf4cd3d581f3310157,Spanker,,
5bd76cb496e42dbd88ac4e,Spasministrene,,
eeec91dd16c580d568b648,SpecialBeatz,,
d6081fc565e791ea088543,Spectah,,
d2cff476ab47c4233d12e0,Speed Radio,,
d96d1daff42216aaca44b2,Speedy,,
2e74e7aba95a8018f72fd9,Spekti,,
b34192eb10613ca6fbe64e,Speranza,,
b4efb35349e5d93905531b,SPF,,
7f66fb19fc623e8550355f,SpheCial,,
b28ee7c875d1b35fdd6325,Sphesihle,,
6e5eb65bb4115060f88ad4,SPINALL,,
c3d77647637ff4e8775a75,Spirit Of Praise,,
ef299a3f584e9cc6ac337a,Spirit of Praise Choir,,
f5c3397a545c9c32a8f81c,SPITZ,,
f1bd30fdcc1b96ecce5b58,Spize,,
734363b35e7fdfc7537083,Splitzer,,
35f8be0fc1d36becf32e5f,Splyn,,
842020a2298895dfe4bc24,SPLYXER,,
42160cb9a7882deb5a3e97,Spooky Night,,
c834509eb7f429747b3a25,Sportsalleen,,
a138ff7302e2dca63a684f,sP Polanco,,
16f88e2caef3fffd1b4bcb,Spreen,,
620ca98234bf9889ec37f6,Springle,,
e35f71d1997ff060e7a84d,S.Pri Noir,,
60c9acda52b2d8be176181,spuffy,,
cc62c917a08671641d9c68,SPYAIR,,
61d167838944ed2b9d1c61,Spyro,,
bebc91881140e8d1306e04,Squidji,,
2473d6330df46cfe00df80,Squirrel Flower,,
4f7fb6ad18163b607262fb,SQWOZ BAB,,
c5065ce7f536120b536766,Sreehari K Nair,,
1c684ace9bfecdf1d48f20,Sreenath Bhasi,,
cccd72469e56eb97fe4079,Sreeram,,
fe47d748744d0bcfff1d0c,Sri Krishna,,
a912640015d236293f0700,SRNDE,,
02c8af7f272dc16d5d37aa,SRNO,,
d6b835105e6ba151710853,S. Shailaja,,
23f7aea788f73df61e33a6,SST,,
b0b3091ae2f2d74cfa7ef4,ST12,,
17e27a244e7bd8bfacbbe0,STABBER,,
62a4f734e276ab7b3d86d4,Stabil,,
7b2970d4873d39e4744710,Stability,,
8ab1d5d152c53afe866114,Stadio,,
381356b242ba22580072f1,StaJe,,
cb2c36f5970d137a39c571,Stallin Matsitsa,,
aef5e816671a4a4dac2e40,stanasx,,
d3ef5fdc4094ce76458890,Standly,,
1d460881d52afb4918e97e,Stanisław Soyka,,
b34c7c6fbe78d3825bd949,Stanley,,
475a315623901fc2631f72,Stan Walker,,
2d699ace57c71a4956e17d,Star Academy,,
ce2bb60869a9d438b90592,Starboy X,,
46f5689629433d42ffa9f3,Staredd,,
3608c9b63e313f6aa9306c,Star Shah,,
cb02188868aa5658da02bd,Startuffo,,
9002541d6a4132f557c935,Starzz,,
84a8921b25f505d0d2077a,Static,,
1017d73edda478477e960b,Statik G,,
b10410561a98bca6678720,Stavento,,
e8b75dc9ba1adb479f605f,Stavros Zacharias,,
2d19d0df2236d97da0881e,Staysman,,
e912481995e13aeff207aa,STAZE,,
e14378b812ac4007be88db,STE,,
8f620aab47264c94284683,Steady Gang,,
9b0fc6638c1d0f90400c76,Stebbi Jak,,
2c7baeda9e5bb78d147b5b,Stebin Ben,,
734b9fba824ead948f14e1,Steel Banglez,,
ab94f6fc348b89544efc7c,Steelo Flow,,
90a9e8995051bc7703b6c9,STEFAN,,
5c3bd5a69b660ea8c1ebec,Stefan Costea,,
c318d8189902565dd2af2d,Stefán Hilmarsson,,
cf28d0b16d916ba25fcd82,Stefan Hrusca,,
5bf9acb8d4003f16a0f04b,Stefanie Sun,,
4dd1c651f90f96476f54d2,Stefano Cilio,,
4fffea46331ab51134f008,Stefan Raab,,
32d94094cc9603b9542e31,STEFCHO BEND,,
3217fbf03d5e4f2981b229,Stefflon Don,,
e62039578c27c67a886a9d,Steff Money,,
1c074c1b4dcfa169635387,STEIN27,,
ba8f848c3d32ed4bfaf0c5,Steindi Jr.,,
fede5b7d22a12ef7a83bbb,Stein Torleif Bjella,,
a3000bdbdd16af70cdcd30,Steinunn Jóhannesdóttir,,
96aa21dc1e3aef8ea21479,Stelios Kazantzidis,,
12a6883caf0d3c143ad97e,Ste Milano,,
a390b73abf90c2fb50c54c,Stephane Legar,,
6b1bfa09996018266b1e03,Stephy Tang,,
f3a29486bed19a90f2da6d,Steps,,
e636cbca4e87db28ffab06,Stepz,,
3cd1476508a562a37beacc,Stereo Wall,,
2381276c1df2478ba77be2,Steve Earle,,
5a8f6e90044382a1dbe9bd,Steve Edwards,,
c6a857fa6747e6741ce8f4,Steve Lacy,,
235578749862ff4b541d6f,Steven Vitali,,
e655e3350fa72714b3e093,Steven Xia,,
bc0be61d02f84dffe9031c,Steve Sniff,,
9ed6762e12332759f736b2,SteveVibezz,,
7b50eca6454c06e2b87b7b,Stevieknocks,,
c22fc4a75c699f0571bfac,Stevie Wonder,,
10503bc666c2f6c48e37de,Stickle,,
b97635b15bcf5cd8ce9938,stickxr,,
d8f6d391ba573fe747a336,Sticky,,
0870bd859369a899f827b1,Stiftelsen,,
71c760317715350e2413c1,Stig Brenner,,
3ccca65d3d9843b81f4e25,Sting,,
9f44d3cb8921b366682e5d,STIRNA,,
d71eb375e8675f2a068378,Stixx,,
abddf8e6ca2cdbea41f6c0,Stolou,,
3debbeba002fdd29f8cd67,Stompiiey,,
6b6938e4f2b9b9a2758a66,StoneB_Deboss,,
4fc44d88f640aa5d3ec7e5,Stonebwoy,,
ab94f303ee319202b773e7,STOOR,,
a2142a0ddeb577248dbbc2,STOPBAN,,
c0e433deaf38254dbd2282,Storm Barnesanger,,
908228e8d5139a6e935a60,Stormy,,
5916e565c90c564d6cf465,Stormzy,,
e3d767ee4d17659fd5bc23,Sto zvířat,,
ca3c31cee88fa9b267fa12,Strapo,,
36265f53c2f893991669eb,Strat,,
c72fa5f87d3497deee86f2,Stray Kids,,
312ae7102ff7373b38df51,Streetboys,,
e12a777e7d9ca9df19efaf,Stres,,
1a17d5f8af99355edd8a92,Stromae,,
91c4444ed19cee7df6b126,Stryv,,
5784d4c02a697f82f16f7a,Studio Accantus,,
6955e7301b6fc1845fc68b,Stuðkompaníið,,
c0d7c62de4130ee5138a6b,Stuðmenn,,
aa08dd75eed9179d845313,Stunnaman02,,
f10ae4d6594d0772391391,Stylo G,,
e99680f539b1c7c1c4f928,Suara Kayu,,
35d625afacd47d48c9e150,suavé,,
0a399cdcb551250d61a6d6,Sub Focus,,
1d5b05e68b8a489f631ea3,Sublahshini,,
711e2f6cda36b8f3e0a453,Subliminal,,
0308ac418a87ca8b355cbf,Sub Zero Project,,
a597818e0771ec18d87dc8,Sudden Lights,,
7e735d031481102ad3b646,Sudrabu Sirds,,
75b0bb65ae433c861251aa,Sufian Suhaimi,,
a943b37838a2e5ec127bba,Sugarcane,,
c26cc8c327e4ec4499ee16,Sugarfree,,
06b13046522130608a88c8,Sugarhill Ddot,,
78c3b032b67a99102fc405,SUICIDAL-IDOL,,
c8bcd6ecfe470991759201,Sukha,,
66e14b114d906df80bf5aa,Sukhwinder Singh,,
62643f3cd37de6d02153eb,Sukihana,,
42aed3ca0b0580fce4b07a,Sukima Switch,,
5670e366fcf70701da277e,SULIM,,
8e0e4f78d893fac23615b2,Sultaan,,
27471ca8a68e9412ed3c9a,Summer Cem,,
ca80fdc456369827bbd079,summerdayy,,
431b13f5a3c01f2f9e7533,Summer Walker,,
7f080d99eb4b3b440ee198,Sumo Beats,,
f00c45ea466dcb68218171,Sumpa,,
fc2ef013c81c0c5c4266ab,Sun-El Musician,,
e5218fff0cfd410419c6c9,Sung Si Kyung,,
a7a1463bc2a02ed671a248,Sun King Rising,,
8675db8c8b945099c7473a,SunKissed Lola,,
5d709a212b75e453034f46,Sunny Malton,,
0c950bca53557df15a054d,Sunrise Deep,,
fb5385549b6d0bbb08de42,SunThugga,,
4ed4edc54b2fcc37ba097e,SUPAFLY,,
bdd4a52add24008b0e09a9,superdupersultan,,
505bdabb85e65f6238c800,Super ED,,
7f0595793ea05b38dde4aa,Superfly,,
f8eaa63664080d9b7aa20e,Supermanagement,,
d83d667740b75782a5864e,Supernova Ent,,
c6a12ce2d331f5340b38cc,Super Rob,,
39c2728980dbcb4abe69f7,Super Subu,,
389b028e0eaf71eb6be43a,Supporting,,
e02bd7ca33f7aa72e66a8d,Suresh Verma,,
df8eacfb43d5990ca06ed7,Surf Curse,,
c63e3a440f41200c68c394,Susa,,
8d23d7884ebb2f459d5a16,Susanne Sundfør,,
63f32c8e80bd5bdd33cead,Susanu,,
684f3b406504441195339c,Sushil Kumar,,
b78c12bf0c762f82e82936,Sushin Shyam,,
5e152be84821c00c09fcf6,Suspekt,,
ef0ee717f7fae3fe1605f7,Sustancia X,,
275cbeea73bb6863071160,Susy G,,
4239773b8fde8eb9ba572d,Suur Papa,,
f942c1f89b39b55a8d1bad,Suvarna Tiwari,,
a0d4447edb0c3b0007a0b5,SUVI,,
97d446b9df23946a11b6c8,Suvi Teräsniska,,
466c9a65d5890a72e5afef,Suwal,,
302dcb5e91698b6154ac2a,Suzana și Daciana Vlad,,
df78cb080500b904365c67,Suzan & Freek,,
1738655809ae9447862291,Suzanita,,
7c41988395043922b96953,SvA,,
cf7d4b6430f489bc4af945,Svala,,
e4dbad09ced7fa29c96795,SVEA,,
16b0cddf960ec3901790d0,Svea S,,
25353193adc34dc9db7604,Svenska barnsånger,,
4d4c7714be82bf5fb98287,Sven Versteeg,,
864a90689d97e07216c056,SverigesOsläppta,,
e29eaa793900175425d0cb,Sverrir Bergmann,,
891eda5c97bcc268bc484d,SviMA,,
0121d2b1c45a8116569917,Svingenkoret,,
73e93a79255ac3103a12f4,SVM!R,,
69962c83ae513938b681b4,Swae Lee,,
07dc2a4ce289ea616e2ce6,SwaggGlock,,
5815d9fad3fadd4b10f7bf,Swanand Kirkire,,
57610422a76b178d30ff09,Swapnil Murlidhar Barphe,,
6fa6797c5622e465278e93,Swapnil Tare,,
6635912a80cf833c879725,Swara,,
7a2c688423ffbc14d173a2,Swara Verma,,
0b0f68016117ebf7201f27,Swati Mishra,,
3134ea9306a9cc696d6d31,Swedbank koris,,
e096cb5c07445ebdd584f1,Swedish House Mafia,,
988d663729489703fe233f,SWEDISH WIFE MAFFIA,,
0e4b4657d39d43a620e6c4,Sweet Brown,,
3dd083a5745a8af16e65a4,Sweyway,,
a827d45a872247c4ddeafd,Świeży,,
21f2f0a2d447d95a372d5c,Swift 047,,
88248f0500ab0a313005c3,Switch2smile,,
93a38a6d1fc5c6f8b8a7f5,Swizzy,,
417d05effbe15bae864d53,SwKeith,,
5d606506530e6a0499c411,Sx7,,
f35e58f36c35e18d68494e,SXTN,,
5f9e4794b1855ad1b8e14c,Syd,,
ae0e2e1be89f34f958537a,Sykes,,
fbb10e2641ca59528accf7,SYKES,,
dcb85e3eb800949b9b529f,Sylwia Grzeszczak,,
bb034fc23bf258123d7665,Symba,,
b7cbab621b65d38df02ab0,Synne Vo,,
d7e07d4ef8fdcfeefb6ad1,SYRO,,
550ef83d82f640c2d6deee,Syru,,
73d23605b2ae7687245381,SZA,,
c03ca872ee87449734831c,Szakács Gergő,,
2526e44558978e3931081d,Szalai,,
8c547735bf022c7339c5a6,Szamz,,
337d7fa34b085b86053648,Szczepan,,
29d1c0d5abc65a6777a5fb,SZK,,
a0a304d104e2d6ad5c9c94,Szpaku,,
64c4f23f637f3745038206,Sимптом,,
b9ece18c950afbfa6b0fdb,T,,
e70ae819866c505364bd35,Taaruk Raina,,
6c5dc479d110ff7f2c2448,Taavi-Peeter Liiv,,
c23fda5885f208bcb9c708,Tabitha,,
c0de4ac8c6ee7e7fd98ea1,Tablo,,
d84c15cece7b07216a34af,TABLO,,
adff3c9daace1cc45c155b,Taboo Plus,,
953e57155036973f31c8bd,Tachi,,
fcaf00a6f80313e2b1f451,Taco Hemingway,,
e84a53e0bbb24a23d88b2d,TACONAFIDE,,
2598461643161e886d081f,Tadeo,,
8146d3b7899a8246666526,TAEMIN,,
33bc89476e6c7bae8b5393,TAEYANG,,
fd350a32703704eb70999b,TAEYEON,,
b5de00e478087bff0517d3,TAEYONG,,
a9285aacc40b6091812e26,Tafia,,
ea511d0f3441763ba2e9c0,Tage,,
e7ab7127c1399526afda6e,Tagne,,
6cc1885448e8cd2c6e11a4,Taha Günday,,
aef8da6f5fc940fb5c159e,Taiko,,
d44d5342f3daa60e104aab,Taimour Baig,,
cd20848df567ba4cfef91b,Tainy,,
4ee5fa4df80220e5311858,TaitosmitH,,
21666144a4062bad22fb5f,Taiu,,
04a23803978841d1dd9950,Taj,,
24778a582141315caba650,Taja,,
44a6c3da784d071e535f31,Taka,,
2f821ac3177fe9593b4e7a,Takagi & Ketra,,
34947528078d3ca71fadcf,Takanuva,,
c9d401ed29f390c858d03b,takenoelz,,
33c8f038bb75e8e4f274ce,Takt32,,
ff75cefcadded5a7ac0d54,Takura,,
d48138a76c61e01950a5c6,Talal Madah,,
e6712a63f216065b7ec5cb,Talha Anjum,,
c19b6e64bc720970acfd5f,Talhah Yunus,,
781c8f59af5ac13aa02ac1,TALI,,
988c625c260e7802cbcab7,Talking Heads,,
e90dd48e409b1cd67160c6,TalkinToys,,
6d856664acebbfeb1874e0,T.A. Loc,,
dde8c44730572e0f729ffb,Talwiinder,,
a8fc036f7a24534c9d1a9b,Tamer Ashour,,
096ba622f524700d2bfe3f,Tamer Hosny,,
50c8bbff43ffa73d4eda2e,Tamia,,
7092ec21ed40227c646967,Tammi Terrell,,
cf878a22636f5143479514,Tam Sir,,
3356983164d528ad9c87f4,Tananai,,
f9a2076f1c131cc1de9ddf,Tan Bionica,,
fcd85cbca258073ad77961,Tanel Padar & The Sun,,
8340f26a3bb470399f66c1,Tanerman,,
4bfe988ae5e76f5d927c03,Tăng Duy Tân,,
de44c9ba03b1b79205bcdc,Tang Siu Hau,,
ff62d06fc4eed8f397e75f,Tania,,
a995d880791a5679084a2f,Tanishk Bagchi,,
1d9a0759517a842e8e678c,Tanishk-Vayu,,
d1ec2e6d3c8769d3151452,Tani Yuuki,,
c612a77e1b97037dc56c10,Tanner Adell,,
fad2f673be7b6db14a866f,Tanner Orton,,
63d830c48b1622a974bb5e,Tannya Hidalgo,,
3dc5bfa8a176420fc99e70,Tan Sri P. Ramlee,,
a22824e40da6edb5dcdee1,Tanto,,
68c8fc7c20c2c13d84db90,Tanya Chua,,
df644356185e13ea3cbf7c,Taomi,,
ea7680b93c66a38d54e8aa,TARA202,,
9f5c9c2f06417c68f75b64,TARAS,,
3438008beda9474c302107,Tarcísio do Acordeon,,
5bd34f382a11fcdcc99e7c,Tarek K.I.Z,,
70988fe830ca298588c4c3,tarisiix,,
1a84c48be380fb13d4d724,Tarık İster,,
a5f28269922bbf26f01fad,Tarkan,,
e3eceea85eda4460494add,Tarmo Pihlaps,,
03cfa5218db6d28c4b745f,TASTO PEEP,,
981364de17dd0bcb93af89,Tata Vlad,,
ecde8b4837d494605556a8,Tate Kobang,,
e670e5cae4434f49011d17,Tate McRae,,
8c138ebd4cf16018ce43ea,Tatiana,,
50fb4e519d0871acba43ed,Tato el X5,,
95e625061cb08c61e3de56,TATOOL,,
ed67e3db55bf700d266456,Tatsuya Kitani,,
96ae91b1efe3593c3b2663,Taty K,,
340442550f7b35c43a46f9,Taufik Batisah,,
fa827d7edcfd87b000c485,Tautumeitas,,
dd3211496958b12d341206,Tautvydas Burauskas,,
2aea1d6bd1731a04190aac,Tawati,,
6ff7fbfc82dbce4e01e648,Tawsen,,
6f438ff99c2b2052cff119,Tax Free,,
3b51e319873a1a70874274,Tayc,,
eb9958d7aae1411063bf2f,Tayeb Santo,,
7ae068e144aab71b5c9f9b,Taylor Swift,,
c1549072adb45e8f5649ff,Tayna,,
c6355a5af1a4afdfc61e74,Tayseer Al Safeer,,
08ddf4afb8a0030f7584cd,Tayson Kryss,,
9dd3cc2f0196a19f9d15f8,Tazeboy,,
29950bfb6a68ad94c6ca3f,TBO,,
e457e82e836a8854af6168,T Brixson,,
a4fb48436ade3fc2136c24,Tchikou 22,,
2e0a9a7e81c937f4819a3b,Tchubi,,
4ab68c2a112e216247644a,T. Danny,,
df5fef7756cb49799a9e95,TDK Rec,,
af2acdfbd19d55799c4fc4,Team Paiya,,
d2ad47b02ed14d7d541b89,Tears For Fears,,
edddc4baeaa4d3b66c548f,Tea Tairovic,,
4a2bd31e17d274ecacdb9b,Tebogo G Mashego,,
a388c3271eef649d04a805,Tebza De DJ,,
c075a239c21a1a5d9aac2f,Tebza Mgijimi,,
2dfbaf0ff7da5e839dc495,Technoboy,,
bbeb4673e1d58c82d91641,Teddy Swims,,
abf42c09840ffa29f16f74,Ted Gärdestad,,
334f6fa30df15e7baed15d,Tedi Aleksandrova,,
8d38f3c0dfe9a6dd53e3c1,Tedua,,
cf2f1c5aecc626b01e8347,Teea Goans,,
5611b762dcae4f1a542bee,Teefo,,
4d8917da8c428f73dc5519,Teejay,,
a0653e55b780b095643d12,Teeza Bane,,
7385b4649a8b3bf5a12361,Teezo Touchdown,,
f4cbfdcb1fdba3f5501797,Tefflon,,
b9b074f8749c32b5629c50,Teflon Brothers,,
14263cbde513ccebc84daf,Tega Boi Dc,,
a82d132ed46572f7419390,Tęgie Chłopy,,
c94a0a0af8c4bb692c262d,Tego Calderón,,
7dddc26b6a5936e901d9d1,Tehila,,
569e2ee410a461b7f5860b,Teilz,,
1e4d9f08894e8dd25c2a82,Tekno,,
060173e782cec9f272c869,Teko Bolado,,
5cf6ea032008e4c1f26b39,TEKSIDR,,
b25fe2ff3355e6b2827a8c,Te Kuru Marutea,,
1947be53771f716cb1f10d,Telecom Egypt,,
03abea853fd5007cb17402,Te Matatini,,
d65dabf567cb1c43358066,Tempo,,
49526fa36764de4460e628,Tempoe,,
51534bba4aef412a10d4b5,Tems,,
25e822c5a6128d9e957062,TEN,,
325a96f4a4d7379d0c590f,Tenderlybae,,
f4d899f418d7da9a86a19a,Teni,,
fc43c60c2cefbc1f8d0672,Tennessee Tears,,
a7a977e05db2a60db2c27a,Tenxi,,
658cd8358940411facb554,Teodora,,
2bc53c97a82fee94d6c390,Teoman,,
9d931c696836a6568b168b,Teo Tzimas,,
3270d694b1efa070839910,Terence Lam,,
a095fac869b2c982f38208,Teresa Salgueiro,,
d013257453c07804b55d7f,TERESHINA,,
de905f140910669712b6b7,Tereza Vágnerová,,
0f1008ed7a2505c6b7275c,Teri Blitzen,,
487d37bba949f7e41f94bc,Terminaator,,
25838da0df9a1f002681ac,TERRY,,
2593f2b00c0fad69a12833,Terry Apala,,
756f0b395c6a8b70afeb1a,Tes Boys,,
5f66a264d832510088c7cc,Tessa,,
376a5e755ecc19a252ae9c,Teto,,
0685001bfb23c73bdae278,TeuYungBoy,,
4718764e36e6ee92a50180,Tevin Campbell,,
209dc114f6032a7d40433e,Te Wehi,,
8a46bdd3f1ba49dacdfc02,tewiq,,
b7e97ac4b47d274951b46e,Teya Dora,,
f57bbedad9e2814ae7d548,Teys,,
f0774392a2bb84b9f02749,Tez,,
f3d7ff683df7ed66ca170b,Tezzy,,
4c5934f1635761e924b6e4,T-Fest,,
a19034c93c6bd557b4ee09,TGD,,
0df5f63aa55a6b787c4896,Thabza Tee,,
396281716b10ae4466802f,Thakzin,,
6e24a35ff038622d170feb,Thalapathy Vijay,,
5b71cfa334bb91a2fa19f9,Thales Lessa,,
a6ad1d58c562cf56105f84,Thalles Roberto,,
f6e07d88c72a33814945e5,Thaman S,,
cba7dfdf809eb5446cbbf4,Thamarvel,,
602244e9425e3e1f49b6df,Thamie Sax,,
0e1739211a10a9dc80f698,Thami Mthabela,,
b29a5edffdb8b89f090a96,Thắng,,
f8373fbec0e08decd7a902,Thanh Duy,,
060fd58cc188df4fa028d0,THAOWAN,,
81cac0823c7c34ea95dd0e,Thåström,,
0eb1227dc8b94b97fbcf84,thasup,,
d37afded148bacb6239853,Thatohatsi,,
5742b56c6b7970fc8b3d79,Tha Trickaz,,
bece6467df304d187257f4,THCF,,
40edbe1d56b35ab498179b,The 1975,,
48be552f170a428dc810c0,The Academy: Segunda Misión,,
c3c5e6f8f88bfcc625c095,The Adresov,,
7741445ee51c6281967fca,The Adventures Of Stevie V,,
4a6c3b51658c05c12afb87,The Andrews Sisters,,
3a3443a02b5a51b9b23375,The Atomica Project,,
bedab9d6fde0fa3fca2854,The Beach Boys,,
c9e770c62114ed60fd1a4c,The Beatles,,
81e192b2e93526b2a9122b,The Blessed Madonna,,
0c582aa0bac105daa14337,THE BOX,,
d8eac06e66d24efa3fdb06,TheBrianMaps,,
ff002c005ffec625e78025,Thebuu,,
3eb0c531dd779dd405f122,The Chainsmokers,,
1937dfec7848fd097ce70e,The Chieftains,,
a6592203016a41629e40f7,The Citizens of Halloween,,
5901b1ec91f02836018971,The City of Prague Philharmonic Orchestra,,
b0349bccf020c3d5302e37,The Cranberries,,
bac5e43eefff33c437f302,The Crane,,
2300388dac146a64792bd6,The Creator,,
6104518a1dfe331428f965,The Crypt-Kickers,,
dcf08a089e9777d2b367a9,The Doobie Brothers,,
116a1b32752e7401d5a8e9,The Dubliners,,
2fb78e2173a73c5e9b0ddc,The Eok Project,,
78d3a24c675c1f794912e7,The Exclusive SA,,
99505b21ca4542062a84cc,The Fontane Sisters,,
c231ce5d4ec463603a0a82,The Fray,,
69f3752989a4188b52b7e1,The Game,,
7eca34af2131db2ada578c,the garden,,
17d1479155b5f9c0e08136,the ge,,
de445115163104da8dd514,The Goo Goo Dolls,,
66d5649bab7986ccac0745,The Hatters,,
9630420e0469feb16f45d1,The High Kings,,
3093bcdb8fe964185c6242,The Highstool Prophets,,
02fe21288853292b043551,The Indian Choral Ensemble,,
55681686aeffab71679bc6,The Ironix,,
e537e6a411196aa71a572a,The Island Voices,,
cd70d542131618ca8b4485,The Jackson 5,,
5c1d7225fdddccfa67e053,The Japanese House,,
935fd106dbf0a96571f078,The Kidd,,
ca1a87a8b7dc9ef9995d21,The Kid LAROI,,
7ead98e8e0daed96c598fa,The Killers,,
110ea3f9626de6bf51fdf4,The Kolors,,
7ff19d73ea66b5f549e6fd,The Kooks,,
c1f24a4a75e05cdb294ba2,The Lantis,,
73fd240127950246ec15c5,The La Planta,,
ecf6399a87ae5743aa4663,The Last Dinner Party,,
efc2b02bb549b44c73f9c0,The Latin Brothers,,
c9c1fe6c0e52fafc3c9b7c,The Lightning Seeds,,
d8cb7e5fdfdd814f0f81d8,The Limba,,
09658f3c6fa8ef6dd3ff8a,The Lion City Boy,,
2704a4947a946bc5422142,THELIONCITYBOY,,
dfbc7551cb067972b81033,The Living Tombstone,,
6b4939112a7c911becf7ad,Thelma,,
e6ce5153721aa314c6d8fa,The Local Train,,
15ff65f3e5951cbce70d9b,The Ludvig,,
73f89f2ffde34d6b76b958,The Lumineers,,
a0ccffb459cb1bed5e99f5,THE MAG,,
d3868dcc2631cf5f28fe65,The Magician,,
e23910fe6d9a9870499088,The Marías,,
d3e381e60357676b92150b,The Masked Singer,,
1823f980fac25109b115c8,The Melodico,,
9e6cf4bf3373436987c1ab,The Mind Promotion,,
d7558da34c9882ef5f0b24,The Minds Of 99,,
41d4341985c7ab2a82da86,The Moonglows,,
1e3bdbb6916685ec70577f,THEMOONWILLALWAYSBEWITHME,,
1014e8cfe741f59470fc70,The Motans,,
9b9f6a7657b56942f6b0bc,The Mystery Of The Bulgarian Voices,,
8ca80b163a5dffc4b0882b,The Neighbourhood,,
ac429f71b00657e97e7e59,The Norwegian Radio Orchestra,,
8c5bc4afc1e2e741873115,Theodór,,
1c26367117973dfb87c8d0,Theodora,,
7f58594192bcb06ba97413,Theodór Gísli,,
cce88af098b7dabe75527a,THEODORT,,
0841e3fc89188d97e9665d,Theo Rose,,
2d1957390180ecce75fb6f,Theo Zeciu,,
bfd10aafecbcccdc36515d,The Parkinson,,
418ebfbd513d0e051956f0,The Paul,,
4df1d50f0d76a90b8f4957,The Pogues,,
715e35be42c639fc072994,The Police,,
60e2c8de0ce2893d8bafb2,The Puppini Sisters,,
5f637da03b63f2a7c248bc,The Quick Style,,
22335cc811029a1fd53d94,The Real Prechly,,
3e0ffb2c99894b32f4f348,The Remix Factory,,
0e2bad2ca7080a03a62896,The Rolling Stones,,
cdd0441dadacdb8f56af6f,The Ronettes,,
8766a3b54b0de72cb2e1d3,THE ROOP,,
9550565a4ede1167066d2c,The Rosenberg Trio,,
42f1174c27b576071e2307,The Royal Guardsmen,,
1d8d882021ea04997b8b25,Therr Maitz,,
267693c0be632fa43b9991,The Rudeboyz,,
32a631925a9b028dc160ae,The Runner,,
6089c10de7544469e97ddf,The Sam Willows,,
08f788c6f49b0532618e6e,The Saw Doctors,,
ac256c767bfa3711f9f6e0,The Script,,
938cf8bd0f8e4bf8abf9d9,The Shadow,,
fa8fdf89bd036b994d0157,THE SHAMS,,
67a779cfa52679305c345a,The Silent State,,
4528cd17876e49b15645bb,The Snæss Project,,
925fd324e9484ba87825bc,The Sound Poets,,
0eadd6126f91e941765e64,THE STAFF BAND OF THE NORWEGIAN ARMED FORCES,,
cbfc89ee8989de88cd94e4,The Stinkeyes,,
bb3ddac58aca807fcb048f,The Tesca Country Clan,,
de2b8f64b4d2bdf145d932,The Tony Montanas,,
aacd6ac8e792bc177399bb,THE TOYS,,
5295b1132a1ebf0d103cd9,The Urs,,
4013326ca81680a00797a0,The Verve,,
813c40418279c49270651b,The Voice Of Poland 2015 Finalists,,
9b6ca4c0847f76be165dc6,The Walters,,
baf770aeee1a633be93168,The War and Treaty,,
688d7c02279310d3341f5e,The Weavers,,
6175b9f6699984f1ede4be,The Weeknd,,
394ff3d3a8989ce00816bf,The Wolfe Tones,,
df7c26aa46326bd6f9c959,The WolFFFF,,
3033772d2f81d44ab02d70,The Вуса,,
21f5fe3bdcefd5cdeb6ca1,Thiago Brava,,
0991f71f2bf4c9f549d0da,Thiago Carvalho,,
5738e11238d98315ea0856,Thiago e Samuel,,
22b911f4435c5ff6c2372b,THIAGO GONZALLEZ,,
abb43295c2b8012d6e5b3d,Thiaguinho,,
1dd6e75ea80038ac4ab865,thiarajxtt,,
a99fd78a88ff792f72ca05,Thibela,,
c120b8767b279baf387aae,Thien Minh,,
c1e3e345f2e19a3d77c949,Thin Lizzy,,
0e356ae96f4816cc450165,THIZZY52,,
684b638b7139d4d925f936,Th Mark,,
b28875872a2dbe9aaccacf,Thodoris Ferris,,
c0ab2e75ae5b7875554043,Thodoris Verlis,,
2042101ac1f6e7741bfe43,Thomas,,
6dfc40061c1f67e1b03628,Thomas Dybdahl,,
d3b05ad5ffbdf533cfc1cf,Thomas Helmig,,
03ee46d74f156a574a2416,Thomas Mraz,,
3a5d044e4151bc85d66a2a,Thomas Stenström,,
6e5aa5f9703a10ae100995,Thomy DJ,,
24d64436eac683b119b870,Thor Farlov,,
2626e5eab73a79d04cd2f0,Thỏ Trauma,,
0b7d73751c65e7536a3b0e,Three Man Down,,
d59c486c5e1b56ee84c5ac,Thrife,,
d1d393d319de75e150e4f2,THRILL PILL,,
04b9016bf0b768b4fe20e2,Thug Slime,,
d641ce4c103a114fb7a8f8,Thukuthela,,
c1d5992903dc1e615a4c5a,Thullio Milionário,,
702e8bc5f13a1aa2be1605,Thùy Chi,,
f3a9c35309acb892e9acda,ThxSoMch,,
dff1951eaebdbbe49ae95b,Thyself,,
68d54739aaae90e797b445,T.I.,,
39a7d3a196fd67d352e29e,Tiago PZK,,
81d8cded82e0f9225b8f17,Tiago Rosa,,
b630670342e663bb8f55de,Tiagz,,
ad39d925086bc61c28135c,Tiakola,,
613c915753ab72952a78a5,Tiana Ice,,
2ea4c899c5edcd1e0e24bc,Tian Moon,,
9ad1f3612c6fa97b387861,Tiara Andini,,
89eee018c42937837bc2d9,T.I BLAZE,,
ab95d7b27fb9d441b6beb5,Tien,,
f6c8a0905cdf1e6239c000,Tiên Tiên,,
46070029443f3c0973313a,Tiera Kennedy,,
1fad8a5cfb9eec3890d766,Tiësto,,
9442880680eb5d7fb60d15,TIF,,
48ce5b8aa8be9bc04961a5,Tigergutt101,,
159e8fa4043b1f39955f94,TIGO,,
259cdeda9c2a655d17343a,Tiitof,,
260ef18c60a395878f5f1a,Tilly Birds,,
d8039b0aa675fc831e81d6,Timal,,
766611846fcb521214ee25,Timbaland,,
dd4351ba23bb5cdc256aa6,Tim Blossom,,
90f769bee57824aa71141d,timelesz,,
8d44e532a4d04e43e2da15,Timethai,,
61660335b89fce1f03274a,Timi Dre,,
371b87e1989ecadb976a27,Tim McGraw,,
1285d33447c577a3c1faf9,TIM PLVNK,,
4ec21039774459c79d40a5,Tina Karol,,
d26271bf40087b1d19d6ec,Tinashe,,
8f1ca755b873389e0ddba2,TINI,,
9ed341f4478bc60b0b7e11,Tinie Tempah,,
29960912fbbbfefd4036c4,TINNA,,
73dcc5a88eb5991919c90e,Tino,,
1c10f1ff72235c703ddc42,Tino Martin,,
383c05bda6f030a44990d3,Tiny,,
96e417ef56c187bd7ebbc7,Tion Wayne,,
43e895e7c7b16709cfb97a,Tio Sandro,,
3a2fabaa405a651b600540,Tipa,,
80c2a92ee4b4104bec18d2,TIPPA,,
cbad0673b670b15893e501,Tiririca,,
6cac5877a9b57d9dfa27b3,Tisci,,
477ddfabac1ce186ff94d0,Tish Errda,,
566c003b9e3983a271efee,Tita,,
80f12fd86885acda504b7f,titie,,
562f6f40857b1ba0c7eaae,Tito Double P,,
beadda7018052629ad35af,"Tito ""El Bambino""",,
efd42a26b0cf7d262ec88a,TitoM,,
46a6e2023ef38cd455cc36,Tito Sam,,
05bb770b7bcddbdbc6958d,Tivi Gunz,,
19ec0254747446dafc7d8f,Tiwa Savage,,
1202d41cb6486f9fae1440,Tiwi,,
1a5496cab3f2c313ca38a0,TIX,,
1f253b1005e5537ca88736,Tiziano Ferro,,
08c59a0482fc4e4bcc66b5,TJ Monterde,,
dfc9924588991d2f8d2b5e,Tjuvjakt,,
653d3cc3e668e682dc6c94,TK27,,
1887823b26dee3686c3174,TkN,,
995f090143234178cd0e42,TKS 2G,,
38da5f9d8982450fa5de71,TKX,,
e12a8b6e18ee3d67dc8153,TLC,,
b7526dab87be0ed16c9f86,tlinh,,
c5ed09f5b21287191386ac,t-low,,
a21b936b8e4a3827466de1,T-Man SA,,
dbcf753362900b71aedddc,Tman Xpress,,
688e9f8ef9612c61463fbb,T.M.A_Rsa,,
39ce240f0eb5bd33d38b28,Tml Vibez,,
72140bc07325c73fa3b4c9,T!NE,,
a9e2b33813a46b9b79b317,TNK MusiQ,,
3ed8d415ab1bbac628429a,TNT,,
f4d5d92db1a41979c99889,Toa Kingdom,,
31651aa4c094875fa52bd0,Tobal Mj,,
a474cca12d1cfc2c05112f,Tobee,,
e6b8f2a467065dfb1dee10,Tobias Rahim,,
16c8b381f1856cd0e94ba5,TOBIAS SMITH,,
f296735db59ffefe73e333,Tobias Sten,,
8389af589933b6eb9bc189,tobi lou,,
12ace8436c64ceb9075366,Toby,,
fde8abb51ce7fa4195a2ca,Toby Keith,,
c5efcf044a4a054a4d9962,Tochi Raina,,
f2a667f97da183885d239a,Todiefor,,
8460303dfb7633ed05ef13,Tohtori Getto,,
af82a181a20bf100267990,Tokesick,,
2234b44791167962680cab,Tokio Hotel,,
5d55a67f29eb027487e83e,Tokischa,,
8e5dbe0968ec7cd30ddf79,TOKYO DRIFT,,
bb0e5756096848fd8d2f97,TOKYOPHILE,,
20d21e662c893f28baec0e,toldyuuso,,
db92d2f3f139d3905b44d6,Toledo,,
6341c0697bf23d74683af7,Tolibian,,
7fb9e57f5030100635b7b2,Tomas,,
81c02644f74fa066e232ae,Tomáš Botló,,
de2a826d3727a5e426b83e,Tomás Cruz,,
6932def31d329901917766,Tomas Ledin,,
77bd79b3dca1f49815655b,Tomato,,
a9f6ce6304650ee5aefc4a,Tomb,,
33e83b1717711dfc86e3d2,Tom Hengst,,
c8e496b26764cc59b79e47,Tomi,,
7de83758bce1182fd360ef,Tomi Narbondo,,
774926ab960a08886a47a5,Tomine Harket,,
6c9eccb3b381a44f6d3a97,Tomi Saario,,
4bbeb9b70959bce369e8c0,Tom Morello,,
9c24f8538386f1d8d4933f,Tommy Bako,,
468ad38937200ad1b77973,Tommy Cash,,
d38ffd8a642c875ed8ec90,Tommy Gun,,
477594f5bb047aa588973e,Tommy Klark,,
4b06342cffce9ed2b35edf,Tommy Körberg,,
16acce16e54c9f7d69886d,Tommy Newport,,
9f844ee9924789779cd6d9,Tommy Nilsson,,
590b2833e878c944bc56ff,Tommy Richman,,
1966630d754c15b7dfbc9d,Tom Odell,,
bd4c0e67bdfd260055375c,TOMORROW X TOGETHER,,
1b8cb6b8b7659bc817efba,Tom Petty and the Heartbreakers,,
baf6ec61ae0cc311634a20,Tomy Kotty,,
174c1e4c1625fe25c71adb,Tone Bianca Sparre Dahl,,
f9fee953b9019d5ae2de33,Tone Damli,,
27e404c42eb6f686f3e7fe,TONEEJAY,,
4c5541860551b99c0f9e5e,Tónhylur Akademía,,
dd8a4f63ab6962d34343b7,Toni de la Brasov,,
1ea6ad005c69de18d409d4,Toni Storaro,,
357e893966b35b30aa8886,Toni Wirtanen,,
fcd27b8c8279b6308011f5,Tony Aguirre,,
e33e59f2e808a928fe53a8,Tony Bennett,,
3bb0a7e31516953e45cb6c,Tony Boy,,
102c18e4c4998abf2e8b3d,Tony Camargo,,
e500211fdbf89a2565ac2d,Tony Dayimane,,
be544b5b11d2a2394dc1bf,Tony Dize,,
8fe51021ed1ad7be15a6c8,Tony Duardo,,
6b3654649a44ecf2f9e807,Tony Effe,,
14373e0e161fd576dd2bf7,Tony Lisenko,,
2f3eab76b7dbb9e416a231,Tony One,,
440958024ac12f5b58a56b,TOOMANYLEFTHANDS,,
5a7637a434acae7fdb9c46,Toomyh,,
071444d13e38477b0e6efb,toomyhfr,,
ab65a9bd243ddba97fef5f,Toosii,,
8e3896827cfd712c2f3702,Topboylexus,,
84d793303316125035ab8d,TopGunn,,
25812bf456959aa5f28dc5,Topic,,
831e9e1a7458dedfb65079,Toploader,,
fc6059a0ce3681b23c40ba,Toploud,,
dd72104bdc5cdb5dc9763a,TOQUEL,,
7641919d6c2bc6094ba2a9,Tor-Anders Ringnes,,
75ae464ee64b63a85ae221,Torino,,
75228950f3c0259e613138,Tormento,,
b71db35a217bde5f95e2f1,Tornay,,
fb32522a0c597ab1212bdf,TORRRES,,
197876eb1a8d4fdcda2803,Tory Lanez,,
d6ddcc63ff6401c6ecc7c5,TOSS,,
f1fea01ac055942a53e215,TO Starquality,,
fa43c6e664574b87001381,T.O.T,,
01cc153d0374a6f78bdf9b,Totally Nothin,,
04c1d7cd203ef496f200ee,TOTO,,
06ec55a733f7e4f13ea34a,ToTo H,,
0ecde3227dbdd5abd2a5f3,Totoy El Frio,,
8566cbeb32b84b5cb95403,Touliver,,
029b53f14d3c8be262e565,Toxi$,,
94b62a9407ab4eac062f8f,T-Pain,,
ebe021079e5a3c4f42ca61,TR,,
9ec9baadce743323b1191d,Tr33,,
556aa9de68eaeffbcaf971,Tr4cer,,
dc6db37c4faf98320f1be2,Trabo,,
6731f387f0c7d1111791a5,TRACKDILLA,,
04b97f2a35d9e016a05f84,Tracy,,
60427580d906dc747946dd,Tracy Chapman,,
314522049aa73790bd5124,Tracy Huang,,
1bfbcce75c3c9a52a464d4,Traditional,,
e7935ae6c516d89405ec53,Traffic,,
d69b38c4dcaa7887419a38,Traia Véia,,
e41273f43af504714d8546,Train,,
febbc41f1378c46ee910af,Trần Đăng Dương,,
986d41b94a09a010bac8bc,Trannos,,
679c0ddbf97ab35fce3844,Trap19 Connection,,
9b31b48fb278b2f5b9a71a,Trap Capos,,
9dfbed79cab3e4e7659138,TRAPHOUSE,,
3ce2e4b07c6d781a6b465d,TrapLaudo,,
75be7ba0e9cd0ce677f3d9,Trap Remix Guys,,
b84e2e6b6271ec01ae331c,Travie McCoy,,
d43893f5dbb4ab6c1bbafe,Travis Scott,,
cc6ca5c37f8eca5b2cc57a,TRAVMA,,
229e6cb0a615697d5226bd,Tr.D,,
510d0879f8c64d41ee7d14,Tream,,
ea21ec6019264924c3bbfe,treamiboii,,
f2de7bf382e8eaf7b82632,TREASURE,,
224e6fc1530c227a4fb9be,Tredici Pietro,,
9d73c2de7961c2f451acaf,Tremonte,,
10e9f1700b0ac5881e13be,Trettmann,,
9fb6d63b56b03372c481ef,T-Rex,,
fbd014a2eddbbdb4fdc0fa,T.R.I,,
00656ca14b4490917cf119,Triad,,
8d1f83cc83bec70dd80d64,Triantafillos,,
5c649feb8459ae0ea01e95,Tribal Kush,,
0feebe6d1349abcf3dbaf8,Tribal Mark,,
fa918ed9389c1492e75bb4,Tribbs,,
097c506fa94d7d27a3c811,Tribby wadi bhozza,,
4a6f21b836ed5025618105,Tribbywadibhozza,,
8f9684138608a4d9048f53,Tribe Boyz,,
18ae50fdbead92c2d6a9f9,Trickster,,
7f6644445f8c13b44dd793,Trigga,,
4653a80e2817e9553e5d2a,TRIGGA,,
cfe8aaa173190fba0f6400,triibupasta,,
a32049f307ffa78cf7b458,TRIM,,
3afa1723f49e22c929e4e4,trina,,
66ca41514d20460bc16fde,Trinix,,
d1c784745f2b1471c5c598,tripleS,,
84abac60489368c9f9d3c3,Trippie Redd,,
92d6aac2549c954ac6be15,Triz,,
6f25c9e51fa05885c3915e,Trobi,,
a0b0ede1ad259bace320fa,Trobol,,
ec72b4bec3d2a6bb8198f3,Tropa da W&S,,
e3f7771a1ec0a68059fa22,Tropa do Bruxo,,
787bdb7e7d2d5eb91f39b7,Tropical Caribe,,
aa7253ded0bf30ff65f6dd,Trouf,,
f81d2f377b6850310b3b40,Troy Coution,,
26ad8b733470b7b917403d,Troye Sivan,,
800934f63ba0a07badd3ee,Trueman,,
0f4eedcddfdc295dea619d,Trueno,,
3bc61430c518523033c7ca,TRüH,,
6d3e6127c73933e3e222b4,Trungg I.U,,
1612eea3a56cf5a183f8b5,Trung Trần,,
22f486451f6ce98fac5b88,Trung Tu,,
ea56d671a5f34b85e40257,Trust'N,,
f41d118831e3d0ba7bab43,Trygve Skaug,,
56bad82bf7be0f8a082823,Tryve,,
c46ee7141b9245541cb1cc,Trzech Króli,,
7942605cb924a2d968f484,Tsaki,,
e8b06ee041938d2d0eb094,Tskay,,
eb3476346dbd7bab0663e9,TSN BEATS,,
1507837d82a39c979356fe,TST001,,
b089f2c7739763fa0e3028,Tsvetelina Yaneva,,
fb16ebcb5f8fd28c32c0df,T Swoop,,
6be8bb83874e3d782ff1e2,Tsychē,,
a42ab7d0862c227b4a0ded,Tuấn Cry,,
81df91541ef29962ece70d,Tuar,,
356be4f213419b5e3429e0,Tublatanka,,
9b39156dfc023abd4103f3,Tucker Wetmore,,
d200b9472f1a9663404b90,TuFo,,
149884c4eb4e251c56a5d7,Tugan,,
5347bd9a41eca4e8c0068c,Tuğçe Kandemir,,
46ffde2c1e99d52695e380,Tugen,,
57cf1384cbf398d55b4078,tuki.,,
3fbb112ddd165a53b81018,TUL8TE,,
bd4081f97acdbbd891c886,Tulia,,
581cb3e4a0dc08593e52a3,Tulsi Kumar,,
930f2a6a9ebc6049b0570d,Tulus,,
91f442a055f1c851fdd1bb,TUMAZAR,,
e701a1627667247f403ee1,Tumelo_za,,
16f0c97f37ea1930f30bbe,Tumi Sdomane,,
d7ac660b07baaea8e633b5,Tumza D'Kota,,
a8adf150861f4bfbf783e4,Tuna,,
aea87eb08ba3b21aa7acb5,Tuneboy,,
84211a25934c54a57abcc1,Tunechikidd,,
a2c3eab3a5d0b6bf1a55e1,Tùng,,
86c0dbf7b2f1e066c08d88,Tunvao,,
296ac9666e2375d6957e31,Tupe.,,
a74d742ad672418ee5651c,Turar,,
d728d8ee7bd47192ad0951,turcoINC,,
5814600aa55382e4543f23,Ture Kash Out,,
fc880ff5b4b10f7f498b4b,Turf,,
4ee88dce27394f2cd445fa,Turfy Gang,,
e82b50da15f87d4d952a5f,Turisti,,
662b0571ac5e530edebde9,TURK,,
eec1c7595dbea633edd2c5,Turnmeuptone,,
2a828e37e05cd033da0098,Turnupkiid,,
e3265f26a4e5625a3fcafe,TURY,,
5bd7ef409ed96cec525d83,Tussin,,
6acb607fb5474aa9cffd02,Tussiwarriors,,
73d238498e9a3ae121ed23,Tuti DJ,,
875a6037a0ad42384c5548,TUULI,,
9bab4d8eb5938a15222282,Tuzão,,
6f66c0372eb971b6401cb8,TV 2 Play,,
09dbd3dc1649885229c940,TV Girl,,
3e5882827604f93afb019a,Tvöfalt Vaff,,
6631a629f7a7a2d68c7847,TVORCHI,,
92eb37056cdfaa076c20d7,Twelvee,,
846c399e82b91210281fb4,Twenty One Pilots,,
bfde4845641e60dcbd49db,TWENTY SIX,,
b902ee92d6a174b2fda6fc,TWICE,,
cd76054a128130189cf55b,Twinkle Thareja,,
8733c12a4b84e6dbe6103a,Twins,,
d1e40bda0fe1dced234a22,twocolors,,
08e2311098cdeca9046916,Two Door Cinema Club,,
f0f499ac4545ebaadebcc2,Two Tapp,,
42a202e3dfd8ee3d13f4e9,Two-Tone Tha Don,,
8128946f870d3f1aa474b5,TWS,,
9cf0569d517376a223a217,TxC,,
90323d290b0e4a08fb8f8c,Txmmyily,,
5158fddf234bcfa43cd924,TXVSTERPLAYA,,
e6af7bc87dbf2ffef58cb7,Tyago Baby,,
2a69a06416b1ee7d0fb3ba,Tycoon,,
902b77e324ab047f9812a9,Ty Dolla $ign,,
c549234b6da9fdddf9da73,Tyla,,
24dbc2b917472b089a5052,Tyler,,
99bdd2a05d46d99b06cd4b,Tyler Boone,,
61b0a250257921c5e9b6e1,Tyler ICU,,
f71336a820b3406943d4e4,Tyler junior,,
4befa91eaabb6d17b4be29,Tymek,,
e06780bdb5bc9b4dfa7ca1,Tymoteusz,,
815549b2e062d28d43b240,typo g,,
db4ac958be32c137638130,Tyr,,
172c5b5ebeffc74e651ddc,Tyrondee,,
335e3b05e87bd5ffd9867b,Tyronee,,
906f844bde52c9fc6a93b2,Tyson Yoshi,,
c14412ec2b5b32ae1f33ef,Tzamal,,
3412ba7d120bb6b7794fcf,Tzanca Uragan,,
ad7411144997d51168062a,Tzanca Uraganu,,
c6f363d67bcf8a23469dbe,Tz da Coronel,,
4ffa1e71e9b3b3f0f7f3d9,TZUYU,,
87535e06fb233d3e08ef20,Tодор Янкулов,,
eec0a85be4008b485df445,ÜBER,,
2fff2f265bf801a40a5ae4,u.c.,,
8827fe7bbe89c8183800c4,Ude Af Kontrol,,
697e732492552f8cee0e99,UdieNnx,,
8cde7e462023a5406ebc95,Udit Narayan,,
aefb8e0629decc43ba6b7f,Udo Lindenberg,,
5fa2acd28baad756cde5ab,Ūdrītis,,
8fd41172c03e6c169e0dd3,Ufo361,,
9eb18f2f2908d3ed9354fe,Ufology Musik,,
9f14b9eaf8a52adf866dfa,ŪGA,,
b08c5570944bdc59b6a2c2,UGANG,,
b98db48e4c5384feb65a9c,Ugatsheni,,
a52fe5a934918e4fe08101,uglystephan,,
3d79b3c614407fc49b2896,Ugovhb,,
b3625ea6223a65d7c08860,Ugunīgā Gunta,,
311785c1e862d18321bdd7,Uji Rashid,,
4934970b35a4ae4148674f,Ujjwal Kashyap,,
c469e4d69d5a5d995f518c,Ujuni Ahmed,,
a331819a12717fc06fbc60,Ukendt Kunstner,,
60183ac680dc50b02a25f5,ULD,,
f3661f3ed9a7483719e39b,Uldis Stabulnieks,,
9692e967ab103d1c4dcd44,Ulf Leo Sommer,,
31be443eba4e99c0c33ab8,Úlfur Úlfur,,
f0dbaa80819ce8b04301ca,Ulises Bueno,,
0de4245cb1a37384e5dd2d,Ultimo,,
0f7712df92899fc7eb747e,Ultra Bra,,
e705d355297bf5e0430e79,Ulukmanapo,,
13720956b984561d57495a,Umafikizolo,,
58eb8766b611d98e7298bf,Umair,,
66bbde4c92eab649f3af8c,Umair Butt,,
91c3d366ee40df887e3aea,Umashotana,,
855dc566f6f8c2c6aafa2c,Umay Shahab,,
637c92293c477b77368fc4,uMehlabomvu,,
a4f1c81f985e9e9e49c9eb,UMI,,
39257b59f407907859a473,UMIE,,
f23f15e3ea0381af61d84e,umiy,,
e5f7926f1aaf0a992e7e29,Umm Kulthum,,
944121d8943c2b0e26d609,Umthakathi Kush,,
9ccb4be02e31becb815428,umutlopes,,
996671ba105ce8bfa8d7b3,Una Rams,,
ed7b264b50433c28f733eb,Una Torfa,,
eecc7c1899cf999b461d84,Uncle Waffles,,
60fc8dff95e4459801814a,Uncool MC,,
cf455ff5c6898e8708892b,UNDERAMOR CLIQUE,,
8fa27ddf9c74418a1902fe,Under Ground Scene,,
af557817f91153cf8195cd,UNDERGRUNN,,
9033217b40d11aec60cfa3,Ungi Besti,,
ee74e56dcf04d43efeca7b,Unic,,
36a27acbd7005aa883e4be,Unik0,,
156f8302e6df6804b4fc79,uniqe,,
4ddb17623c4d28acac7b6c,Unique Salonga,,
027d1aa9e9dd8486d67abf,UNIS,,
618fa6c9e8321179ec1d13,UNIVER$aL MILLIONAIRE,,
9738bd4940f6e0ad478bc1,Universal King,,
975fbf45f23e8e6f9308f1,UNIYAL,,
bee6de7f196783207fd99b,Un jour de paix,,
babb596e128637602a29b5,unki,,
08ea425e9a19fb73cdf826,Unknown Riel,,
449f60599ef9e8ecf63104,Unknown T,,
77e75670fdcf2f80d49702,Unleaded,,
0442618154ea1d1aaf046d,UNLIMITED SOUL,,
46225c90868b9524fcca50,Unni Menon,,
e0ed9c9da5934498bd42bd,Unnsteinn,,
96dbab1663a4608a19c509,Unotheone,,
29f65e5be1fed5c0b4842e,Unotopic,,
b5a0a599baa6c82fe4475b,UNPLG'd,,
37a6e36e1ad47f7bacf882,Un Poco de Ruido,,
94827b43ce2fa8e6bbe5bc,Un Titico,,
ecc7bdb3fdf8c01268effe,Up Dharma Down,,
c894dcdfd5912231724da3,Upstrz,,
cb665cd9c9ba622575474b,Uptown,,
671c397c812bb72be40e0e,Uralxlr,,
d249f32e08796c6c557c7a,Urbanda,,
42c896cbea4b23fc78eef8,Urbanski,,
863795c428c05ddbed18a4,URBOYTJ,,
3840cd8f73026713059f0e,Uri,,
70b613e9dfceba96a85392,Uriel Gaxiola,,
5e7ff73a0e62c51d5ec5d1,Uriel Lozano,,
547b9dd3677d35f2a41460,URO,,
413af9824099050204eb2b,US Agroboy,,
078dee678e4afcd176866a,Usama Ali,,
0a3d67919224dad3e653a6,USHER,,
3280a0952ae594d8f55fec,Usimamane,,
2320522a66761e288b0998,USKY,,
d72c03ddfee3816fd53eb3,Usop,,
63a84b0264cccb2ee6349e,USSEL,,
fbbd50c330858929a6c1d2,Ustata,,
776e6ea9ef23e0ca9a56d8,Ustaz Syed,,
d547af0b90b4af86dd570a,Utsav Limbad,,
36450a11dc98abf2f51b59,UZ4Y,,
b503b3814d500b8b294eeb,UZI,,
37a025e65b7cd387eeaef8,Uzielito Mix,,
aafdde1e06405e7a2d6c91,Uzii BigTalk,,
5206560a306a2e085a437f,V,,
2ac451014ca4b1d9898922,V#,,
608923ac7e57cb102ba4b4,V $ X V PRiNCE,,
261008da3c1cebc305263d,Václav Neckář,,
5e64c776d1ac13b1574a04,Vacra,,
d1e37c5bb4efeb5449c7db,Vadak,,
9f5cb0a0c3b7c1bb6c7daf,Vadiblaze,,
57507ac558e4fd5d1435e2,VÆB,,
fc7a16fed40ac04291f0b8,VAE VISTIC,,
da710000837b957e659c57,Vaggvisor,,
c40c7aaed532ba5c478e80,Vaibhav Kundra,,
341138c2c2b2b95f3168f2,Vaibhav Pani,,
2bf99054a230fa7053ae96,Vaidas Baumila,,
0c11e035c5347b5d1027f1,Vaiko Eplik,,
564a62c505d3f99028a909,Vaikom Vijayalakshmi,,
ca5936b945b083d7a9455d,VAIO19,,
a2029a279388dde0891dc9,Vajid Ali,,
35a328853b40c40d8342a5,VALARY,,
5f10768e47fc7645b6a1ef,Vald,,
48a38340e12ddff2af8379,Valdemar,,
f6fdd5d728ecd2dbb3d7f8,Valdi,,
98f366eac53ec46cf63b16,Valdimar Guðmundsson,,
5e185f151ab1ef83238244,Vale Lambo,,
91f1ad49d39b7f5a80d517,Vale LP,,
b296b10482983f20f84cae,Valen,,
82e16b90c324c839838592,VALEN,,
7afb3fdbf5b24a7440845a,Valen Aguirre,,
961a445ac0a2772e735da9,Valentino GRM,,
88d697aa6f9015de6630c3,Valentino Merlo,,
d0927185a17f0af5df981a,Valentino Rose,,
0f8624c8a2640102c8f968,Valentin Strykalo,,
925f18fb1f43e8c93632c1,Vale Pain,,
32ebfc13dd919fe4d1edc6,Valerieblud,,
8bdeb3fa25f3caebc75dce,Valgerður Guðnadóttir,,
2d9338402abdf479b42e53,Valka,,
99f2291709ee8ccfa93ac1,Vallejo Music,,
55c19ce4beb8cfc997cec2,Vallenatos Nativos,,
d84c7bac0848f0e26c0c9e,VALMAR,,
4cff304c5a5611122ee740,Valter,,
00175b0598658b3c5866be,Valvomo,,
5a1e8148b83043070b085f,Vamsi Kalakuntla,,
c5c1bcb17cfc63b492574f,Vance Joy,,
85b9d226ed0650ae1a55a1,Van Dik Hout,,
4aa602ce0a6e559e406fa0,VANE$$A,,
188134a6fadd7269718bee,Van Hegen,,
7f9df4462ccfd5b474428c,VANILLA,,
34aeaadebb84e6bceba3a7,Vanko 1,,
fc55d704956ad7dfe49753,Văn Mai Hương,,
0aa0fe701d4732187ce9fc,Van Morrison,,
8ee428b1d2a1c46b7a5395,Vanner,,
326ee070f2776b0eceb3b1,Van Tammets,,
b50c21210702e8d8dc795e,Van Zee,,
be49912ba54ba9e611acd0,Vargas,,
4c422017da50a45a7a749e,VARINZ,,
0486c50bd56daeda839833,Various Artists,,
6c6cad7128ac31f8de3f53,Varun Jain,,
ec50ce6adf341e9865c435,Vasilis Karras,,
da15ac213d8d8f4141cbf1,Vaundy,,
44585cf566a30b811d14b5,Vaz Tè,,
0c93a85e7a8f948417b8e4,VC Barre,,
1d06a8de52aa6dd50cd22a,VCC Left Hand,,
1a8fd0d76e9a7317efc9d5,VE5,,
b583eedbe1a9c5c5f3fe1d,Veata,,
57dea6f5039281b7fee517,Vector,,
d8f36f20934824dd35373d,Vectraz,,
f06d3904ce8ba8cd6a62e7,Vedan,,
09ebe65fe4566eee5ce519,Védís Hervör,,
a3b5284b10cbb61087b685,Vegas Jones,,
0084e78531f1329535d8d9,Vega the Poet,,
c684e39626d3b136499ccf,Veigh,,
3da40830af229a1ae6019c,Velet,,
5f5b055082a4f20bf4e6bf,Velox,,
7765831ed5f3159b16222b,Velu,,
3fee81f130d7f946d69215,VEN1,,
f90180a9fd0f96e71abd76,venbee,,
de79c8d574e0b3b3b5e142,Venerus,,
2d01eae6234061285e2c82,Venessa Fernandez,,
9bc138b5fc845a7143d53e,Venno,,
071dbd416520d14b2e3688,Venom,,
9628610576ba194e464bc6,Venom Valentino,,
8639fa3ac94e036feb6a04,Venox,,
dfe54641bf30c98fba0f63,Vepu,,
74fdd90e54461399c878ca,Vera,,
14e6261890e07b8ec2c28a,Verde,,
912e5aea169c93c0664075,Verifiziert,,
9e95c91de08e22d02b1509,Verka Serduchka,,
fdc5348c4bbd7b8b1f8f6f,VERNAZ,,
b51735b0310c91ab5352a0,Veronica Maggio,,
dee5cf1fb8cdb71c6bf133,VERONICA VITALE,,
ee4b1f8d4e422796f6fe49,Versus Music,,
56b5875229ddd1582a18ff,Verty,,
8f634a0e73789e19d5f750,Vesa Heimo,,
87418ec8fafa3399dcc4c3,Vesala,,
8fc2d3da654c9238dc90c1,Vesa-Matti Loiri,,
4bbc436634a94dbf1d71e6,Vescan,,
32cd06c32caf0121b1c08c,Vesna,,
977babbd3f2df6ebb5ed26,Vesta,,
42d7e97c5ab8651afd9ca4,Vesterinen Yhtyeineen,,
7a03b6782b4fb4cf9c29f4,Vēstulēs,,
ace1914bbc1584e50be518,Vetkuk,,
0b1a759ed2f9146111dbef,Veul Gère,,
1b06d69e51c1e09f5ae1ad,Veyane,,
5df4a27669edb90b1ec22d,Veysel,,
3da2d9644c9ab68c7b0fff,VHG,,
dbfcfd64549c3387e35ef3,Vianney,,
edf90d9a151ba02fec4b4d,Vibe Ish,,
475e2d68acc6fdbbc4ce45,Vibez Boy,,
810445e30d5dc59d34a7dd,Vibez Inc,,
a8be44f5f050c441619323,Vicco,,
afe24016a25e45e755dc74,Vicente Fernández,,
aade80cb33348a16699a90,VicK,,
9bb80fcf9e30076145d3d0,Vicky Chen,,
2f7505438c8483dc65106d,Vicky Fresh,,
81f98064f8d0a29e411f94,Vicoka,,
2e8b6f249773e43ab9888f,Victony,,
52339e25a8b31665feab2e,Victor Cibrian,,
501884d64fa8b1a8210677,Victoria Monét,,
e00fdf4f90fdd1020484c0,Victoria Nadine,,
3c56aaadb5e866180dd11e,Victoria Silvstedt,,
a2a9fb9073d26fecc0a523,Victor Leksell,,
8ef22cde7adac6306e58b5,Victor Mendivil,,
25c160e3d0038c70eb0e7d,Victor Muñoz,,
4c742584a5d3378f009f8e,Victor Valverde,,
a7f34a4231206ed9ece3c4,Victor WAO,,
87ca0cacbf94f4bbac0dce,ViD,,
72d6fbc46470ca09674880,Vidar Villa,,
4c51ef86e18af6fa8fb076,VIDI,,
effce729df9ed2c126406d,Viegli,,
00ee5dcdadfaeaad0a20ea,Viejas Locas,,
e6cf275c0f930364e9af81,Vierra,,
035f03e88596b5308b7e83,View Like Produciendo,,
72edfe2ecc8704a1c0a218,Vigga,,
ce6431f49b7a2d6e85010a,Vignesh Shivan,,
7955c4295634d7bec5fb48,Vigro Deep,,
7ca50efc8b02800bda4750,VIIVI,,
726266d7ad958e1d37e2a6,Vijai Bulganin,,
f07a8299f0d4e69bb18d2a,Vijay Deverakonda,,
03a4557645d94e4e526667,Vijay Malik,,
2770d9644713c7f932e1ed,Vijo,,
ef60ef41815e6329a24f3a,Vika Jigulina,,
d6c2ff72cefe63c2e3c6e2,Vikash Rajana,,
15b2549e5a0a084f6d92f1,Vikash Singh 1n,,
86341b68f4037a0025a863,Viki Gabor,,
05929dc92518197456827b,Viktor Sheen,,
edfb3715d6e7d2490bd303,Viktors Lapčenoks,,
ef4c378a2d174c4f25f586,Viktors Zemgals,,
3a19a6f792f485e779605c,Vilhelm Buchaus,,
fa18699ce1b86fd880cd70,Vilhjálmur Vilhjálmsson,,
3fea304b8967eaa9bae13c,VillaBanks,,
516cc7dc6aa70ae0fd15e8,Villano Antillano,,
9a7743dfb3db23f0920436,villemdrillem,,
856b6bd62d902d5e6d1462,Ville Veikka,,
08afacc7ebfde1287ad91d,Villi Neto,,
7563b80b49a975d9830b01,Vilma Alina,,
1f2648d8f769d619f0aeb5,VINAI,,
c3ccc10199df1b96925afe,Vinayak Sasikumar,,
844b6c8767cfe031478d2d,Vince Guaraldi Trio,,
53ae01caf274e515c19636,Vincenzo,,
dad3c20c3160dbad59eb69,VINI,,
5c7e3dff99060226591c76,Vins,,
67bc3557dcf90ce84e2291,Vintage,,
37b078e2b4f65e2fb71d3a,Vintergatan,,
fd3ba158575789e49561ca,Violetta Sokolova,,
dd91446a0e1548561c2d02,Violette Wautier,,
f40018c93412aa1c224188,Vionita,,
8271e20ef44ae4abdc38e5,ViraCocha,,
0552fed28ea9b33d2ef35b,Virgoun,,
2905bc7455fc8d1a874f66,Virtual Flavor,,
6f696dc4477f757f4390dd,Viru vokalais ansamblis,,
00731129e9c2a932fbaec3,VisaGangBeatz,,
8d17e4636ee9c9b7798043,Visca,,
6771b03cbcb647ab494d1a,Vishal Dadlani,,
581a88648339ce007f600f,Vishal Mishra,,
b7e1f7947f06c5a0b258b5,Vishal-Shekhar,,
e6dec3fbdb243a3d870046,Vishu Puthi,,
99a0628d9f7179c032e0cf,Vision,,
c6bb874897d11f40306ab8,Vitaliy Kozlovskiy,,
6422fbe4d20c109824f50d,Vital Signs,,
3b2c02cbe95e7544340acb,Vitaly Sanchez,,
63ab2fb134a3da7dc8b443,Viter Ukrainian Folk Choir,,
31b70b3e803fb9bc82590f,vito,,
ec1a544e641829ea814381,Vito Bambino,,
908c1ae94259525d687a60,Vitor Amaral,,
94ed313b30ad90f90869d4,Vitor Daslent's,,
7845f50e05fc29e59c36df,Vitor e Luan,,
af6410f88fc63e0ba219f9,Vitor Kley,,
f0b4449eecac41a72832e0,Vitor Limma,,
814e1b1e2f89444c37c1a9,Vitor Santana,,
5dd03413402d55a86bfc2e,vitunleija,,
ce01fbb06d578b8e73184b,Vivek,,
a0ded5d5aee4ac1849d09e,Vivek Verma,,
a4fee8eb4e163a8bf9bac6,Vivienne Mort,,
f5f03026d5fbd437e82e2b,VIVIZ,,
aacab9700d8eb12b25b67c,Vixen,,
9c79cb50770a60a0267aa5,VIZE,,
41a2c8a842bc342ad3c9c5,Vizinhos,,
9ea0b0f1215a1c741c3d19,VJ,,
52de08078a91008afc4dfe,vkie,,
fc4951e3c76ec6f207962b,VL0NE,,
9c58e5449f30282d8fb8fe,Vladimir Cauchemar,,
d67452e79138bdf09b2d16,Vladislav Kurasov,,
6dbdc1f9ff25ad6d4ae7ef,Vłodarski,,
1af7fa3d1b33f5dff08db2,VLOSPA,,
2b50be38f565fd0002315b,VM Holdet,,
5da2bc02dad60537312930,VMI VISIONARY,,
8a7525521a202bf031f5ea,Voi Bản Đôn,,
aca31c72aa6c37a88e204c,Voices of Israel,,
e0bafe3c7b1ddc0654dcbb,Voices Of Palastine,,
a21c2770ea22247cb1a431,Vök,,
6cdb0e0ad57a9d1792cf58,Voldtechno,,
a06f20643d66db949d1788,volhey,,
cf225c9cc626896ea07f9a,Volkan Konak,,
cc942155e32e65890ef79b,Volk Beats,,
2dc47cb824cf3d93a1e19b,VOLO,,
b1619446d213ded4712bd1,Volodymyr Dantes,,
8e11b2f987a99ed900a44a,Vortex,,
58f371a2aa367cc63741cf,Vory,,
567e3c8d836a62a3f56073,Voskresenskii,,
fa861df5ed6cf1ae53b264,VovaZiLvova,,
68fa09a24e1866a929b1d8,Voyage,,
22408c55099ac34747a46a,V:RGO,,
4412d1a50c47fdc2988598,VSOUL,,
d261966ff129d886d42fbd,VSTRA,,
b259070354d6d8923d98c2,VTR,,
40f88a592824f0632543d6,vtze archive,,
ddc2dcb045fa69a902a1f5,Vũ.,,
ab717334b211988f8e30e2,Vũ Cát Tường,,
6c96cdedbe94c01be0209a,Vudumane,,
c05c5e52cf0746bda52872,Vulgo FK,,
f9403b3da89208d4208a2d,Vũ Phụng Tiên,,
ff73609abf0561c3887d2f,Vusic,,
06e7c27eaa8e4d8b9c5044,Vũ Thịnh,,
4d948c69a02ec572ee0c91,VV$ Diamond,,
6c7a255d4588d8bdd45199,VV Brujo,,
2a7997f349f8cf24187bfb,Vybz Kartel,,
9c5f12cc8a84d9498d5c85,vyden,,
2e8c3bb568c500915488ba,Vyno Keys,,
73801998a45ca4bf6ee19c,Vyse,,
ea60e27dec3f0a1b318198,VZS,,
dcd550e6982b69151e85d2,Wael Jassar,,
4d5713f57985029439e55b,Waffking,,
f313b0f22bfae1907c973e,WAHALA ROOM,,
ed369c4b22ffae88e8c256,Waima,,
795e3fb396efcc25b3da73,Wajahat Ali,,
164baecaa5c226270e0188,Walde.PR,,
54421c184a77c1915dc449,Waldokinc El Troyano,,
85e7f23bb8f70a8e90a798,Wale,,
767f2b8dfe141b2b8dfc7b,Waleed Coyote,,
f6a9983cefc8c3115a585b,WALK THE MOON,,
aa1651c83fa7f80123a3eb,Wall Hein,,
58c8bb861d85f04a920caa,Wallie the Sensei,,
1f5c5ce5cdbea723378e6d,Walls,,
8f11be036af4c578097155,Wampi,,
32e9a88bc0f369e6e9669d,Wande Coal,,
05d61935eb13bfad0d1dbc,Wanderson Bezerra,,
957b05eb2d9bfaf59947e4,Wang,,
6501e8334ef74442b4af57,Wanitwa Mos,,
8efefa576cbad4d37c1afc,WAO,,
efb53216516f32fa1f1ff0,Waqar Hussain,,
955aecdab4b640f1d9d662,Waseem Ahmed,,
764d29a45bbcf7dcde9bc8,WAVE$TAR,,
35471187e7b0a2babd6beb,Wave Rhyder,,
c4844b2eee03d104cd248b,wave to earth,,
7f15427fd3451d4954d091,WayV,,
e45a6dd38622295857cb14,WEAN,,
9e2f6466b1886b475a41d9,We Are KING,,
9c73530df44c4f630e2298,WeChoice,,
28518e79bc92dbf3db293a,We Dem Boyz,,
2497a88c930ed05001fd2a,Weeza,,
906e1ede11625f3e87d12c,Wegh,,
bc1906f1d951ebf51b7dd4,Wegz,,
fdcb4189e2f933000f32f8,WeiBird,,
00b7cd10bd9d0bf47b2188,Wellboy,,
7282ca6ba0ddcfb6413b64,Wellhello,,
717a7502cc46aee629ca7b,WEN,,
7506eadad1344b5e32d9b1,Wenche Myhre,,
a23e67800c09ad493050f8,WENDY,,
8e7e58b68a9cd32594ef54,WenHard,,
03976359e913ed12bd3f56,Werenoi,,
bc276862c1114d870abfc6,WERSOW,,
da22e1617681459149eabc,Wesam Almuhandes,,
4a5a803d78bf8d414b600e,Wesh Music,,
222604e6172dcf838e28cd,Wesley Safadão,,
cf8dc60e9108cb42168b1e,Wesly Bronkhorst,,
94cb5bbb1a5aeb91402f4d,Wessam Qutob,,
6153cdc937e80dcb0e1576,Wet Bed Gang,,
5f00bf181e3e570003d54d,WeTC,,
f75a005f8998b9f2ef9bb6,WEY,,
457fb406d64dc331eb6790,Whal & Dolph,,
870247077faed357b2dbad,Wham!,,
73af2a58f272ee6a7dcf91,Whatcharawalee,,
5af8cec01ec9ffb7138468,Wheatus,,
a48ca8bf72fb0456826cd7,Whethan,,
3d0402e17d73e3e4a255c1,White 2115,,
6b459ea137f97ebe6f4cca,Whitecity,,
77a7b4d64f9d70ba52addd,White Girl,,
bc9e82de80e572ffeca785,White Gold,,
aa755085d700c3a5f98168,whitek3d,,
cdf710934033b638e0a8bc,White Noise Baby Sleep,,
0e93a84dbe178d822d2bca,White Queen,,
793d1b75542752a95985b9,WhiteShadow,,
bfe826efd2f464bbfd0de5,White Star,,
8df06fd6da3b981e2beada,White Widow,,
7369ca5523f2389311a88c,Whitney Houston,,
8f8a0499f7bdc628230545,WHOISYOKI,,
ee8ec51b53fafc705aba12,Whole Lotta Swag,,
7b9d64646cba7e934a76f1,Who To Blame,,
d486e472fafa34f05c2357,whylovly,,
9a6d70de484d3ef131391c,whyspurky,,
1739d76044d936d2a39d94,Wicca Phase Springs Eternal,,
1848137ed12ed8dbdd2ac4,Wichito,,
201b4da8792d4ac770ed8c,wicky,,
cef55c53ab2c2188495f4f,Wiesulis,,
9bb81adaeb6abda519713b,wifiskeleton,,
0104d2d201ee57c0ba6e27,WIKTOR,,
dba46e2c4fac373cb2e322,Wiktor Dyduła,,
c5dc8c70a97e735ec91216,WIL,,
3b6ee08058164d1274feb6,wildZERO,,
e1d0115845ddace572b4ad,Wilfrido Vargas,,
895eace21b6e0174b005a5,Will B,,
9b6b155619ed5af42c913c,Will BL,,
93e54938267fdc23200cae,Willem,,
d1822f9cab6a3629c04c40,WILLEM,,
1765886a7f268e797aea78,WILL FIORILLO,,
dd256e210d6036751f64d3,will.i.am,,
fd820a2b4461bddd116c15,william,,
393975466f15c23fa173fd,William Gochez,,
d840538de0ba0c58268e54,Williams,,
a5d7c4d197aacaa3402413,Willie Colón,,
138549b0f2edfdd19f2d83,Willie Jones,,
601c37bcb0107a510de51c,Willie Nelson,,
e15735e326f9b4135c315a,Willie Peyote,,
fc4143550c8d613f787f9c,Will Love,,
d14b488ff90d2a2db125f3,Wilmer Roberts,,
d5dcb2efcb7a1f1f5bd89a,Wind & Fire,,
fb460068a04c2e16e50e46,Windows95Man,,
1a149af83683bf28161ccb,Winkas,,
50266bc369d27b69d70291,WINN CHANON,,
98e8a98f526190de9be009,Wipo,,
c1747e28df986c7d1379d0,Wir sind Helden,,
8f530259b467ac5456dde5,Wisin,,
41d95e37d7b492e086f832,WIU,,
32099d7a75e543a5aa7473,Wiwi Nimo,,
a6dc3db9b321d29982b9c9,Wizard Chan,,
a9ee00350ebafe52d37672,Wizdakidd,,
3fcede0b05060d496a3ab1,Wiz Khalifa,,
76e583353e3042d47163b8,Wizkid,,
f6dc8d6e87fc3a11f4d110,WizTheMc,,
7ee5b3669b4120f0b045c2,Wizzard,,
64eca769d72d57f6e4324e,WJSN,,
c5ba45af0682d1f71c2f44,W/N,,
de27bf83088eb665c44b7d,WNCfam,,
5dab8bdcc102fefbfb3c53,Wohnout,,
6c7536ff231bcf9fba0e00,WOKEUP,,
2d5e375252a0b9df9593a7,Wolfine,,
1f5805200ba586df53487e,Wolfy Lights,,
8604ff5a1f87507b9e11d7,Wolter Kroes,,
a57ea8a85382a561642061,wonken,,
f4203ccd1ab45a730274ba,Wonstein,,
287e6e18c77eb66d8f9e45,Woo Da Savage,,
a8465e9e0a65b09516ff8b,WOODBLOCK DJS,,
318d51412b20cead0fa423,Woodkid,,
59b42858c0b6de4bfc015b,Woody Rodrigues,,
cda3710e095d9320826298,WOODZ,,
eed232550c02106707f517,WOOZI,,
52c63b0f520ba7947d5c6a,Worek,,
f05525486871c3f060db3d,WOS,,
a0e6ddc41a41332d3b0068,Woza Sjax,,
e56d4dadc9e7be5467d742,Wren Evans,,
f5ed211d90cc32f0582edc,W.R.O King J,,
302b8536e717cb247377d6,Wroobel,,
c2adfd8b0b4db89981a0b2,W Sound,,
1d1fb0c5565d4ca838e65f,W&W,,
4dd0cd3863f840e7da6cb4,Wxrdie,,
1dab752ed06c28681bb404,Wyclef Jean,,
712d330e29b6c4a02436ed,Wyguś,,
5a8cc08f7f0f615e1af283,X_0ptic,,
4a51f7c59c298752753f6a,XAI,,
78ce7195e7bcca44e6934d,Xamã,,
ac18742dc0907e01d43c97,Xand Avião,,
82e2f5ebc6e5d27d34c3d0,Xander Ghost,,
bdef0413b02b239520e757,xantikvariāts,,
276a74368ea1b0f374f4d9,Xavi,,
29465b78f0e3ea3ca973a0,Xavier Naidoo,,
f22b7261c937fdc50fc173,Xavi The Destroyer,,
54a2cb68c66206cea55423,Xavy Bally,,
0420771424c30f5c2b8386,Xcep,,
53658c54b59c2b6a78d463,Xcho,,
7fdbdd5e4da01851b767b0,Xduppy,,
35ffa98e70f5525c869b7e,XEN,,
7a7b024e18f36ea754da68,Xenia,,
bb862b4a5c6bb57879bfb9,xentzenith,,
bd376f179d4cd50b48435b,XG,,
634076cd78583111b08add,XINDL X,,
d9fce237f7f9339687f9cf,X-Morizo,,
eb72efcd36d68f23206d1b,XNEGATIVEMAN,,
9caa298deb4210d475ce8a,Xolani Guitar,,
256a01293d579fc8692376,Xolani Guitars,,
996b9b629ae0507649c3ad,Xolidayboy,,
483d9797fab58d1573a5cb,Xolly Mncwango,,
97773071465277c48aeb8e,X ORFEAS,,
2f437eb8c402ccd7f5a5ad,XROSS,,
340514283d035b2bdf310c,XRS,,
df0572f3e1e2b918aeb698,X WAVE,,
990d604bb6188e86741c0e,xxanteria,,
b8f32cfdabf78f479416bb,XXIOR,,
fd65dfd1f21fcb61ce7e1d,xxxmanera,,
5494708ce7e9f1b19dbfec,XXX Rottweiler hundar,,
c4cdc825178495d1f0c10f,XXXTENTACION,,
8a28607af498ff0c50cfcf,xZod17,,
bf529850e553b21f1bf8e6,Y4ska,,
6cfe4891de21214ab87fb8,Yaba Buluku Boyz,,
45a20d50f7cf85fe99c7c3,Yade Lauren,,
2ff089153eb2f83dd35f8c,Yael,,
7bab755ad24542ea2e8ace,Yaelokre,,
2cf1ebc488217ebaed463d,Yahir Saldivar,,
5a61c850f34d221da41d81,Yahritza Y Su Esencia,,
43dfdf43ca48322cf006f5,Yahya,,
c93ee7fe1bd6d13803c20c,Yailin la Mas Viral,,
a289b7cb1d4345994e2ee0,Yaires,,
7113cac06e5d2d8b51fb12,Yaisel LM,,
e0f768a9c6fb887e54bffc,YAKARY,,
3fd606da95df85b68f2020,Yakki,,
9c6f9a33b94aa8a2afd0e0,YAKTAK,,
0ebb42192475bbcca8c37e,Yalın,,
5b2514af221ff53aec7e3e,Yallunder,,
7fa31ddd3637547e6fa5dd,YAM,,
165b805ecb3b8656e3af73,Yamandú Orsi,,
e9e78f42a9ced5ca8d3cce,Yamê,,
098f789aa5e330df6a3160,Yami Safdie,,
524f0b2dc145b5b5f29d2b,Yan Block,,
dde194ee449f90cf548362,Yandar & Yostin,,
ea5b09d58ac6499d74e207,Yanda Woods,,
9a7f503e143392edde7836,Yandel,,
6b165d573ff3fd5e0afa14,Yanek,,
e0b991ba09854bbf27d17b,Yanga Chief,,
91f5f39329f665f788c199,YANGHONGWON,,
368df2a19f8b2c7a5ab327,YANII,,
8185246edee6fb8d7686f7,Yanix,,
15aa0baef90601cfa96f53,Yan Ting,,
74de22ba9780227824cbff,Yapi,,
d9fdc3996a4ab33b39f077,Yarah,,
5f79eb82c5dc451d7cdbe9,Yardy,,
342f4ad07397f786a99682,Yari M,,
00b4e49e98f42b2b7f31a7,YARMAK,,
92d265b42b8ad4bb185396,Yaro,,
c596a7c87c775442fabea8,YARSKI,,
61254df93c05d16bd3bee4,Yaşar,,
ce0ce6ef26d4318ee58e06,Yaser Bo Ali,,
fd4fbcacc94d58751f1def,Yashraj,,
bdc53927df3ff029dfea5c,Yasin,,
cc23a6730141c3b9d0a712,Yasmin Santos,,
7b27290dca3fc2645bd88e,YASMYN,,
4b579af5f4f0dab0f74f47,Yasser Desai,,
2c40e4499472564e748043,YassineBeats,,
3e297c4f4053aa392247b2,yatashigang,,
fe0ab13d55e10d66518ec4,Yazan Haifawi,,
38842a120d30f6146badd9,YB026,,
5cd46fcacbfa0e36fdb3bb,YBJ,,
5c2e31643dc280a2049d62,Yb Wasg'ood,,
1e2a717cb4b21d52d857be,Yc,,
e3906a12d41e5e962f174f,Year Down,,
a3744bc8480b5869b91b13,Yeat,,
b90bef12252c9eff61bb9d,Yebba,,
5ba6f12aa151957583449f,Yediz,,
28d3bcf77c9ba4b31287b1,Yehezkel Raz,,
e109f68eefd12f1570b34b,Yehoram Gaon,,
69622ea0e2679083d01db9,Yeik,,
d942be46465479784c675a,Yeisi MR,,
1e7cc1228655e36f169354,Yeison Jimenez,,
93483e527b76e5588367f6,yeixs,,
429df9dcf38d5fc1c6377e,YEJI,,
f684f9927842b496baec09,Yellow Claw,,
d7acf281b0ed0c06ff1fa9,Yemil,,
5c69c0210844e9a8fb6cbb,YENA,,
49ce7e6c794f58d4285f32,Yener Çevik,,
115580f84f8a7e226a4351,YENTED,,
cda7662d2c4703f37896e1,Yeolan,,
5d1bb822b6b9a0ede3b9af,YEONJUN,,
639cf41667b85f03d72037,Yeral El De Lo Palo,,
87acfe78892f97ece2a355,Yerba Brava,,
04c5b0f5542c73d70a05a5,Yeri Mua,,
bbb916f540f2969246d753,Yesan 雪山,,
07834b625ddfdffa5d5283,Ye Vagabonds,,
47d4af43daa90c4f78125d,YEW,,
784c9fbda0591b2c8e0453,Yexel,,
77513adc5b3d1fa03fd30a,YG,,
c401629c74869080afc014,YG Marley,,
fe3f9cf433518273a46c9f,YGN KAMII,,
27234f000ae31c093fa8a6,Yiğit Duman,,
3ddf402e664ba03e878984,yiit242,,
828942a25f752a1c3b97bb,Yin The Hermit,,
82de7a5b4c86029bdc822f,Yin-Yang,,
fc056dc47510d86150afea,Yiyo Sarante,,
b2d0c20e32ce6c5538ef9f,Yıldız Tilbe,,
4572d1388a66207dfb3940,YKATI,,
cfac912f4622ad2e79d7ce,Yksi Totuus,,
80cc94dc50c98e6e6b10ee,Yll Limani,,
8ecc8e52770db8712d687b,Ylva,,
792fb16330b5ca9fa85e15,Ylvis,,
19d3abe43895e1c51b8bee,Yng Lvcas,,
078ee5bc3aaf9d90e052ad,Ynw_nfg,,
2fd4349fd1a7c15ed1e32a,YNY Sebi,,
51372adce057627ea2df7c,Yoana Sashova,,
402e94095305866692f50a,Yoan Retro,,
240decd28c3346fab9303e,Yo Asel,,
e6effaa86db6d21b01153f,YOASOBI,,
50e87617197543601b0049,Yøda,,
478829a879934d6d6d87cd,Yofavkloud 9,,
d8ba04a8f53f9ff7e9de91,Yoga Lin,,
937702fbe4b4f857f78e1e,Yohani,,
f605423fb41a95ff88c2ff,Yohanna,,
2ce38547dfbced809b6343,Yoko Ono,,
eaafd44dc1fe72903666d9,Yolte,,
f5e2aac697cd3198751624,Yomel El Meloso,,
4b847b7100208072213b09,Yomo Toro,,
136619d544572b3b59d931,Yonatan Kalimi,,
9892c4a98b53a341596046,YOON MIRAE,,
d74897821f4af444e14114,Yorghaki,,
265ac48d85ef46c5e477f2,Yorgos Rous,,
9ba8815a84f17ae624ad89,Yorik Ben David,,
ecf55bbc7f3159638cc876,Yorssy,,
704a948931bde5e12bfa67,Youjeen,,
26d443d0ddd23240d46644,Youka,,
13f6742f1c18950f2e6bc4,Youknowwho,,
6a9fd838411115741ee05b,Young Blood Neet,,
7d813a41150f2f74de196a,Young Cister,,
0b633a0fa30acf8f1c5685,YOUNG D,,
f13bb0a479ef3ffd4ba58a,Young Dolph,,
6a00342adf7bbe466a20ad,Young Dro,,
8167e57edb514ddc49525b,Young Duu,,
45488536ab0629117a34f5,Young Dylan,,
2ae40fafc005f85b5f31fd,Young Ellens,,
b8376ce870da6e04cea41a,Young Fatty,,
4e9b5bca49dfb5a3d95ccf,Young Fly,,
a878c05e87448865db25d6,Young Ganni,,
c5566b100d106ded91a9de,Young Gatillo,,
903274a6af1e1e4bc123bf,Young GInger,,
2e0078f65045cd79ac65b9,Young H,,
468dd36b7b9f2d00e9e834,YOUNGHEARTED,,
a61f9f7b509763c434c759,Young Igi,,
490c410e9ab4a89593c2cc,Young Jonn,,
dfe9d95f39557557ce220d,Young Kelly,,
931a9db7307b3a50483696,Young Leosia,,
01f649fc844a19013ef49e,Young Mike,,
96f137538ad1d4f7d11188,Young Miko,,
3ec9fbdb96580297349033,Young Millone,,
cfbd5aa43d940eedfec5dc,Young Multi,,
6af923cfdeb085cd33cd93,YOUNGOHM,,
110fa0f43a1f7305fa2b1f,Young Prince,,
7cfa438c2e3adf18d63790,Young Reezy,,
4dd23f45f67c76ee68446c,Young Sagvan,,
1e38c2a35ba55c522b510a,Young Stunna,,
7e7ce9ff9bde8f5efd051e,Young Stunners,,
e95321fe1555d013a9b491,YoungThreat,,
5c8c3d2da4697ed100c332,Young Thug,,
550f7fd21b12f87e7a0699,YourAnonDemo,,
2d8dc13938a7ae25ee14a0,YourMOOD,,
0d751d45d95df394620d48,yousef mohamed,,
5b7b64c8f13ecd28273d3c,Yousri Oscar,,
81c0c136f7997a174dd507,Youssef Swatt's,,
6bb25dddbdfdc813b1bb35,Youssif Elashry,,
c63d29e13955ff873765c6,Youssoupha,,
4cf0307872c30859a62eab,Yovie & Nuno,,
a0b8ba26499ef7081f93e6,Yovie Widianto,,
21d46b4d22b904d1c07804,YOVNGCHIMI,,
cb516ccfb21369144e06ca,Yo X,,
453900d938e86ff9ac3568,Yo Yo Honey Singh,,
80383a35b230ea3459c80b,Yoyo Sham,,
543acf69e243662a0546b6,YP,,
92b20f185f97b39866124c,Ypo,,
0facc22522e50e21b2b696,Yrjänä,,
8f2c0339ae756092e87d3b,Yseult,,
150d31b2ebf64b85cea4dd,YSJ Tyy,,
a37b5bbf78c44e5ad6b5d4,Yssi SB,,
9daa8375b2c75fbf7fb151,YSY A,,
2775a63846b6232662fff8,YT,,
9182e64aadadc07f83787a,YT K,,
78102977a1bbe6e9a05fa9,Yugendran Vasudevan,,
a88a9e36a4b22ca3c25e7f,Yulianna Karaulova,,
bc9b17ff2b664d8da484b0,Yung Adisz,,
f5585ffe6291b341c56a58,Yung Beef,,
9695e4f65ecde76e9d46ee,Yung Bleu,,
08deb1236138b07d4f624f,YUNG DSA,,
7a08d70a421a4700a993ec,yungest Moonstar,,
fa14b5a118eb5b73ac2fe1,Yung Filly,,
8eaf0b1d44bd8f2ed1faea,Yung Hurn,,
385112ee227c29f7ff00b7,Yung Kafa & Kücük Efendi,,
9a00e197c8abe532f6c72e,yung kai,,
a11f2d55adff4ca81d4df0,YungKapa,,
9c97daa26f6932fb7f7545,Yung L.A.,,
869880b8e2adf330f68974,YungMeechy,,
d4dac1933a4cca21106fac,Yung Nigo Drippin',,
a9cbac5d883cd6fe98eb61,Yung Raja,,
42ef8d92854fa35ca28f62,Yung Rizzo,,
a24503a0dbce0e9f2de871,YUNG SAINT PAUL,,
e2a34f0996a752580b70c0,Yung Snapp,,
1d01cbdd4dd6d4ec4966f2,yungwilku,,
0802db2101528469fde4b1,Yung Yury,,
e3738a0a00537c5cb9c170,Yunk Vino,,
6c3505f6f185ad57cfa2e4,Yuppe,,
03738f818191cb65f56377,YUQI,,
b68e29cd7062f8d1f1b0cd,Yura Yunita,,
ef19fe6f71c35fce19fb88,Yuri,,
8194897bfa5f7091516981,Yuridia,,
454b15b0d35f8e62a7354f,Yurmaine,,
2305335935e44ac811d7db,Yusuf Güney,,
fab66e8a9aceb47694c712,Yusuf Mohammed,,
ba4b76d2c1845c29fe7230,Yuuri,,
267ac0f108f7be9282d3d4,Yuval Dayan,,
ed747b864b87b0728d5a2f,Yuvan Shankar Raja,,
d14e3e1aa3ba2b96de97f5,Yüzyüzeyken Konuşuruz,,
60772dcb56336ee4eab29e,YVA,,
712209d5cfce692caea6fc,Yverthug,,
a45e4530504c064f997f95,Yves Berendse,,
e50f32d25969882c0d8bd3,Yves V,,
12ff0cb9bd45326669d152,Yxng Le,,
308defdcda62c5cd3f389c,Yzomandias,,
3c19e7bf79c0cad4f3592b,Z9,,
3e568035276c2ae7197582,Za3abeez,,
fcb771e05f34cec2cedf65,Zaba,,
da459c87199a791bbf4ee0,Żabson,,
3aa0a8d7c1368f6d265211,Zac Brown Band,,
d1268914786c4cffbb7a10,Zacc P,,
7dd475a520afe74bdb9f4f,Zach Bryan,,
28271dbeffe83bc4050676,Zachi,,
75230883219d5236b96c98,Zach Top,,
c516a175a6b141953a1457,Zack Ink,,
d7e610a2f308bb76a5efaf,Zack Tabudlo,,
d3231d2f524760172d4697,Zādok,,
deef0f38e9f569ed949442,ZAF,,
ff44d24c701b2d80b1cc8e,Zafman,,
c364343e10d47e16085241,ZAH1DE,,
ea649fb0f813325fc2cfc2,Zahara,,
14de9cd45b56a2f6d15cff,Zaho de Sagazan,,
e0861c383a7a05dd1d5280,zaichkou888,,
584004cd099207b951e0df,Zain Bhikha,,
01c2a2be648cda8e31ad73,zain Group,,
6ee6e592273840c16685d9,Zain Zohaib,,
bf5fa9db1a75005d02872f,Zak Abel,,
fe0d728c14557306e3ad74,Zakeus,,
6b59eaa766a72a311b8132,ZAKLOOW,,
1231180c041621c498193d,Zamdane,,
6979c6a650e02068870473,ZANA,,
693000480120aac9478bf6,Zane Dombrovska,,
227ab97180c7b961550f3b,ZANI,,
5cf5fd60bdabd66fa52752,Zanni,,
c2b12b93859dd380c476a1,Zara Larsson,,
dee5fad1a1eae7f8686ec3,Zartmann,,
897b1ce352964cfe8f7fad,Zawadi Yamungu,,
81e46b1302ebd6c7c82380,ZAYN,,
9e791395fbf5f5e963cb47,Zayo,,
eecc0199e3536cdf8250c1,Zazie,,
7f7d8a7d18d5efb42ef202,Zbigniew Wodecki,,
2c7bb1e74e7060012692d0,Zeamsone,,
52a94e2da01413e4633ace,Zeba Tommy,,
402ee293ec0592a787b46b,ZeBrene,,
7f387a78ef54ad61970029,Zeca,,
7f4ab87deade97b4ef0c6d,ZECCA,,
039c82509dd13bb913d4c1,Zed,,
e53e97743cab7cfc833ace,ZEDİ,,
0e00ebc66af26e4c3de7ee,Zeeba,,
603d8b2b83331058296d08,Zee_nhle,,
987eb117903b5f0a1885bd,Zee Nxumalo,,
c976a8a00e21cee7c4a454,Zeequencha,,
8c0bc00c4f5f1fa586d5e5,Zeeshan Ali,,
54eb1d65349b7f58d6106b,Zé Felipe,,
67d15a90f7135d7d1a60ce,Zé Henrique & Gabriel,,
6081fc2f8e1c1aa2208d0a,Zeh McGeba,,
c4105f96eca6db758fd4d0,Zeina,,
89e9cac3f41d2092e25d9c,Zé Neto & Cristiano,,
ebd2630df2832ea84b0055,Zenia Douka,,
9f18b80a8b44f062f433f9,Zen Univrse,,
ffd90e85fedacb29eedc5e,Zeppy Zep,,
dc04d3fb1f13469f2d591a,Zerb,,
3175a87ff7be75e05a1486,Zé Ricardo & Thiago,,
bef6fecc51ae52ee595671,Zero Assoluto,,
f59bdeb7aaa88040b90aa6,Zero Maya,,
9a2164307d37972a56a076,Zerrin Özer,,
fef4ee6f7c96b1b7ef324a,Zerrydl,,
17eb6bb45e79c4d1e815e7,Zé Vaqueiro,,
74e254d78a88bc881a6702,Zexy Cursed,,
f53ff4772989dd7b1ef761,Zeyd,,
6cdcd18b332e8142f78bdf,zeyne,,
3b17d6efb17bdacf2abb70,Zeynep Bastık,,
73e1d9ea1a30e5397968ab,Zeynep Dizdar,,
ffb93143b91906c6f3b393,Zeyysıla,,
505aa764f630ecadff5137,Zhang Bichen,,
6245e2062c00990e820417,Zhang Zhen Yue,,
a4dd6cd78835f7873c1f30,zhanulka,,
9e7ce55f87a4a68bca8bfd,ZHEUS,,
18485df84ddc86726d9174,Zhus Jdo,,
abcddc3dbfbd67fdc75b6a,ZIAD ZAZA,,
100a8735030564d95b091f,Ziak,,
bfc1809fb9c079b32ce3a4,ZICO,,
be03230cadec234e635cfe,ZIEN4L,,
dd925159de2c600c535bb2,Ziferblat,,
d97e5178ba02cc5d789a7d,Zigfrīds Muktupāvels,,
f37814b6055eaacee0da5c,Zilvins Bubelis,,
8e67d70c2b4517f5c9c655,Zinoleesky,,
696b6408d1aff8ef708612,Zion,,
6bba3663e999d55460c9c0,Zion Baruch,,
e92865ef46354921ea6b84,Zion & Lennox,,
f61306414286dd0832bec1,Zion.T,,
532e77b2ffe062a52b0e89,Zippy Kid,,
8a22944106e1f1a92a53f9,Zippy Ogar,,
1b7f082cf1aedd1394c373,Zizan Razak,,
4ab1ad79809ce67ec9b098,ZiZZi,,
9b8d3f8153a873b9a47fbd,Zk,,
3309d8da70e4516d9da54b,Z.K,,
ba79f74aa100ea204f7f87,Zkr,,
04200643dfff476ff06435,Z LaLa,,
54910f1e0e8e215df0c64b,Zlatan,,
4593aa477f892f34dce66c,ZLATA OGNEVICH,,
a204b3f7019c332d0f0c8b,Zodiaks,,
cc27520f266442e87d4978,Zoë Badwi,,
57e7867a475784cb3e4cdf,Zoë Livay,,
611b8e3604c307868eae6e,Zoë Më,,
8855dff0891fc29dbcafdb,zoe mora,,
9f1413910f1a4530342f10,Zoë Tauran,,
cfbefd625584c23180f6b6,Zoey Dollaz,,
65c463ab5ca91574460490,Zokush,,
2869df5c23a6a82889e0da,Zola,,
8ca9559efe916a39fcce0c,Zoli White Smoke,,
9c91ebf6291ec8a09c8c93,ZOLOTOV,,
f87bd039e3ea2a656cb1bb,ZORZA,,
5aacd83d98885f4b46f9e5,Žoržs Siksna,,
91af9069b5c16141ef3c5a,Zothando,,
96abbeb5bf5d1e5d65a240,Zouhair Bahaoui,,
68b1812647e270bbdeb467,ZQS,,
558180433e161ab60f1c36,Zsá Zsá,,
7060580f58bbacf936ae17,Zséda,,
3f45355fada0b57db046cb,Zuloo,,
780bf7e1bbee0835be04da,Zumvido,,
26fbf27b3e31f07ec41617,Zunna,,
eaae1a6a957e9f31753441,Züri West,,
4ed567f9ebaa551ade3051,ZUTOMAYO,,
799a06d6ed57d5d15ada21,ZUTTE,,
d11730bf64d19aa161e244,Zuzana,,
ea1c0cc22c98690a7deefc,Zvonkiy,,
bca91371dec81ce3a668fb,ZWE1HVNDXR,,
de563fe1b6e29433e692e8,Zwide,,
d56809e93b9528fcdaccfe,zxcursed,,
0d9401dc73295ece33929a,Zymba,,
4a3af57fd6d026ba789ff2,Zzzipper,,
0db333cef58f46706113f3,Þormóður,,
953e860a443d8d8585f28a,Þórunn Antonía,,
7a8e34a3e37dc42909c448,Κοινοί Θνητοί,,
1298248c02ce6752e6e919,ΣP,,
76c86b3bc5e50a1b01507b,АДЛИН,,
860fa71152d3e85cfb1023,Айжан Байсакова,,
0e97bfff4e8c93f8fc66c0,АКУЛИЧ,,
42aa61b0b03d2946e3c3d8,Александр Петухов,,
babc4c7c650afb8491a730,АлСми,,
7d4c1fb7426d8025dc1fba,анастимоза,,
be3adc9f0126aa53ec660f,Анна Трінчер,,
cec8c8c7459376b7c1e4ba,Аня Вальцева,,
1ae6ccc14cc93993f46fc4,Аркадий Хоралов,,
de23edc5b607aa53b50de8,Бонд с кнопкой,,
1ec9d140865f618fce74a2,БРЕДИШЬ,,
8369d08abca6551305fcb5,Ваня Дмитриенко,,
41dd7a9e5f2bd5575cf48b,Витя Исаев,,
699b332c1cff39dc316b2c,Віктор Павлік,,
a8ee02d7fe80a7e5bf2e57,Геля Зозуля,,
f68f74dc119cdfd679b2dc,Голям Юс,,
81dbcbe0287fd2f21799c4,Гоня,,
3f071a2f9c697a89362eaf,Госпожа Эвелин,,
7b40e48c70fa33091d6a5f,Государственный Симфонический оркестр кинематографии,,
c223656b79e1989340f90e,Готлиб,,
030bd30de585d85b037f6d,Гриб Крабоид,,
718603e73196c8038025b9,Грязь,,
af77826c23f8cb4dcbf348,Дайте танк (!),,
3cda60e790b272f625a986,две тысячи ярдов,,
9a5cf2e7371ad7ae9e630f,Диана Астер,,
ff56734694eabe7e16b391,Доминик Джокер,,
b66c72d58610894113aba7,Дора,,
12d8e436da27ea4942e0fe,Дурнєв,,
666b6af84d92e80edbeb45,Ева Бушмина,,
95fc39a36543edaccac0d6,Егорик,,
979c211412dc075db88729,Женя Трофимов,,
be743ff45cef19cf028560,Жугунусов Мирас,,
f603bd0fa51ca9e6e910ba,Игорь Цыба,,
2a7598a600b096d14f791b,Ицык Цыпер,,
ad076b6268e492192779e2,Кажанна,,
074ae1bb0986da7caed2e5,Какая Разница,,
518c84e6eb1693ba89c648,Камелия,,
3a81f5504df0f74bc3fdfe,Катя Самбука,,
a4d5a6c65adad51fd63f72,кис-кис,,
2b8641d4a3389fc18c9c0a,Кишлак,,
837c8862c264c9da6dbf01,Комната культуры,,
74cc8fc62e9f1818322ae8,Кот Балу,,
f6caa0b7a4c0d73c1e6558,Круэлла,,
e88f0b63e222e9286c8078,Куцевалов,,
ca0a9df394b90a519275ac,Қанат Ерлан,,
56fa31fe5521c242bfae27,лампабикт,,
5477b446a1f02c1f5046eb,Ласковый Май,,
07ec639d2b7546336ad0a8,Леви На Джипі,,
0e66c6a695be90d06b1dcc,ЛИТВИН,,
0032939413bb61eb0b7a83,Лъчо,,
bed2b7107316300b99d4b7,Макс Аверс,,
04e765c0f0938532964966,Максим Бородін,,
87886ce6f5f05f460823b5,Мария Янковская,,
35cac35e0cce57d660f1df,Маша Кондратенко,,
50d18633bb45144b1b5397,МимаГрим,,
a85415704032dfaa6471ea,Минаева,,
c5797e3acbbd0a37eb4d1b,Мираж,,
58c22a7729032949c858c1,Мія Рамарі,,
f296ff16411c859234a1ac,Молодой Платон,,
1abc80a67579ac6b3e30ea,Монеточка,,
b7a99297ad7d208a4c10e0,МОТ,,
a7afb2031c1644334f6792,Мюслі UA,,
478786df5cc44625f73f4e,НАВЕРНОЕ ПОЭТ,,
33f3bbccfdcdc2a7d2845a,Надежда Грицкевич,,
39c228320668cef2ece1c0,неисправность,,
6d8824fcc666c6d4550b53,Нервы,,
f9b222edddf937f9d87615,ния,,
cbdf2c9590584a2d95550f,Обильный,,
57bdfcc8d0aeafad2b4028,Пан Парасоля,,
818fcbd3dd1c4e69b83348,паранойя,,
de5086f985b2928c7496a3,Пиріг і Батіг,,
b9a84cbce12dd7781582b3,Після Дощу,,
f496255c2adbf821ee440c,Платина,,
f1da30cc27cc941a397498,Полка,,
cfdcc25ed5e10cf502c9eb,ПОЛМАТЕРИ,,
c80c845d6fc578ad101222,Раковая Выхухоль,,
d2d84e5925e8d2907e8c20,СЕРЕГА ПИРАТ,,
223cd81d74df015cdaa1c0,Скрябін,,
80553891fa29fc2b47b141,СТРУКТУРА ЩАСТЯ,,
27bf4f65d964c09ca4fc9c,тёмный принц,,
219855a932ceed671d27c4,Тоня Матвієнко,,
0576752f1d1aa8cc24f238,Тося Чайкина,,
8d1be4e4a672ee907a2dae,Три дня дождя,,
871e9fd16c869eb14397e9,тринадцать карат,,
3acfd7c925f1e4a6877be4,фортуна⋆812,,
0fe9e3f8acf112121c604d,фрози,,
00dfcfbc2863b8089406a2,хейтспіч,,
0c72ee42d106e6d6c11ba1,Цинк Уродов,,
9aa97eff32f82cb8de273f,Шайни,,
03fd78ba0f1f2de6954e01,Шугар,,
d4b1fb8f6d53e100417e38,Эва Ли,,
54119506026c0f6c20007a,ЭВСЭ,,
42da1bc67a440fec9c652d,Элли на маковом поле,,
e032c744b1cce2252e407d,Юпи,,
481d459a9690ff40c379f7,ЯКОРЪ,,
cf3ee5e3f57383cf0ab8b0,אביעד,,
b2fd7d4ad862c7fa1277b7,אודיה,,
4287468107748938dcc69d,אופיר חדד,,
1246a04fe585b6132d635d,אורי גבריאל,,
b5fe5192673fd537d6cbac,אסי ישראלוף,,
1288880462923a6dd3e5c4,בנאל בן ציון,,
05a64a3eccdeb636359606,בן צור,,
616b82d410cb601e8e3bf0,גיא שטרית,,
4c8e3771a4910d27a6ff5f,דודא,,
917e67e7fce9736635343f,דיג'יי אונלי,,
96fb3b468f017812b0cd9b,דני קושמרו,,
ee42ed11561d67df15e0dd,ותן חלקנו,,
0536dec8316212d7cf9f55,טליסמאן,,
052ae463277376437ec49b,יאיר אלייצור,,
d5a7b14680f0f97decf149,יגל אושרי,,
5e9df3fd250f4b61d54305,יובל רפאל,,
5eed5985cbe2380b2ebdff,ילד.,,
3ba0a7cbf66cf48bfa1e38,ישראל בידור,,
1a873fdb5fcb484510ec65,ישראל סוסנה ותזמורתו,,
628ace545e4a27277eb77a,כאן - תאגיד השידור הישראלי,,
8ea67853c76dc88e3a75c1,ליאור נרקיס,,
3c2f4aafa6727a979e434c,ליעד מאיר,,
442034601f9808e091b79a,מ',,
5dd2a86a873fdd7497eaf5,מקהלת ילדי ניסים,,
70941591ac2373c1778da9,נדב חנציס,,
043dbfbf9867cd1f589890,נירה רבינוביץ,,
06a9baf446475063ff97ff,ניר כנען,,
f37106331cbcc3163afd6c,סטילה,,
0ec1958388ef9da6259de0,עידו מלכה,,
79d8ea3a1f9a803c04a198,פאר טסי,,
73402bd3d71e564d02f996,פרישמן והחלוצים,,
3ce6fbf5249a0bf942d938,רואי אדם,,
207bda43cc288dd96a0697,רון חיון,,
874dbeb32ab5c088690690,רוני דלומי,,
0c82961fb87a000285fe5e,רותם סלע,,
1cdaffbaf369e20fdffb90,שוקי סלומון,,
68f7b39c0d078bf483b1b8,שחר טבוך,,
ffec3a4dae3f0aa3cba3cc,שחר סאול,,
3fcc108db30aa3c74674ea,שילה בן סעדון,,
0446d07fc3d9788b199391,שירז אברהם,,
77a35ac900bda262690c77,שמואל,,
4cc478e5fe26df532983bd,ששון איפרם שאולוב,,
74532cffb716f497fe0625,תמר ריילי,,
77d8a4cbc83d5ac94a7e28,ابو سراج,,
c90d5eca65de2167ca09cf,احميده البرهومي,,
1662a961123b62db2e6722,اسلام كابونجا,,
2e67f95123fe6feff5eab7,الصافي رايزو,,
ab3969f5f75d875d1734f6,اميمه طالب,,
73b1d21415f26cde71177c,اهملتك FM,,
bff59158ac6a80f7d09a06,حسين قاسم المحمداوي,,
bd049c100076ba34555322,حمادة مجدي,,
6f6a4270ecc033814c48c3,حمو رانجو,,
344758da890f943142ce63,حوده بوده,,
29f6f6cd539305ed06b169,دارك fM .,,
6e918ce9191d079b9c24e5,ريفو شو,,
0025192e147521838b8458,زاد,,
efd4cb63faec461f8b0acb,سجاد حقي,,
512273726903fdb0f4381a,سكول الدوسري - SKOL KSA,,
a60f415f9c84fb84cf505e,عثمان عبود,,
7a93487e95d545a8026104,فهد بن فصلا,,
4d2f12fc2fc63aec8cf7cb,فيلگس fM .,,
29eeeddff67dd88bce9a1b,كريم كرستيانو و اسلام كابونجا,,
e8f336128a5b7c82817d84,كلوشه,,
76bd1b1d4bc461d8dc1472,مارفن,,
dcaca05a42e5a59b211e52,محمد البصيلي,,
81df1751ca5c11e0282348,مصطفى ابو سريع,,
91ca49a64854a02e9cf96d,مصطفي الجن و هادي الصغير - تيم الابداع,,
0158e8223ae090a6a9f1f9,مهدي رسولي,,
27b3de07a060f7433a95d1,موسى العميرة,,
16e4a126e80bcdcfaf9a35,ميدو مزيكا,,
f049f438ac53cfd30aa091,ميسو ميسره,,
b22ab14b64e242da4e21cf,ميوزك عذاب,,
f39ec175e02f8beb5b187d,ميوزك عذاب - 3DAB MUSIC,,
0dd193d0041d48a69c986e,نگس fM .,,
34164f5f25a78d23e50741,نور ريمكس,,
9851a5a3abf987877099ad,هارفيز fM,,
ae83ae338571968f547fc9,จ๊ะ นงผณี,,
debbd48507b1234f9105e7,ตูน BODYSLAM,,
012bd177ca1783077c5671,ปราง ปรางทิพย์,,
2ea493d5f4a033fa7b4301,ปรีชา ปัดภัย,,
04d81f894dc43040efde17,ปั๊บ Potato,,
6e48eb0d7308c1d4ed579a,มนัสวีร์,,
304954d9aced8bc4312637,เมนทอล,,
6d88c2bd34f6de2c4a818b,ยุ้ย ญาติเยอะ,,
b68016cc85bf5b8f5f2f32,เรนิษรา,,
9f0c77781f310c8ca2ab22,เล็ก รัชเมศฐ์,,
cccf7f9a8040d977a6b013,เล็กสเร็น,,
ddc7d3c62bf688fd8a9f5d,สยาโม,,
adf73b405487a9872b95bd,マルシィ,,
934055de4f06f5a7d9ade6,ヨルシカ,,
1c60117765725e0da0e230,丁禹兮,,
d780456c1abed8079a3f64,中島健人,,
6192855475a0560bbe220c,乃紫,,
ee70ab0909218b83f8801d,乔浚丞,,
021962170aa3d8539c4695,于冬然,,
4b63269d02fc61b78f0497,冰球樂團,,
6868586446e36390ade46a,刘伊幸,,
65140bf247148842f329bc,千葉雄喜,,
ddaa46aeaf305958dc69e1,卢卢快闭嘴,,
1d21e838ba86cc45d6c2d1,友成空,,
20757232ece9d4c056b075,告五人,,
15d8fd2fa256042047475b,周星星,,
cf118c88c3e073f6bb847c,單依純,,
7b74aa6612070aec6a6d73,回春丹,,
30321427e163719c9a080c,姚晓棠,,
f5fdc9da70d4e131d6a1f4,姚焯菲,,
f948ac354bde150cdf2ec2,婁峻碩,,
d4b16307a9524eb4cc48e9,安溥,,
872976a4549e467eaa577f,小男孩樂團,,
0f4d7f2256787a4c47d772,小阿七,,
395cdc5073cbaa9bdbc912,张妙格,,
2720b1a1ce575b66c4fa42,张远,,
3da293788e69d1df81b683,张韶涵,,
07894cf56462fabf528e57,張哲瀚,,
8e8defc28a5dc3983f805e,承桓,,
74dd6baee7edf2f2b848b9,攬佬SKAI ISYOURGOD,,
e876ab9670e1480ae0575f,政学Zed-X,,
187a91cc91e2d5a1608e9a,斑恩Ben,,
c52d63123a4410ed3e8f3d,曾瑋中,,
aaed6fc1111c7748db399d,朱咪咪,,
f242cecea687300ececafd,李浩瑋 Howard Lee,,
7f0eb1e268cb36be57c48b,李艺皓,,
1e89eabe2f54b5abf4e403,林明祯,,
6fa87f3bafd7026f74e94c,桃子A1J,,
5be5261a3797695d2ffdae,楊子平 ᏟᎪsᏢᎬᏒ,,
d30ccefb77f506c27b6f2a,汪苏泷,,
a0025d81b8de88678cb2ab,汪苏泷 单依纯,,
8aa417666838a214070397,王ADEN,,
0e94578ade61c093853955,王宇宙Leto,,
194cb82d6d63dfc7abe80b,王希豪,,
e10c4b37ed86452240dcc6,王江伟,,
1c6c75c2fb87e44d977034,王赫野,,
aca2c9b17ca7b953096c96,玖壹壹,,
6e969f34bbecaa0854a97e,理想混蛋,,
ecfd1b11e60e7eea84066c,瘦子E.SO,,
b69ecbb83f78225f5b5bd2,罗森涛,,
1a78bfda74cfab58dc187c,羅言,,
2d0b69a9fd737ed63e696f,艾志恒Asen,,
f113ae1b5cc21a330bdd89,艾薇,,
7194f857eb070627c47466,芒果醬 Mango Jump,,
0f2f03929af5f235c587f0,菲菲公主,,
2b3f8d64708d64e0886ff4,落日飛車 Sunset Rollercoaster,,
f6be09411ba27ee1b9f1ba,蕭秉治,,
815f23a3ab16aca7c5ee2a,薛家燕,,
47c7ff32045d99aeec34ba,詹雯婷,,
ff11cc7a106d41cf32d671,邱軍,,
a0ddbc76c34fbb0d6fe2ca,邹沛沛,,
eff477fb1a691e4ceda3be,郑润泽,,
b9d6e5dca4d1551acdac3b,郭家瑋,,
fb66e739f54be24dcacb9a,陈培永,,
b5d6089f4f969f4b9d29f7,陈村长,,
7925458af4be9550a34054,陳健安,,
4f4fc60f8d46fc7211181f,陳卓賢 Ian,,
d1d8c443eb697fe8815dec,陳華,,
618c39781f41ae443e617e,隊長,,
16d0bc6529c8cc57f34b1c,音田 雅則,,
f272167c9fd92e08982b89,頑童Mj116,,
da9441e38116a1a786a2ad,颜人中,,
70f377f7970de3fae8ef3d,馬天佑,,
66f49422bed799c0bea1d4,高爾宣 OSN,,
